unit,baseline,oracle,part_choice,nested_choice,regret_part,regret_nested,regret_series,regret_global
NYISO-2026,chronos,series_x_hour_block,series_x_hour_block,global,0.0,0.008777174957523502,0.00482446339976248,0.008777174957523502
NYISO-2026,dlinear,series_x_hour_block,series_x_hour_block,global,0.0,0.0032261923122335998,0.0025887410985238504,0.0032261923122335998
NYISO-2026,iso,series,series_x_hour_block,series,0.0002653568999183107,0.0,0.0,0.01488177952933533
NYISO-2026,lag48,series_x_hour,series,series,0.0007677236186851801,0.0007677236186851801,0.0007677236186851801,0.004235886889634933
NYISO-2026,lgbm,series_x_hour_block,series_x_hour_block,global,0.0,0.0025891285994580028,0.0017607962495254958,0.0025891285994580028
NYISO-2026,nhits,series_x_hour_block,global,global,0.006929191147737286,0.006929191147737286,0.0036359231113232264,0.006929191147737286
NYISO-2026,patchtst,series_x_hour,series_x_hour,global,0.0,0.005816409967010447,0.004906937567915325,0.005816409967010447
NYISO-2026,snaive168,series_x_hour_block,series_x_hour_block,global,0.0,0.001902309891881618,0.0005320644076917315,0.001902309891881618
NYISO-2026,tide,series_x_hour,series_x_hour,global,0.0,0.00504697045769512,0.004885337858928187,0.00504697045769512
OPSD-2019,lag48,series_x_hour,series_x_hour,series_x_hour,0.0,0.0,0.0025959852947583678,0.0036895270852095683
OPSD-2019,snaive168,instance,series_x_hour_block,series,0.001764435650551983,0.002779395618987522,0.002779395618987522,0.009859804459567748
OPSD-2019,tso,series_x_hour,series_x_hour,series_x_hour,0.0,0.0,0.00031582983391380926,0.0029321752468317933
OPSD-2020,lag48,instance,series_x_hour,series_x_hour,0.002776209609665291,0.002776209609665291,0.005807583977393515,0.00750279838574782
OPSD-2020,snaive168,series_x_hour,series_x_hour,global,0.0,0.0018549727991321722,0.0008330504820465698,0.0018549727991321722
OPSD-2020,tso,instance,series_x_hour,series_x_hour,0.003211379820173997,0.003211379820173997,0.005282612411410595,0.006088378133133492
UCI-2014,lag48,instance,global,global,0.060564884361852006,0.060564884361852006,0.06351859091865432,0.060564884361852006
UCI-2014,snaive168,instance,global,series,0.045468069415471,0.04915241000207091,0.04915241000207091,0.045468069415471
