seed,n_val,between,within,snr,phi,mis,drift,oracle_rung,lam,base_te,risk_rung0_none,pen_rung0_none,risk_rung1_global,pen_rung1_global,risk_rung2_series,pen_rung2_series,risk_rung3_cell,pen_rung3_cell,risk_rung4_shrunk,pen_rung4_shrunk,risk_rung5_instance,pen_rung5_instance,sel_val_argmin,regret_val_argmin,correct_val_argmin,sel_nested,regret_nested,correct_nested,sel_mallows1,regret_mallows1,correct_mallows1,sel_mallows2,regret_mallows2,correct_mallows2,sel_srm_sqrt,regret_srm_sqrt,correct_srm_sqrt,regret_fixed_rung0_none,regret_fixed_rung1_global,regret_fixed_rung2_series,regret_fixed_rung3_cell,regret_fixed_rung4_shrunk,regret_fixed_rung5_instance
0,3000,0.0,0.0,0.3,0.0,0,0.0,rung1_global,0.37573381146891993,1.289757572374924,1.289757572374924,0.0,1.0415968867292367,0.0005258037801548654,1.0425190825456858,0.006290655082970402,1.0493027027643171,0.018780137851931885,1.0475483612394743,0.01600839993238187,1.0962983256854113,0.061551759199746606,rung5_instance,0.042412186699124325,0,rung1_global,0.0,1,rung5_instance,0.042412186699124325,0,rung5_instance,0.042412186699124325,0,rung5_instance,0.042412186699124325,0,0.19240878360475996,0.0,0.0007150148494581343,0.00597462360379183,0.004614413311238566,0.042412186699124325
1,3000,0.0,0.0,0.3,0.0,0,0.0,rung1_global,0.3827192460527274,1.2742078234681802,1.2742078234681802,0.0,1.0459530053232156,0.0005300138006133596,1.0514555514821893,0.006268498715959851,1.0695649062398873,0.018940110819093553,1.0605445357687993,0.016411999824962508,1.0865109198784428,0.06277662478618552,rung5_instance,0.031829905458306974,0,rung1_global,0.0,1,rung5_instance,0.031829905458306974,0,rung5_instance,0.031829905458306974,0,rung5_instance,0.031829905458306974,0,0.17913468583460213,0.0,0.004318405567465998,0.018530651344145825,0.011451452562791523,0.031829905458306974
2,3000,0.0,0.0,0.3,0.0,0,0.0,rung1_global,0.36037723334843713,1.2906770523227704,1.2906770523227704,0.0,1.0432284090127746,0.0005244571911456788,1.0485455525471419,0.006331829331964241,1.0568653861783717,0.018709231708980926,1.0520798563497389,0.015877244996192908,1.089877226336168,0.06331611702172543,rung5_instance,0.03614290440776162,0,rung1_global,0.0,1,rung5_instance,0.03614290440776162,0,rung5_instance,0.03614290440776162,0,rung5_instance,0.03614290440776162,0,0.1917200300917059,0.0,0.004119654505980628,0.01056575472621541,0.006857987690286095,0.03614290440776162
3,3000,0.0,0.0,0.3,0.0,0,0.0,rung1_global,0.41443370242883304,1.3034706527136015,1.3034706527136015,0.0,1.0528283795926445,0.0005276714951983501,1.0554107241774324,0.006336473222010599,1.0653315485099255,0.019298040822507703,1.064486954734704,0.01730309153273643,1.0995887116630918,0.06221658049303262,rung5_instance,0.035873712977810675,0,rung1_global,0.0,1,rung5_instance,0.035873712977810675,0,rung5_instance,0.035873712977810675,0,rung5_instance,0.035873712977810675,0,0.1922883899220615,0.0,0.001981129823990975,0.009592213596256683,0.008944255950671642,0.035873712977810675
4,3000,0.0,0.0,0.3,0.0,0,0.0,rung1_global,0.37231597376569925,1.305588415733055,1.305588415733055,0.0,1.0517454147604341,0.0005122012149523773,1.0548904403782946,0.006144721081013913,1.062840529859625,0.01839647590930554,1.059063335134072,0.015698591307679557,1.0933706880467415,0.060962807124364055,rung5_instance,0.03188238558545715,0,rung1_global,0.0,1,rung5_instance,0.03188238558545715,0,rung5_instance,0.03188238558545715,0,rung5_instance,0.03188238558545715,0,0.1944280432590193,0.0,0.002408895161722617,0.008498172138699082,0.005605074528429342,0.03188238558545715
0,3000,0.3,0.0,0.3,0.0,0,0.0,rung3_cell,0.37215823033895723,1.2907480028973104,1.2907480028973104,0.0,1.0618470176931352,0.00054487889247203,1.0574798863959556,0.006374731058879302,1.0539115298590782,0.018926436836343537,1.0540082463729235,0.016323965082354473,1.1053784249006935,0.06399516420630401,rung5_instance,0.03987369720974877,0,rung3_cell,0.0,1,rung5_instance,0.03987369720974877,0,rung5_instance,0.03987369720974877,0,rung5_instance,0.03987369720974877,0,0.18348777027476407,0.006147976069879138,0.0027645648328469756,0.0,7.493059344515245e-05,0.03987369720974877
1,3000,0.3,0.0,0.3,0.0,0,0.0,rung4_shrunk,0.38421384921108326,1.2882368994246816,1.2882368994246816,0.0,1.066882542932544,0.0005504493550247664,1.068365661988679,0.006461540198081511,1.069049933943997,0.018908576297915376,1.0647041641147956,0.01671724563856093,1.1101492807573574,0.06467440393180277,rung5_instance,0.03527698722405583,0,rung3_cell,0.0033734244308186727,0,rung5_instance,0.03527698722405583,0,rung5_instance,0.03527698722405583,0,rung5_instance,0.03527698722405583,0,0.17351834542987726,0.001690976883771257,0.0028422550817466647,0.0033734244308186727,0.0,0.03527698722405583
2,3000,0.3,0.0,0.3,0.0,0,0.0,rung4_shrunk,0.34701521053771617,1.3218451071271589,1.3218451071271589,0.0,1.0652917253982406,0.0005648551905898854,1.0673908729737518,0.00674481174159038,1.0587843426489907,0.019785885961956556,1.0544577190635622,0.01657129837926561,1.1047210123967752,0.06755390752428246,rung5_instance,0.03802510071883768,0,rung2_series,0.009784167479575518,0,rung5_instance,0.03802510071883768,0,rung5_instance,0.03802510071883768,0,rung5_instance,0.03802510071883768,0,0.20228344956749497,0.008196123945432994,0.009784167479575518,0.003273169876031659,0.0,0.03802510071883768
3,3000,0.3,0.0,0.3,0.0,0,0.0,rung3_cell,0.41383858846401406,1.3322917040734534,1.3322917040734534,0.0,1.0833746100182537,0.0005270222402960017,1.0771169904141078,0.0062596906672617095,1.0692218890797933,0.018987351980131434,1.0733231933790965,0.01725749853673266,1.1319915215171434,0.06267415862825292,rung5_instance,0.04711403084282016,0,rung1_global,0.010622839499179335,0,rung5_instance,0.04711403084282016,0,rung5_instance,0.04711403084282016,0,rung5_instance,0.04711403084282016,0,0.19745661868893258,0.010622839499179335,0.005925955487207026,0.0,0.003078383124929451,0.04711403084282016
4,3000,0.3,0.0,0.3,0.0,0,0.0,rung4_shrunk,0.36251006929240037,1.3166413106822605,1.3166413106822605,0.0,1.0791020888782004,0.0005259003834001317,1.0811551533852295,0.006250376287971253,1.0694313946121585,0.018514750552475836,1.064946739999273,0.015692125463548475,1.1179922065883383,0.06215380984479662,rung5_instance,0.04028847200729116,0,rung3_cell,0.0034061323889053264,0,rung5_instance,0.04028847200729116,0,rung5_instance,0.04028847200729116,0,rung5_instance,0.04028847200729116,0,0.19116411481314063,0.010751104924387028,0.012310424452319259,0.0034061323889053264,0.0,0.04028847200729116
0,3000,0.8,0.0,0.3,0.0,0,0.0,rung3_cell,0.38896560790090456,1.3727716234492144,1.3727716234492144,0.0,1.1357059484918528,0.0007386781555552834,1.1071728528491906,0.007482952078353803,1.0662354445344657,0.021352832060658408,1.0771052337699252,0.020477450944184208,1.1651236983925721,0.08265412193683694,rung5_instance,0.07203547346764104,0,rung3_cell,0.0,1,rung5_instance,0.07203547346764104,0,rung4_shrunk,0.007918133686467169,0,rung5_instance,0.07203547346764104,0,0.22329728680182687,0.05060601688636022,0.02982098960631626,0.0,0.007918133686467169,0.07203547346764104
1,3000,0.8,0.0,0.3,0.0,0,0.0,rung3_cell,0.378804167944985,1.4097399551732792,1.4097399551732792,0.0,1.1657255818909795,0.0006785250293222477,1.154119557852649,0.007780646364494506,1.0959058876422347,0.021196029305128924,1.098135904706938,0.019393595990536854,1.175429007754641,0.07815303404701866,rung5_instance,0.05640977956294898,0,rung3_cell,0.0,1,rung5_instance,0.05640977956294898,0,rung4_shrunk,0.0015818641278625434,0,rung5_instance,0.05640977956294898,0,0.22261841013966957,0.049526647799496365,0.041293906721441384,0.0,0.0015818641278625434,0.05640977956294898
2,3000,0.8,0.0,0.3,0.0,0,0.0,rung3_cell,0.3912053514056072,1.454652110359351,1.454652110359351,0.0,1.159952749610502,0.0007076166140676118,1.1476253898323978,0.008259459808060195,1.0829241846156716,0.022476428609466588,1.092517104423207,0.02090606584923342,1.1906934117740144,0.08217114905967401,rung5_instance,0.07408591125731083,0,rung3_cell,0.0,1,rung5_instance,0.07408591125731083,0,rung4_shrunk,0.006594648809305683,0,rung5_instance,0.07408591125731083,0,0.25554421094666363,0.05295325559030162,0.04447881713844465,0.0,0.006594648809305683,0.07408591125731083
3,3000,0.8,0.0,0.3,0.0,0,0.0,rung3_cell,0.4293095960342006,1.5096322556582145,1.5096322556582145,0.0,1.2138853636908573,0.0006628993013250825,1.1810739738922458,0.007579659112718801,1.1162997480796504,0.02220615571922529,1.1330764255894747,0.021590362952210715,1.2208065949099505,0.07790325857589721,rung5_instance,0.06922669175794345,0,rung3_cell,0.0,1,rung5_instance,0.06922669175794345,0,rung4_shrunk,0.011113088930727419,0,rung5_instance,0.06922669175794345,0,0.2605485581699281,0.06464197836622049,0.04290728789731192,0.0,0.011113088930727419,0.06922669175794345
4,3000,0.8,0.0,0.3,0.0,0,0.0,rung3_cell,0.39368312121032134,1.4550085713914223,1.4550085713914223,0.0,1.2053657959900757,0.0006623531856078392,1.1958946768944347,0.007786893154938767,1.1039728670568805,0.021801075750126124,1.1147577059095322,0.019911744085810035,1.2219380868351162,0.07676305269657667,rung5_instance,0.08107527481121693,0,rung3_cell,0.0,1,rung5_instance,0.08107527481121693,0,rung4_shrunk,0.007412216714529844,0,rung5_instance,0.08107527481121693,0,0.241260231201832,0.06968545129341286,0.06317612943657755,0.0,0.007412216714529844,0.08107527481121693
0,300,0.3,0.0,0.3,0.0,0,0.0,rung1_global,0.43675071553864414,1.2739073927856188,1.2739073927856188,0.0,1.071923589529159,0.006921600415899632,1.0970603307448783,0.06926615543732911,1.071923589529159,0.1737423524397366,1.0946526698784267,0.06855169548598632,1.170616408916395,0.07041621425517414,rung5_instance,0.07747252268583445,0,rung1_global,0.0,1,rung5_instance,0.07747252268583445,0,rung5_instance,0.07747252268583445,0,rung5_instance,0.07747252268583445,0,0.15855454203369312,0.0,0.019732000424892315,0.0,0.017842019347706756,0.07747252268583445
1,300,0.3,0.0,0.3,0.0,0,0.0,rung1_global,0.417987480607053,1.3309099336536354,1.3309099336536354,0.0,1.0920425668151754,0.005826917107001524,1.0940094887238798,0.06941162088716113,1.0920425668151754,0.17092676584992242,1.1274965573177678,0.06995740663555826,1.1995735137252022,0.06901536279397821,rung5_instance,0.0807950592230017,0,rung1_global,0.0,1,rung5_instance,0.0807950592230017,0,rung5_instance,0.0807950592230017,0,rung5_instance,0.0807950592230017,0,0.17947673302183376,0.0,0.001477877547509751,0.0,0.026638910422182725,0.0807950592230017
2,300,0.3,0.0,0.3,0.0,0,0.0,rung1_global,0.36230361899577396,1.3183012735784942,1.3183012735784942,0.0,1.0686902675163628,0.006248476959156324,1.0807165554228593,0.07657918770057959,1.0686902675163628,0.2063558826331726,1.0919378318757584,0.09371608899600437,1.1597521355628193,0.07465945405844301,rung5_instance,0.06907515745567892,0,rung4_shrunk,0.017634485246525458,0,rung5_instance,0.06907515745567892,0,rung5_instance,0.06907515745567892,0,rung5_instance,0.06907515745567892,0,0.18934291505656287,0.0,0.009122564126674526,0.0,0.017634485246525458,0.06907515745567892
3,300,0.3,0.0,0.3,0.0,0,0.0,rung1_global,0.4689228063297574,1.3180552166535813,1.3180552166535813,0.0,1.0957300741718168,0.005817288610598893,1.1058110496770304,0.06715978894794691,1.0957300741718168,0.18323119523777437,1.125236002164891,0.06703627951320906,1.1653704031067573,0.06984084789102274,rung5_instance,0.052835668836204615,0,rung1_global,0.0,1,rung5_instance,0.052835668836204615,0,rung5_instance,0.052835668836204615,0,rung5_instance,0.052835668836204615,0,0.16867665305117277,0.0,0.007648371159144787,0.0,0.022385957447205486,0.052835668836204615
4,300,0.3,0.0,0.3,0.0,0,0.0,rung1_global,0.444350821178035,1.2992332468975196,1.2992332468975196,0.0,1.0776922733603638,0.004750776595310851,1.080641479746101,0.05527527328869534,1.0776922733603638,0.14224239883172118,1.1143490606436819,0.05513875743531115,1.1931674962945722,0.05683523822191483,rung5_instance,0.0888795165994677,0,rung1_global,0.0,1,rung5_instance,0.0888795165994677,0,rung5_instance,0.0888795165994677,0,rung5_instance,0.0888795165994677,0,0.1705167059619053,0.0,0.0022699591415011595,0.0,0.02821416968111925,0.0888795165994677
0,3000,0.3,0.0,0.3,0.0,0,0.0,rung3_cell,0.37215823033895723,1.2907480028973104,1.2907480028973104,0.0,1.0618470176931352,0.00054487889247203,1.0574798863959556,0.006374731058879302,1.0539115298590782,0.018926436836343537,1.0540082463729235,0.016323965082354473,1.1053784249006935,0.06399516420630401,rung5_instance,0.03987369720974877,0,rung3_cell,0.0,1,rung5_instance,0.03987369720974877,0,rung5_instance,0.03987369720974877,0,rung5_instance,0.03987369720974877,0,0.18348777027476407,0.006147976069879138,0.0027645648328469756,0.0,7.493059344515245e-05,0.03987369720974877
1,3000,0.3,0.0,0.3,0.0,0,0.0,rung4_shrunk,0.38421384921108326,1.2882368994246816,1.2882368994246816,0.0,1.066882542932544,0.0005504493550247664,1.068365661988679,0.006461540198081511,1.069049933943997,0.018908576297915376,1.0647041641147956,0.01671724563856093,1.1101492807573574,0.06467440393180277,rung5_instance,0.03527698722405583,0,rung3_cell,0.0033734244308186727,0,rung5_instance,0.03527698722405583,0,rung5_instance,0.03527698722405583,0,rung5_instance,0.03527698722405583,0,0.17351834542987726,0.001690976883771257,0.0028422550817466647,0.0033734244308186727,0.0,0.03527698722405583
2,3000,0.3,0.0,0.3,0.0,0,0.0,rung4_shrunk,0.34701521053771617,1.3218451071271589,1.3218451071271589,0.0,1.0652917253982406,0.0005648551905898854,1.0673908729737518,0.00674481174159038,1.0587843426489907,0.019785885961956556,1.0544577190635622,0.01657129837926561,1.1047210123967752,0.06755390752428246,rung5_instance,0.03802510071883768,0,rung2_series,0.009784167479575518,0,rung5_instance,0.03802510071883768,0,rung5_instance,0.03802510071883768,0,rung5_instance,0.03802510071883768,0,0.20228344956749497,0.008196123945432994,0.009784167479575518,0.003273169876031659,0.0,0.03802510071883768
3,3000,0.3,0.0,0.3,0.0,0,0.0,rung3_cell,0.41383858846401406,1.3322917040734534,1.3322917040734534,0.0,1.0833746100182537,0.0005270222402960017,1.0771169904141078,0.0062596906672617095,1.0692218890797933,0.018987351980131434,1.0733231933790965,0.01725749853673266,1.1319915215171434,0.06267415862825292,rung5_instance,0.04711403084282016,0,rung1_global,0.010622839499179335,0,rung5_instance,0.04711403084282016,0,rung5_instance,0.04711403084282016,0,rung5_instance,0.04711403084282016,0,0.19745661868893258,0.010622839499179335,0.005925955487207026,0.0,0.003078383124929451,0.04711403084282016
4,3000,0.3,0.0,0.3,0.0,0,0.0,rung4_shrunk,0.36251006929240037,1.3166413106822605,1.3166413106822605,0.0,1.0791020888782004,0.0005259003834001317,1.0811551533852295,0.006250376287971253,1.0694313946121585,0.018514750552475836,1.064946739999273,0.015692125463548475,1.1179922065883383,0.06215380984479662,rung5_instance,0.04028847200729116,0,rung3_cell,0.0034061323889053264,0,rung5_instance,0.04028847200729116,0,rung5_instance,0.04028847200729116,0,rung5_instance,0.04028847200729116,0,0.19116411481314063,0.010751104924387028,0.012310424452319259,0.0034061323889053264,0.0,0.04028847200729116
