baseline,h,seed,rule,mean_skill,degraded_series,n_series,worst_series_skill,withheld,withheld_helpful,coverage
persistence,1,0,always,0.14206027121000342,0,20,0.0,0,0,0.95
persistence,1,0,never,0.0,0,20,0.0,0,0,0.0
persistence,1,0,block_lcb,0.13533827209844626,0,20,0.0,4,3,0.8
persistence,1,0,crc_quantile,0.010177318345935594,0,20,0.0,18,18,0.05
persistence,1,0,clip90,0.14136799670542266,0,20,0.0,0,0,0.95
persistence,1,0,unc_selective,0.14178725757422847,0,20,0.0,0,0,0.9370853080568721
persistence,1,1,always,0.14364618308147226,0,20,0.0009282227912104091,0,0,1.0
persistence,1,1,never,0.0,0,20,0.0,0,0,0.0
persistence,1,1,block_lcb,0.13663518934230096,0,20,0.0,4,4,0.8
persistence,1,1,crc_quantile,0.020365922653672475,0,20,0.0,18,18,0.1
persistence,1,1,clip90,0.14280764626478024,0,20,0.0005533624006885951,0,0,1.0
persistence,1,1,unc_selective,0.13936821395315838,0,20,0.0009282227912104091,0,0,0.9849526066350711
persistence,1,2,always,0.14090952468929832,1,20,-0.00045035526853509644,0,0,0.95
persistence,1,2,never,0.0,0,20,0.0,0,0,0.0
persistence,1,2,block_lcb,0.1347798868965661,0,20,0.0,4,2,0.8
persistence,1,2,crc_quantile,0.015693585888221524,0,20,0.0,18,17,0.05
persistence,1,2,clip90,0.14165183048508406,0,20,0.0,0,0,0.95
persistence,1,2,unc_selective,0.1406273988006813,1,20,-0.0004099429138881838,0,0,0.9421800947867298
persistence,1,3,always,0.14631256795609482,0,20,0.0023731416958368,0,0,1.0
persistence,1,3,never,0.0,0,20,0.0,0,0,0.0
persistence,1,3,block_lcb,0.14078477046243348,0,20,0.0,4,4,0.8
persistence,1,3,crc_quantile,0.02784968105194916,0,20,0.0,18,18,0.1
persistence,1,3,clip90,0.14642541245700405,0,20,0.005622853946044226,0,0,1.0
persistence,1,3,unc_selective,0.14484219044144236,0,20,0.0001301995326943306,0,0,0.9651658767772512
persistence,1,4,always,0.14681213989773959,0,20,0.000908926469885385,0,0,1.0
persistence,1,4,never,0.0,0,20,0.0,0,0,0.0
persistence,1,4,block_lcb,0.14006851387811423,0,20,0.0,4,4,0.8
persistence,1,4,crc_quantile,0.011843809566251112,0,20,0.0,19,19,0.05
persistence,1,4,clip90,0.14581534319143458,0,20,0.004558828274634941,0,0,1.0
persistence,1,4,unc_selective,0.14702575306858662,0,20,0.000908926469885385,0,0,0.995260663507109
persistence,3,0,always,0.1227732155739647,0,20,0.006150353206785142,0,0,1.0
persistence,3,0,never,0.0,0,20,0.0,0,0,0.0
persistence,3,0,block_lcb,0.10257117468304008,0,20,0.0,5,5,0.75
persistence,3,0,crc_quantile,0.019861084240396,0,20,0.0,18,18,0.1
persistence,3,0,clip90,0.12772408997908252,0,20,0.012339353580018253,0,0,1.0
persistence,3,0,unc_selective,0.12331561603060463,0,20,0.006150353206785142,0,0,0.9922619047619048
persistence,3,1,always,0.11163418114193406,2,20,-0.020947240164136627,0,0,1.0
persistence,3,1,never,0.0,0,20,0.0,0,0,0.0
persistence,3,1,block_lcb,0.09576120675704022,2,20,-0.020947240164136627,4,4,0.8
persistence,3,1,crc_quantile,0.014024650086549179,0,20,0.0,19,17,0.05
persistence,3,1,clip90,0.12150942289095738,0,20,0.0005787205812984864,0,0,1.0
persistence,3,1,unc_selective,0.11138986128495117,2,20,-0.021206724307839764,0,0,0.991904761904762
persistence,3,2,always,0.11560757426885977,0,20,0.0010364732897542028,0,0,1.0
persistence,3,2,never,0.0,0,20,0.0,0,0,0.0
persistence,3,2,block_lcb,0.11088778190397916,0,20,0.0,4,4,0.8
persistence,3,2,crc_quantile,0.013108590468933645,0,20,0.0,19,19,0.05
persistence,3,2,clip90,0.12098057181930792,0,20,0.010563192934309296,0,0,1.0
persistence,3,2,unc_selective,0.11497418102344872,0,20,0.0001258139778275158,0,0,0.9842857142857143
persistence,3,3,always,0.11344550151670685,1,20,-0.017788817714598837,0,0,1.0
persistence,3,3,never,0.0,0,20,0.0,0,0,0.0
persistence,3,3,block_lcb,0.11187514610468807,0,20,0.0,3,2,0.85
persistence,3,3,crc_quantile,0.006073460377872697,0,20,0.0,19,18,0.05
persistence,3,3,clip90,0.12417380066496811,0,20,0.006702488941414786,0,0,1.0
persistence,3,3,unc_selective,0.1131554295863921,2,20,-0.017788817714598837,0,0,0.9914285714285714
persistence,3,4,always,0.1203416565026055,1,20,-0.01653046899954913,0,0,1.0
persistence,3,4,never,0.0,0,20,0.0,0,0,0.0
persistence,3,4,block_lcb,0.11299924821211219,1,20,-0.01653046899954913,4,4,0.8
persistence,3,4,crc_quantile,0.0,0,20,0.0,20,19,0.0
persistence,3,4,clip90,0.12698616116215922,1,20,-0.004223710419027027,0,0,1.0
persistence,3,4,unc_selective,0.11546624747603955,1,20,-0.026137485860483478,0,0,0.9854761904761905
persistence,7,0,always,0.07211549002190253,3,20,-0.018807261726504043,0,0,1.0
persistence,7,0,never,0.0,0,20,0.0,0,0,0.0
persistence,7,0,block_lcb,0.036323888965014914,1,20,-0.018807261726504043,9,7,0.55
persistence,7,0,crc_quantile,0.0,0,20,0.0,20,17,0.0
persistence,7,0,clip90,0.07607014771001253,1,20,-0.005869088485646712,0,0,1.0
persistence,7,0,unc_selective,0.06898765399113063,3,20,-0.019659487958272992,0,0,0.9885817307692307
persistence,7,1,always,0.0681200469228155,4,20,-0.0537438449140033,0,0,1.0
persistence,7,1,never,0.0,0,20,0.0,0,0,0.0
persistence,7,1,block_lcb,0.03319671550794737,2,20,-0.0537438449140033,9,7,0.55
persistence,7,1,crc_quantile,0.0,0,20,0.0,20,16,0.0
persistence,7,1,clip90,0.07435907173938934,3,20,-0.02011946065558412,0,0,1.0
persistence,7,1,unc_selective,0.06228795506712477,4,20,-0.0537438449140033,0,0,0.9787259615384616
persistence,7,2,always,0.0679271825533048,4,20,-0.029870388826502614,0,0,1.0
persistence,7,2,never,0.0,0,20,0.0,0,0,0.0
persistence,7,2,block_lcb,0.032663405389177176,2,20,-0.01221127700424618,9,7,0.55
persistence,7,2,crc_quantile,0.005209824290062342,0,20,0.0,19,15,0.05
persistence,7,2,clip90,0.07311539088632169,2,20,-0.020625342294853022,0,0,1.0
persistence,7,2,unc_selective,0.0684350245240221,3,20,-0.029870388826502614,0,0,0.9730769230769231
persistence,7,3,always,0.0637413230306204,6,20,-0.08699325202182728,0,0,1.0
persistence,7,3,never,0.0,0,20,0.0,0,0,0.0
persistence,7,3,block_lcb,0.03551863655872144,3,20,-0.08699325202182728,8,5,0.6
persistence,7,3,crc_quantile,0.0,0,20,0.0,20,14,0.0
persistence,7,3,clip90,0.06998802621115695,3,20,-0.03586104825230474,0,0,1.0
persistence,7,3,unc_selective,0.06280836738796552,5,20,-0.08636263595732019,0,0,0.9799278846153846
persistence,7,4,always,0.07020680243757405,3,20,-0.06992311314704946,0,0,1.0
persistence,7,4,never,0.0,0,20,0.0,0,0,0.0
persistence,7,4,block_lcb,0.03381158744111433,2,20,-0.06992311314704946,8,7,0.6
persistence,7,4,crc_quantile,0.0048726572080245775,0,20,0.0,19,16,0.05
persistence,7,4,clip90,0.07514220802253961,2,20,-0.03412411826794659,0,0,1.0
persistence,7,4,unc_selective,0.07026955852767287,4,20,-0.06992311314704946,0,0,0.9742788461538462
roll7,1,0,always,0.2014422886543817,0,20,0.004473696505800984,0,0,1.0
roll7,1,0,never,0.0,0,20,0.0,0,0,0.0
roll7,1,0,block_lcb,0.2014422886543817,0,20,0.004473696505800984,0,0,1.0
roll7,1,0,crc_quantile,0.06017620580820147,0,20,0.0,15,15,0.25
roll7,1,0,clip90,0.19229221519802914,0,20,0.011810616957630304,0,0,1.0
roll7,1,0,unc_selective,0.20052883706457356,0,20,0.004473696505800984,0,0,0.9979857819905213
roll7,1,1,always,0.20832467286891135,1,20,-0.015556141818923175,0,0,1.0
roll7,1,1,never,0.0,0,20,0.0,0,0,0.0
roll7,1,1,block_lcb,0.20832467286891135,1,20,-0.015556141818923175,0,0,1.0
roll7,1,1,crc_quantile,0.06186872639947283,0,20,0.0,15,14,0.25
roll7,1,1,clip90,0.1981560943138253,0,20,0.003672304135244664,0,0,1.0
roll7,1,1,unc_selective,0.2073480453053941,1,20,-0.024411298460855102,0,0,0.9977488151658768
roll7,1,2,always,0.21047861964884085,1,20,-0.0013000547499968373,0,0,1.0
roll7,1,2,never,0.0,0,20,0.0,0,0,0.0
roll7,1,2,block_lcb,0.21047861964884085,1,20,-0.0013000547499968373,0,0,1.0
roll7,1,2,crc_quantile,0.061521459748759055,0,20,0.0,15,14,0.25
roll7,1,2,clip90,0.19969451635512736,0,20,0.0030207149697498714,0,0,1.0
roll7,1,2,unc_selective,0.20860988395497543,1,20,-0.008093736965737452,0,0,0.9917061611374408
roll7,1,3,always,0.20539670546946426,0,20,0.003774841413406227,0,0,1.0
roll7,1,3,never,0.0,0,20,0.0,0,0,0.0
roll7,1,3,block_lcb,0.205207963398794,0,20,0.0,1,1,0.95
roll7,1,3,crc_quantile,0.06160832291966019,0,20,0.0,15,15,0.25
roll7,1,3,clip90,0.19433914003159078,0,20,0.0035516703591730314,0,0,1.0
roll7,1,3,unc_selective,0.20441115286121675,1,20,-0.0024045715945479884,0,0,0.9983412322274882
roll7,1,4,always,0.20333459239884827,0,20,0.029557502339821795,0,0,1.0
roll7,1,4,never,0.0,0,20,0.0,0,0,0.0
roll7,1,4,block_lcb,0.18014766331238033,0,20,0.0,1,1,0.95
roll7,1,4,crc_quantile,0.0384618830935927,0,20,0.0,17,17,0.15
roll7,1,4,clip90,0.19304089392567256,0,20,0.036450819960467506,0,0,1.0
roll7,1,4,unc_selective,0.20028881444560395,0,20,0.008020459701163829,0,0,0.997867298578199
roll7,3,0,always,0.08883858403973792,2,20,-0.07048491460506456,0,0,1.0
roll7,3,0,never,0.0,0,20,0.0,0,0,0.0
roll7,3,0,block_lcb,0.041054490400116564,1,20,-0.003939432334327364,9,8,0.55
roll7,3,0,crc_quantile,0.0,0,20,0.0,20,18,0.0
roll7,3,0,clip90,0.09618648507603993,2,20,-0.023862664385779775,0,0,1.0
roll7,3,0,unc_selective,0.08295778811116786,2,20,-0.07048491460506456,0,0,0.9664285714285714
roll7,3,1,always,0.08851021790456093,4,20,-0.09966756198949844,0,0,1.0
roll7,3,1,never,0.0,0,20,0.0,0,0,0.0
roll7,3,1,block_lcb,0.04355222740995324,2,20,-0.015052172119265794,9,7,0.55
roll7,3,1,crc_quantile,0.0,0,20,0.0,20,16,0.0
roll7,3,1,clip90,0.09554270687133948,2,20,-0.021463916942742856,0,0,1.0
roll7,3,1,unc_selective,0.08244516072122872,3,20,-0.07049837717689833,0,0,0.9638095238095238
roll7,3,2,always,0.07881726163123633,2,20,-0.1526182232493749,0,0,1.0
roll7,3,2,never,0.0,0,20,0.0,0,0,0.0
roll7,3,2,block_lcb,0.03256218063271512,0,20,0.0,9,7,0.55
roll7,3,2,crc_quantile,0.0,0,20,0.0,20,18,0.0
roll7,3,2,clip90,0.08575745280139684,2,20,-0.08973124150199774,0,0,1.0
roll7,3,2,unc_selective,0.07758547594411196,3,20,-0.1387716680044453,0,0,0.9778571428571429
roll7,3,3,always,0.07893737649328261,4,20,-0.11255015878902719,0,0,1.0
roll7,3,3,never,0.0,0,20,0.0,0,0,0.0
roll7,3,3,block_lcb,0.04344940688544717,2,20,-0.051828726461528474,8,6,0.6
roll7,3,3,crc_quantile,0.0,0,20,0.0,20,16,0.0
roll7,3,3,clip90,0.08898604545219861,2,20,-0.05610019452373671,0,0,1.0
roll7,3,3,unc_selective,0.07175302739540769,4,20,-0.11709997062162203,0,0,0.9572619047619048
roll7,3,4,always,0.07755390375406371,4,20,-0.08971401297282244,0,0,1.0
roll7,3,4,never,0.0,0,20,0.0,0,0,0.0
roll7,3,4,block_lcb,0.039778971797898355,1,20,-0.04170825698481706,9,6,0.55
roll7,3,4,crc_quantile,0.0,0,20,0.0,20,16,0.0
roll7,3,4,clip90,0.08832530128345287,3,20,-0.042035344150527676,0,0,1.0
roll7,3,4,unc_selective,0.07683573999511886,4,20,-0.06356939934871453,0,0,0.964047619047619
roll7,7,0,always,0.08621430874571563,5,20,-0.07786435514190893,0,0,1.0
roll7,7,0,never,0.0,0,20,0.0,0,0,0.0
roll7,7,0,block_lcb,0.045095561979041146,3,20,-0.029844878726790647,10,8,0.5
roll7,7,0,crc_quantile,0.0,0,20,0.0,20,15,0.0
roll7,7,0,clip90,0.0924720359727835,2,20,-0.04546012939985555,0,0,1.0
roll7,7,0,unc_selective,0.08264196445241806,6,20,-0.07786435514190893,0,0,0.9912259615384615
roll7,7,1,always,0.08776160806238735,4,20,-0.07208148286433702,0,0,1.0
roll7,7,1,never,0.0,0,20,0.0,0,0,0.0
roll7,7,1,block_lcb,0.0454617629355074,1,20,-0.0647424754691821,10,7,0.5
roll7,7,1,crc_quantile,0.0,0,20,0.0,20,16,0.0
roll7,7,1,clip90,0.09590295227704586,3,20,-0.052248418447250256,0,0,1.0
roll7,7,1,unc_selective,0.08519038739625132,5,20,-0.07047419063335858,0,0,0.9825721153846154
roll7,7,2,always,0.08206686402359806,4,20,-0.1072912982724401,0,0,1.0
roll7,7,2,never,0.0,0,20,0.0,0,0,0.0
roll7,7,2,block_lcb,0.036352409989652106,2,20,-0.1072912982724401,11,9,0.45
roll7,7,2,crc_quantile,0.0,0,20,0.0,20,16,0.0
roll7,7,2,clip90,0.09294164117078192,3,20,-0.05057812468743372,0,0,1.0
roll7,7,2,unc_selective,0.07959237465895647,5,20,-0.1138923642648868,0,0,0.9740384615384615
roll7,7,3,always,0.07864422330683793,4,20,-0.10095029075122652,0,0,1.0
roll7,7,3,never,0.0,0,20,0.0,0,0,0.0
roll7,7,3,block_lcb,0.04172287276536105,1,20,-0.10095029075122652,11,8,0.45
roll7,7,3,crc_quantile,0.0,0,20,0.0,20,16,0.0
roll7,7,3,clip90,0.09200589044864296,3,20,-0.048645150598698006,0,0,1.0
roll7,7,3,unc_selective,0.07798999981714058,5,20,-0.09790252491138762,0,0,0.9671875
roll7,7,4,always,0.07465452844097567,5,20,-0.09822994081669245,0,0,1.0
roll7,7,4,never,0.0,0,20,0.0,0,0,0.0
roll7,7,4,block_lcb,0.03654887436533487,1,20,-0.089590665171009,10,6,0.5
roll7,7,4,crc_quantile,0.0,0,20,0.0,20,15,0.0
roll7,7,4,clip90,0.08932205654561205,3,20,-0.07108505533737763,0,0,1.0
roll7,7,4,unc_selective,0.07089281587440568,5,20,-0.09872771604154473,0,0,0.9877403846153846
operator_schedule,1,0,always,0.00873947276377987,8,20,-0.5838096351650246,0,0,0.9
operator_schedule,1,0,never,0.0,0,20,0.0,0,0,0.0
operator_schedule,1,0,block_lcb,0.041586366539554595,1,20,-0.14555344251409608,15,6,0.25
operator_schedule,1,0,crc_quantile,0.0,0,20,0.0,18,10,0.0
operator_schedule,1,0,clip90,0.0009881711491542434,8,20,-0.5705481576390625,0,0,0.9
operator_schedule,1,0,unc_selective,0.015765500020733143,8,20,-0.5454844285552043,0,0,0.8774881516587678
operator_schedule,1,1,always,0.020146971959036315,8,20,-0.623577923647765,0,0,0.9
operator_schedule,1,1,never,0.0,0,20,0.0,0,0,0.0
operator_schedule,1,1,block_lcb,0.042385509793402776,1,20,-0.10858162265279736,15,6,0.25
operator_schedule,1,1,crc_quantile,0.011032812551577658,0,20,0.0,17,9,0.05
operator_schedule,1,1,clip90,0.01243237929588124,8,20,-0.6062128859675029,0,0,0.9
operator_schedule,1,1,unc_selective,0.023958649372620665,8,20,-0.6040558199904316,0,0,0.8678909952606635
operator_schedule,1,2,always,0.009387402503547315,8,20,-0.5773973398499508,0,0,0.9
operator_schedule,1,2,never,0.0,0,20,0.0,0,0,0.0
operator_schedule,1,2,block_lcb,0.04187222838123861,1,20,-0.15850374963254454,15,6,0.25
operator_schedule,1,2,crc_quantile,0.0,0,20,0.0,18,10,0.0
operator_schedule,1,2,clip90,0.0017895195681578101,8,20,-0.5578652843310312,0,0,0.9
operator_schedule,1,2,unc_selective,0.01158749470762605,8,20,-0.5367107518135044,0,0,0.8828199052132701
operator_schedule,1,3,always,0.005968254326923045,8,20,-0.5872485720118603,0,0,0.9
operator_schedule,1,3,never,0.0,0,20,0.0,0,0,0.0
operator_schedule,1,3,block_lcb,0.040804523514231854,1,20,-0.158140828833071,15,6,0.25
operator_schedule,1,3,crc_quantile,0.0,0,20,0.0,18,10,0.0
operator_schedule,1,3,clip90,-0.0008867622126339069,8,20,-0.5713637989285547,0,0,0.9
operator_schedule,1,3,unc_selective,0.008582303125542812,8,20,-0.5786481914008157,0,0,0.8808056872037915
operator_schedule,1,4,always,0.02327356185034713,8,20,-0.6191233872080755,0,0,0.9
operator_schedule,1,4,never,0.0,0,20,0.0,0,0,0.0
operator_schedule,1,4,block_lcb,0.04428031949120408,1,20,-0.09865979905266564,15,6,0.25
operator_schedule,1,4,crc_quantile,0.0,0,20,0.0,18,10,0.0
operator_schedule,1,4,clip90,0.01567354631520635,8,20,-0.6022450665142096,0,0,0.9
operator_schedule,1,4,unc_selective,0.025241975315227972,8,20,-0.6093592862230528,0,0,0.8614928909952607
operator_schedule,3,0,always,0.0026705158038138055,5,20,-0.48695301151873926,0,0,0.85
operator_schedule,3,0,never,0.0,0,20,0.0,0,0,0.0
operator_schedule,3,0,block_lcb,0.021651456893712402,0,20,0.0,17,9,0.15
operator_schedule,3,0,crc_quantile,0.0,0,20,0.0,17,12,0.0
operator_schedule,3,0,clip90,-0.0033072447685172867,5,20,-0.4808719234545864,0,0,0.85
operator_schedule,3,0,unc_selective,0.0038726827832002153,5,20,-0.45567869863594224,0,0,0.7904761904761904
operator_schedule,3,1,always,-0.0011362356932192509,7,20,-0.46970703572037964,0,0,0.85
operator_schedule,3,1,never,0.0,0,20,0.0,0,0,0.0
operator_schedule,3,1,block_lcb,0.022844020668481985,0,20,0.0,17,7,0.15
operator_schedule,3,1,crc_quantile,0.0,0,20,0.0,17,10,0.0
operator_schedule,3,1,clip90,-0.005605746512371312,7,20,-0.46284260673820565,0,0,0.85
operator_schedule,3,1,unc_selective,0.00020161223530455464,7,20,-0.4349421484415761,0,0,0.7970238095238096
operator_schedule,3,2,always,-0.00329525216253978,5,20,-0.5050343690962493,0,0,0.85
operator_schedule,3,2,never,0.0,0,20,0.0,0,0,0.0
operator_schedule,3,2,block_lcb,0.02202638601044058,0,20,0.0,17,9,0.15
operator_schedule,3,2,crc_quantile,0.0,0,20,0.0,17,12,0.0
operator_schedule,3,2,clip90,-0.006176346497261226,5,20,-0.4985259642196207,0,0,0.85
operator_schedule,3,2,unc_selective,-0.00067423045985614,5,20,-0.5036096195271829,0,0,0.8057142857142857
operator_schedule,3,3,always,0.0029928583558270104,5,20,-0.5366539394904248,0,0,0.85
operator_schedule,3,3,never,0.0,0,20,0.0,0,0,0.0
operator_schedule,3,3,block_lcb,0.02308561374746685,0,20,0.0,17,9,0.15
operator_schedule,3,3,crc_quantile,0.0,0,20,0.0,17,12,0.0
operator_schedule,3,3,clip90,-0.002158398380921983,5,20,-0.529747256282425,0,0,0.85
operator_schedule,3,3,unc_selective,0.0015929115825497441,5,20,-0.5334632724964212,0,0,0.795
operator_schedule,3,4,always,0.0021172700320713613,6,20,-0.5081354421108217,0,0,0.85
operator_schedule,3,4,never,0.0,0,20,0.0,0,0,0.0
operator_schedule,3,4,block_lcb,0.02260043323208278,0,20,0.0,17,8,0.15
operator_schedule,3,4,crc_quantile,0.0,0,20,0.0,17,11,0.0
operator_schedule,3,4,clip90,-0.004397932961038476,6,20,-0.5039269781791043,0,0,0.85
operator_schedule,3,4,unc_selective,0.005042665133615165,6,20,-0.42367997185357953,0,0,0.7954761904761904
operator_schedule,7,0,always,-0.007819771916491552,7,20,-0.32043267479754034,0,0,0.8
operator_schedule,7,0,never,0.0,0,20,0.0,0,0,0.0
operator_schedule,7,0,block_lcb,0.013314867947411968,0,20,0.0,17,6,0.15
operator_schedule,7,0,crc_quantile,0.0,0,20,0.0,16,9,0.0
operator_schedule,7,0,clip90,-0.009003189175420196,7,20,-0.30820997293163144,0,0,0.8
operator_schedule,7,0,unc_selective,-0.01086636235424141,7,20,-0.31840445981547205,0,0,0.7626201923076923
operator_schedule,7,1,always,-0.00292194037749558,7,20,-0.19781292555188212,0,0,0.75
operator_schedule,7,1,never,0.0,0,20,0.0,0,0,0.0
operator_schedule,7,1,block_lcb,0.006116265625673645,1,20,-0.038810995859723585,17,6,0.15
operator_schedule,7,1,crc_quantile,0.0,0,20,0.0,15,8,0.0
operator_schedule,7,1,clip90,-0.005402700255993431,7,20,-0.19553163171033794,0,0,0.75
operator_schedule,7,1,unc_selective,-0.0038283102428051164,7,20,-0.2065027482703592,0,0,0.7046875
operator_schedule,7,2,always,-0.00030293921816124667,7,20,-0.22232278214558598,0,0,0.75
operator_schedule,7,2,never,0.0,0,20,0.0,0,0,0.0
operator_schedule,7,2,block_lcb,0.007893572051048486,0,20,0.0,18,6,0.1
operator_schedule,7,2,crc_quantile,0.0,0,20,0.0,15,8,0.0
operator_schedule,7,2,clip90,-0.002487196634730382,6,20,-0.22127676321352263,0,0,0.75
operator_schedule,7,2,unc_selective,-0.0007049400388085825,7,20,-0.22241802891228457,0,0,0.7341346153846153
operator_schedule,7,3,always,-0.002434535937077875,6,20,-0.2304645467896831,0,0,0.75
operator_schedule,7,3,never,0.0,0,20,0.0,0,0,0.0
operator_schedule,7,3,block_lcb,0.009568683508688175,0,20,0.0,17,6,0.15
operator_schedule,7,3,crc_quantile,0.0,0,20,0.0,15,9,0.0
operator_schedule,7,3,clip90,-0.0034691178692292214,6,20,-0.22890129682525795,0,0,0.75
operator_schedule,7,3,unc_selective,-0.003079931347915088,6,20,-0.23094287585310758,0,0,0.6680288461538462
operator_schedule,7,4,always,-0.008676006518778905,7,20,-0.21986404277499316,0,0,0.75
operator_schedule,7,4,never,0.0,0,20,0.0,0,0,0.0
operator_schedule,7,4,block_lcb,0.007183570933128336,0,20,0.0,17,5,0.15
operator_schedule,7,4,crc_quantile,0.0,0,20,0.0,15,8,0.0
operator_schedule,7,4,clip90,-0.010450058654261412,6,20,-0.21865510568582258,0,0,0.75
operator_schedule,7,4,unc_selective,-0.009100351986997523,6,20,-0.21986404277499316,0,0,0.7153846153846154
