dataset,h,seed,resid_R2_val,gate_var_between,gate_var_est,n_val_per_cell,resid_acf1,base_mae_over_sd,n_val,n_test,n_series,lam,skill_rung0_none,skill_rung1_global,skill_rung2_series,skill_rung3_cell,skill_rung5_instance,skill_rung4_shrunk,best_rung,fine_minus_coarse,best_coarse_skill
india_daily,1,0,0.20676475372224923,0.11957070252833353,0.31805985045772067,121.66666666666667,0.09383509584259675,0.05556360406715145,7300,8440,20,0.4430283588438213,0.0,0.1359901729114697,0.14206027121000342,0.1388306809628327,0.13079902824436326,0.14308858037448527,rung4_shrunk,-0.011261242965640156,0.14206027121000342
india_daily,1,1,0.20996762894306986,0.11928851398774162,0.2942786056153632,121.66666666666667,0.09383509584259675,0.05556360406715145,7300,8440,20,0.47615108333470635,0.0,0.1399237561520035,0.14364618308147226,0.13949382238708416,0.1307607602390008,0.141987673714041,rung2_series,-0.012885422842471461,0.14364618308147226
india_daily,1,2,0.20872160961574526,0.1259938469979736,0.3250271713187605,121.66666666666667,0.09383509584259675,0.05556360406715145,7300,8440,20,0.4722557057358492,0.0,0.13924092815809885,0.14090952468929832,0.13969384291788184,0.13298281893364888,0.1421362253926821,rung4_shrunk,-0.007926705755649438,0.14090952468929832
india_daily,1,3,0.2155128768593476,0.11237849136230582,0.35238943935221123,121.66666666666667,0.09383509584259675,0.05556360406715145,7300,8440,20,0.45655562595196303,0.0,0.14038469119762564,0.14631256795609482,0.142889963948646,0.13448790378012765,0.1468317869657582,rung4_shrunk,-0.01182466417596717,0.14631256795609482
india_daily,1,4,0.2137443161658763,0.11810825932614741,0.3371302071077862,121.66666666666667,0.09383509584259675,0.05556360406715145,7300,8440,20,0.4598887109237501,0.0,0.14254029068076135,0.14681213989773959,0.14396228473044217,0.13869975029234569,0.14849726613940356,rung4_shrunk,-0.0081123896053939,0.14681213989773959
india_daily,3,0,0.18691595561613283,0.11887338721175829,0.28898172400496275,121.66666666666667,0.6438296167529084,0.09658923388454807,7300,8400,20,0.5592219747835716,0.0,0.09675956852170112,0.12287399965020021,0.12044300636083187,0.0766147095926527,0.10210793472389854,rung2_series,-0.04625929005754752,0.12287399965020021
india_daily,3,1,0.1821590283894463,0.12515253594575362,0.27683528376317534,121.66666666666667,0.6438296167529084,0.09658923388454807,7300,8400,20,0.5136703733662572,0.0,0.09559217661793047,0.1151913407094752,0.11178779151678779,0.09398947981839303,0.11091292698667483,rung2_series,-0.02120186089108217,0.1151913407094752
india_daily,3,2,0.18505853812500073,0.10619561929241957,0.26438860257057006,121.66666666666667,0.6438296167529084,0.09658923388454807,7300,8400,20,0.580672328108412,0.0,0.10449731330392442,0.12126682150685852,0.11886097730131355,0.09030452778513558,0.10670875651367857,rung2_series,-0.030962293721722947,0.12126682150685852
india_daily,3,3,0.18076338898316868,0.14464455571621193,0.26193057751091053,121.66666666666667,0.6438296167529084,0.09658923388454807,7300,8400,20,0.5864792915511057,0.0,0.09186426352659369,0.1170333086833796,0.11661721314674796,0.07892240443484481,0.10078944271179006,rung2_series,-0.03811090424853479,0.1170333086833796
india_daily,3,4,0.18954807599161538,0.14714980098695743,0.2757175625382069,121.66666666666667,0.6438296167529084,0.09658923388454807,7300,8400,20,0.6033544295750223,0.0,0.08781097711589456,0.1203416565026055,0.11834866663592951,0.09032814287692585,0.10964908013007488,rung2_series,-0.030013513625679653,0.1203416565026055
ETTh1,1,0,0.414894949380165,0.21107692820494667,0.20859279074381784,580.6666666666666,0.2946764122331933,0.17800702908504232,12194,24374,7,0.6518963147651781,0.0,0.16348586238965165,0.20740411001109887,0.20962829777563594,0.15854900807217848,0.18785504304679718,rung3_cell,-0.05107928970345746,0.20962829777563594
ETTh1,1,1,0.40292902790651186,0.22320622144746768,0.21774481881030122,580.6666666666666,0.2946764122331933,0.17800702908504232,12194,24374,7,0.65505533725161,0.0,0.16132449533033807,0.20698605300170753,0.20927979558149737,0.15286838442202164,0.181944692001837,rung3_cell,-0.05641141115947573,0.20927979558149737
ETTh1,1,2,0.406991743895063,0.21249687756415492,0.21222778183030105,580.6666666666666,0.2946764122331933,0.17800702908504232,12194,24374,7,0.6262763199446862,0.0,0.16238902142528525,0.20830146993263912,0.21026883649914047,0.15362466671360991,0.18615491721528196,rung3_cell,-0.05664416978553055,0.21026883649914047
ETTh1,1,3,0.41160768499163813,0.24240617322894772,0.2048852587530958,580.6666666666666,0.2946764122331933,0.17800702908504232,12194,24374,7,0.660652676377067,0.0,0.15539296366202146,0.20610488799154972,0.20763049658610333,0.14483813356755812,0.1785778338476311,rung3_cell,-0.06279236301854521,0.20763049658610333
ETTh1,1,4,0.4090477051649407,0.22593307352418063,0.22902643794195254,580.6666666666666,0.2946764122331933,0.17800702908504232,12194,24374,7,0.6175263055151882,0.0,0.15598701925030925,0.20460520385076594,0.20656127745749636,0.14940225114364328,0.1840741599518326,rung3_cell,-0.057159026313853084,0.20656127745749636
ETTh1,24,0,0.09614149846539388,0.17362091956312467,0.5394096808918285,580.6666666666666,0.817741649991924,0.2855802191512901,12194,24213,7,0.5605058888181055,0.0,0.049122304460885724,0.04809169164713055,0.05348904750692488,0.04299509883793148,0.048505600302182,rung3_cell,-0.010493948668993405,0.05348904750692488
ETTh1,24,1,0.10858921853008452,0.14298058874953284,0.4974800692351667,580.6666666666666,0.817741649991924,0.2855802191512901,12194,24213,7,0.4936217441935,0.0,0.05393050778717904,0.051969824015142274,0.05731503887092563,0.049065414795505476,0.05204567772421661,rung3_cell,-0.008249624075420153,0.05731503887092563
ETTh1,24,2,0.10765044975627758,0.09418596244303146,0.5238501213029166,580.6666666666666,0.817741649991924,0.2855802191512901,12194,24213,7,0.5081143311105865,0.0,0.0507902876334866,0.04908183769636475,0.05465033158087697,0.038516713078032616,0.04771686299761457,rung3_cell,-0.016133618502844352,0.05465033158087697
ETTh1,24,3,0.10498564049163972,0.1034906695206197,0.5306083237004702,580.6666666666666,0.817741649991924,0.2855802191512901,12194,24213,7,0.4987109001874403,0.0,0.05257294755189358,0.04985112096283769,0.05524398057088829,0.042839199891741155,0.051810295700226515,rung3_cell,-0.012404780679147139,0.05524398057088829
ETTh1,24,4,0.1025226966984667,0.12843508989580738,0.5588735054999404,580.6666666666666,0.817741649991924,0.2855802191512901,12194,24213,7,0.5538457560714952,0.0,0.05278892926949045,0.050121001833852964,0.05592042175000046,0.041785428602837245,0.04740503969063459,rung3_cell,-0.014134993147163218,0.05592042175000046
ETTh2,1,0,0.14684076804922208,0.06419410107006433,0.5019560310048232,580.6666666666666,-0.17203607868023718,0.06356968062798579,12194,24374,7,0.4702286882658444,0.0,0.14954835032551378,0.149349385187606,0.14331645598814613,0.1423315677711469,0.15281936360813805,rung4_shrunk,-0.007216782554366891,0.14954835032551378
ETTh2,1,1,0.14256355762680584,0.0804578457122029,0.4108701945011862,580.6666666666666,-0.17203607868023718,0.06356968062798579,12194,24374,7,0.46005480717131053,0.0,0.14180932587328296,0.1412827386603215,0.1340370304706792,0.13569847749787464,0.14592206348352393,rung4_shrunk,-0.006110848375408318,0.14180932587328296
ETTh2,1,2,0.14885745489105195,0.10041801469794653,0.5337157286788451,580.6666666666666,-0.17203607868023718,0.06356968062798579,12194,24374,7,0.369229339569069,0.0,0.14526281055081539,0.14400487733086004,0.1393913307234197,0.13808687662612582,0.14860579639015586,rung4_shrunk,-0.00717593392468957,0.14526281055081539
ETTh2,1,3,0.14260831479774427,0.1101845488069845,0.47921394458900485,580.6666666666666,-0.17203607868023718,0.06356968062798579,12194,24374,7,0.49651604764639845,0.0,0.14615752706122695,0.14636880658996268,0.14666832862662016,0.13807885477405477,0.1493904258178637,rung4_shrunk,-0.008589473852565394,0.14666832862662016
ETTh2,1,4,0.14510190134054846,0.08821394520716527,0.4341825685877026,580.6666666666666,-0.17203607868023718,0.06356968062798579,12194,24374,7,0.4479471249909786,0.0,0.14811257341107487,0.14681300748249423,0.14158786164527096,0.14072367466980124,0.15116752566807304,rung4_shrunk,-0.007388898741273631,0.14811257341107487
ETTh2,24,0,0.02630406254392137,0.5114040297039022,1.5399482794582353,580.6666666666666,0.8258356741860314,0.13188504533440282,12194,24213,7,0.6181726041467626,0.0,0.015091722215433898,0.019606353375269676,0.01990924419314493,0.015361423545813633,0.017022312692310266,rung3_cell,-0.004547820647331297,0.01990924419314493
ETTh2,24,1,0.02693108004517142,0.5156490763019538,1.4402225001587619,580.6666666666666,0.8258356741860314,0.13188504533440282,12194,24213,7,0.7192782022370111,0.0,0.013403750421066864,0.01776023959185299,0.017708040099372453,0.00865202659034354,0.010193829681165398,rung2_series,-0.009108213001509451,0.01776023959185299
ETTh2,24,2,0.02745276991057477,0.4807752773347317,1.5898896177067834,580.6666666666666,0.8258356741860314,0.13188504533440282,12194,24213,7,0.6152444914513047,0.0,0.012008293219130202,0.017677566161763365,0.018066212882024084,0.009030487037099522,0.010264548482415647,rung3_cell,-0.009035725844924562,0.018066212882024084
ETTh2,24,3,0.028082124408825626,0.4494753932306465,1.566463654969053,580.6666666666666,0.8258356741860314,0.13188504533440282,12194,24213,7,0.6531794351535634,0.0,0.014863926675186783,0.017754609900687984,0.01872322208390211,0.015168479113773978,0.016132083810078406,rung3_cell,-0.0035547429701281302,0.01872322208390211
ETTh2,24,4,0.025585953063965605,0.8956614214997174,1.6184737233645452,580.6666666666666,0.8258356741860314,0.13188504533440282,12194,24213,7,0.7158826614510972,0.0,0.014280719711263894,0.017562549459714503,0.017837019847350533,0.01296359528436922,0.01435187330522544,rung3_cell,-0.004873424562981312,0.017837019847350533
ETTm1,1,0,0.09412663032909963,0.13298592406085613,0.18319359341198116,2322.6666666666665,-0.06482580980570353,0.09151303054791403,48776,97538,7,0.619196874521387,0.0,0.01023554826803495,0.025898789928325838,0.02786683630869919,0.01235813850012343,0.019638232284570862,rung3_cell,-0.01550869780857576,0.02786683630869919
ETTm1,1,1,0.09450023289877751,0.18008484853715465,0.2663729614746101,2322.6666666666665,-0.06482580980570353,0.09151303054791403,48776,97538,7,0.5831742006113947,0.0,0.0111967549049345,0.025635393067273582,0.026705359142208427,0.012386020149402457,0.02030137472027027,rung3_cell,-0.01431933899280597,0.026705359142208427
ETTm1,1,2,0.10343398757604816,0.1708898998160072,0.2176728541294013,2322.6666666666665,-0.06482580980570353,0.09151303054791403,48776,97538,7,0.5677180570854409,0.0,0.01083605080101673,0.023902529628345635,0.026239487717669565,0.010856359132199242,0.01927710867883186,rung3_cell,-0.015383128585470323,0.026239487717669565
ETTm1,1,3,0.11142634059259415,0.16038517786120995,0.2332940746834568,2322.6666666666665,-0.06482580980570353,0.09151303054791403,48776,97538,7,0.582235087492182,0.0,0.003162538642253846,0.023056504936750315,0.025093162019609077,0.00979350446791129,0.018939941363319033,rung3_cell,-0.015299657551697788,0.025093162019609077
ETTm1,1,4,0.10579312734574597,0.16025740707387018,0.21469900827184163,2322.6666666666665,-0.06482580980570353,0.09151303054791403,48776,97538,7,0.5879040438579767,0.0,0.0040807103128890675,0.02360332282689792,0.02492591617314591,0.006423153505292275,0.016675980569011588,rung3_cell,-0.018502762667853636,0.02492591617314591
ETTm1,24,0,0.6408070438480522,0.18199309786201304,0.04127512638049277,2322.6666666666665,0.9727576156651009,0.5362100257310465,48776,97377,7,0.8576437597942852,0.0,0.1489582444316588,0.3400558395346002,0.3520595353843335,0.21064856371183796,0.24650444808285146,rung3_cell,-0.14141097167249553,0.3520595353843335
ETTm1,24,1,0.6417937232802697,0.17488248365644846,0.03911685055968803,2322.6666666666665,0.9727576156651009,0.5362100257310465,48776,97377,7,0.8581457640962277,0.0,0.14895054980440078,0.34382009228288096,0.35470254295525194,0.2103866688447494,0.24690662328870555,rung3_cell,-0.14431587411050253,0.35470254295525194
ETTm1,24,2,0.6464636464119625,0.17891057668089694,0.045168732420093866,2322.6666666666665,0.9727576156651009,0.5362100257310465,48776,97377,7,0.8393487947863598,0.0,0.13934846199742895,0.337422338314291,0.3498654228458563,0.20281824390303066,0.24514102797665682,rung3_cell,-0.14704717894282565,0.3498654228458563
ETTm1,24,3,0.6443914338514127,0.17910921288856338,0.038462052231753203,2322.6666666666665,0.9727576156651009,0.5362100257310465,48776,97377,7,0.8638505813887198,0.0,0.1387471768949264,0.3379162922025076,0.3508183094655646,0.20021618968015917,0.23662671053748804,rung3_cell,-0.15060211978540541,0.3508183094655646
ETTm1,24,4,0.6445313090946002,0.17433098959868448,0.0409210467264482,2322.6666666666665,0.9727576156651009,0.5362100257310465,48776,97377,7,0.8525666075361502,0.0,0.1419405025578619,0.34517505322068376,0.3558320275985645,0.20635333226085217,0.24669492098165186,rung3_cell,-0.14947869533771235,0.3558320275985645
ETTm2,1,0,0.043785578238269784,0.14428813013475922,0.34244181719358174,2322.6666666666665,-0.13163766680553032,0.033965776052317403,48776,97538,7,0.5100354417414149,0.0,0.07152635413008182,0.07529822317183792,0.0775889607732833,0.07445383824371152,0.0770359207011695,rung3_cell,-0.0031351225295717794,0.0775889607732833
ETTm2,1,1,0.0443764102747074,0.16270037558998446,0.2897081959681602,2322.6666666666665,-0.13163766680553032,0.033965776052317403,48776,97538,7,0.5252296322683104,0.0,0.07372261734280772,0.0750440493489998,0.07834536139024084,0.07460949780365289,0.07786104103550322,rung3_cell,-0.003735863586587951,0.07834536139024084
ETTm2,1,2,0.044235931468014855,0.16261984819224562,0.3138215203253456,2322.6666666666665,-0.13163766680553032,0.033965776052317403,48776,97538,7,0.5624995720162653,0.0,0.07576824717627963,0.0753026310149176,0.07999915668431322,0.07783491903157648,0.08144947387316971,rung4_shrunk,-0.002164237652736739,0.07999915668431322
ETTm2,1,3,0.04426498464467177,0.18608255266503626,0.29448652424730415,2322.6666666666665,-0.13163766680553032,0.033965776052317403,48776,97538,7,0.5810934445425883,0.0,0.07337240114422283,0.07618411496104885,0.07911100089930631,0.07176353528746729,0.07681530810795566,rung3_cell,-0.007347465611839021,0.07911100089930631
ETTm2,1,4,0.04370946413252619,0.14861939905795693,0.26882855782771303,2322.6666666666665,-0.13163766680553032,0.033965776052317403,48776,97538,7,0.593094760155833,0.0,0.072535215827349,0.07363260910018375,0.07787099259092586,0.07392577805011284,0.07715030013989231,rung3_cell,-0.003945214540813022,0.07787099259092586
ETTm2,24,0,0.47804434481544666,0.09351915490303399,0.05402109468172679,2322.6666666666665,0.9236262226252674,0.1445890987597449,48776,97377,7,0.8395695454501209,0.0,0.24056468703497152,0.2625843316908873,0.2530030952522638,0.17660631440351418,0.1969291990250184,rung2_series,-0.08597801728737312,0.2625843316908873
ETTm2,24,1,0.48129768481248725,0.11576840361019437,0.049826071139739726,2322.6666666666665,0.9236262226252674,0.1445890987597449,48776,97377,7,0.8241867646889705,0.0,0.2406917661316359,0.2616378061276607,0.25672432211657564,0.19013226585286,0.2187286682444997,rung2_series,-0.07150554027480069,0.2616378061276607
ETTm2,24,2,0.48150798798994876,0.10855402338315702,0.051568693444702336,2322.6666666666665,0.9236262226252674,0.1445890987597449,48776,97377,7,0.850284373746945,0.0,0.22866093078092412,0.2559138782691204,0.24928652442329152,0.17273779393402947,0.19244398627779521,rung2_series,-0.08317608433509091,0.2559138782691204
ETTm2,24,3,0.4841447103270603,0.10289222693576794,0.0520996976951188,2322.6666666666665,0.9236262226252674,0.1445890987597449,48776,97377,7,0.837003613215489,0.0,0.23800040100507966,0.26047109619812064,0.2534170918931351,0.1808694701642053,0.20191866328743838,rung2_series,-0.07960162603391535,0.26047109619812064
ETTm2,24,4,0.48152513214355486,0.10050000170892769,0.048887485494287765,2322.6666666666665,0.9236262226252674,0.1445890987597449,48776,97377,7,0.8328346200777101,0.0,0.23481730642174603,0.2569308124693809,0.24821461541075843,0.17548707301325203,0.20042255990195573,rung2_series,-0.08144373945612884,0.2569308124693809
nyiso_1h,1,0,0.029637903338752714,0.06706363359339919,0.4401952889725713,2927.6666666666665,-0.30069142100189017,0.22114838659763336,131745,131355,15,0.5154516255417462,-6.1909327738381614e-09,0.06591381026249764,0.06423828973249068,0.06273999726555349,0.058706329069172766,0.06527627219511017,rung1_global,-0.007207481193324872,0.06591381026249764
nyiso_1h,1,1,0.027735924329606365,0.04461501986488414,0.33212092152067835,2927.6666666666665,-0.30069142100189017,0.22114838659763336,131745,131355,15,0.5506681155413319,-6.1909327738381614e-09,0.10875768533211226,0.10876319971355321,0.10531152803929843,0.10346571561579296,0.11170613450840836,rung4_shrunk,-0.005297484097760249,0.10876319971355321
nyiso_1h,1,2,0.017444729106752432,0.03029115684177318,0.2774873012889665,2927.6666666666665,-0.30069142100189017,0.22114838659763336,131745,131355,15,0.5321715236305721,-6.1909327738381614e-09,0.08926308335368525,0.08876927248439667,0.0854133848125856,0.08532661061632557,0.0873980209811665,rung1_global,-0.003936472737359684,0.08926308335368525
nyiso_1h,1,3,0.028458769091011638,0.05024341659744156,0.5390833061512269,2927.6666666666665,-0.30069142100189017,0.22114838659763336,131745,131355,15,0.5752579399532846,-6.1909327738381614e-09,0.06082750420866218,0.05881389803150789,0.05752702307789594,0.0493934171451104,0.05897411612437461,rung1_global,-0.011434087063551784,0.06082750420866218
nyiso_1h,1,4,0.029570553892071416,0.03160646424970573,0.24264945782064995,2927.6666666666665,-0.30069142100189017,0.22114838659763336,131745,131355,15,0.5041620156389119,-6.1909327738381614e-09,0.09208445241953157,0.09212487542772266,0.08676254387753181,0.10328189510818778,0.1047548783374585,rung4_shrunk,0.011157019680465119,0.09212487542772266
nyiso_1h,24,0,0.03046324293560998,0.04206535268876342,0.3513413029343781,2927.6666666666665,0.3954265040787669,0.3689003884792328,131745,131010,15,0.7210662735585457,4.624725343423582e-10,0.10963104620147023,0.11069125973285615,0.10581411520739571,0.13346888868403192,0.1336733626406858,rung4_shrunk,0.02277762895117577,0.11069125973285615
nyiso_1h,24,1,0.0478176895969854,0.01794641888260924,0.22216666383712066,2927.6666666666665,0.3954265040787669,0.3689003884792328,131745,131010,15,0.7039520688864235,4.624725343423582e-10,0.11199972013395891,0.11176219321225483,0.10974678212017978,0.11123746020270797,0.11408552030917016,rung4_shrunk,-0.0007622599312509387,0.11199972013395891
nyiso_1h,24,2,0.03620399617005898,0.030529814886561014,0.22023053485512947,2927.6666666666665,0.3954265040787669,0.3689003884792328,131745,131010,15,0.691337125553748,4.624725343423582e-10,0.11175439167811393,0.11002197787735626,0.10839371125997799,0.12601625292056892,0.126324543646357,rung4_shrunk,0.014261861242454987,0.11175439167811393
nyiso_1h,24,3,0.026904069144990217,0.025987065429021048,0.43091813836014314,2927.6666666666665,0.3954265040787669,0.3689003884792328,131745,131010,15,0.7319906181206212,4.624725343423582e-10,0.07751893159466133,0.07640817308236535,0.06944025755460205,0.08885711548990231,0.0900129923967011,rung4_shrunk,0.01133818389524098,0.07751893159466133
nyiso_1h,24,4,0.030303172596519157,0.024299844384455104,0.23199744024865093,2927.6666666666665,0.3954265040787669,0.3689003884792328,131745,131010,15,0.7256485562166127,4.624725343423582e-10,0.10263025523088463,0.10142191611792392,0.09736230423152555,0.12892860719699975,0.13003479322304834,rung4_shrunk,0.026298351966115116,0.10263025523088463
