window_start,mean_reward,mean_emission,cvar_emission,mean_shortage,mean_gap,std_reward
0,-1.4603791139081954,0.4671296539761126,0.5384372248776257,-0.026954720774665476,1.1950135459869635,0.22809638808188923
100,-1.4866300540251942,0.4640347610995173,0.5362239696055651,0.047406098342034964,1.387644433418289,0.22769317568819572
200,-1.497889411345202,0.46663585122078655,0.5354128002732991,0.12859298470197245,1.4259491197681053,0.2184663367846798
300,-1.473136888126055,0.45485709979385136,0.5170984568506479,0.25691126769478434,1.4744602213930338,0.20355132353370137
400,-1.4257039280128652,0.45164797148779035,0.5052377111829818,0.05326422029430978,1.1679933100473137,0.18075720885357988
500,-1.4088200425830235,0.4590182892777026,0.5072768528223038,3.7204694244831336,0.803295488966629,0.16427785401725864
600,-1.4147467071320161,0.45472209870293734,0.5107655073150993,3.4519486059590707,0.7693936088811606,0.17430191293466718
700,-1.4567348444716681,0.45634067106992005,0.5208160139426589,3.387783038590802,0.8957751667797565,0.17409405658687543
800,-1.487547309137721,0.4666079226031899,0.5346598935976624,3.2623569517731665,0.9430259965956211,0.15473733369122658
900,-1.4945793746846754,0.4642394884489477,0.5375367355033754,3.781876877218485,0.9666344348788262,0.15644745364883555
1000,-1.4809550577679726,0.4613862026363611,0.5358377040371299,0.10262151524424552,0.9261680824756622,0.1609760481523913
1100,-1.4323190860124897,0.44701079104393715,0.5175261533796787,0.46400516560673716,0.8668428194895387,0.19037075487500757
1200,-1.4353431621074597,0.447231837747991,0.5147986252456903,0.46400516560673716,0.8883361964598298,0.19557360232127846
1300,-1.4334506822070154,0.4503855806834996,0.5125477190464734,0.46400516560673716,0.8722201012149453,0.1910436173216919
1400,-1.4268780408061803,0.4445856410935521,0.5023904701292515,0.18126702290773392,0.9192379458025098,0.19809253593976997
1500,-1.431485816097293,0.4494919484391809,0.5008173288032413,0.25377361159026623,0.9120102434530855,0.19761236043135863
1600,-1.4457263408376975,0.46171095832064746,0.5030548575006425,0.162930051907897,0.9503021047115326,0.16931773231285804
1700,-1.3888281878441122,0.45399604149609807,0.49013087126761673,0.14937575876619666,0.7759828619565815,0.16749810824937983
1800,-1.343748336567783,0.4566025921657681,0.4898252835512162,0.12777655017189682,0.5538166362671182,0.16717883612695944
1900,-1.3241560555320493,0.4541208895891905,0.49932484585791825,0.12369014241360128,0.4162773809790378,0.17108712776802906
2000,-1.3202473637592387,0.45156686900705095,0.49817399600297213,0.3171578639205545,0.41142722878453786,0.1741986718399619
2100,-1.331522465587249,0.4575611430794001,0.5065853476330638,0.059019914424046874,0.3909001012503868,0.1679916762670117
2200,-1.365733479582724,0.4582902768880129,0.5128368575356901,1.241847413561307,0.48994368194078564,0.180000757716264
2300,-1.4075143470897997,0.46150569192767144,0.5194017742447554,1.9481612050756811,0.593517683866783,0.17010938972502487
2400,-1.3907047164496142,0.44641719750761977,0.5040820590913295,2.4981908798217773,0.7035206153988838,0.17139922505687488
2500,-1.3883167637869,0.4440059409245849,0.5023657803073526,2.4050381183624268,0.6855381639301776,0.16513483848998525
2600,-1.3929813374214337,0.4450755748435855,0.5052707501605154,2.7839319705963135,0.6947795213758945,0.16771578261445705
2700,-1.3626392546501986,0.43143362835273147,0.49213916958570475,1.7094580536484718,0.6786491566449404,0.175894511091487
2800,-1.3451643552655626,0.4306351876497269,0.4857549089193344,1.0339913894766941,0.6226820296403021,0.1732405814817521
2900,-1.3615256544042316,0.44969406124427913,0.49799418171271687,0.46349026310723274,0.550973768165335,0.16401798048993504
3000,-1.354908692784572,0.4387370601758361,0.5030595193751155,0.3054683672664687,0.5146172515768558,0.17590904710236313
3100,-1.3839696844762328,0.4297519165299833,0.5052163484342397,0.11530956232827157,0.807662451131735,0.2197611099516999
3200,-1.4583449703119349,0.43377809213250873,0.5427786547720432,0.19112712997477502,1.0318231787071563,0.24568533423996944
3300,-1.4669164208189907,0.42072786210104823,0.5346204077593982,-0.06955828352831304,1.1340692749698646,0.2520823675093471
3400,-1.5170257416639896,0.4125854139365256,0.5486433494865894,-0.006614311337471008,1.306903709672857,0.2480911285674825
3500,-1.4853918738118663,0.3981488238349557,0.5208823367267847,0.5153107504695654,1.404380319599528,0.2778330383391932
3600,-1.4648840053326324,0.39385282158479096,0.5129540819101036,0.5494428676962853,1.2169596555158495,0.2640389513583866
3700,-1.4027317715307575,0.3923544259488583,0.48150540238171824,0.3623590004146099,1.0070180999413132,0.2444884404058875
3800,-1.3875178096498089,0.3916157818444073,0.4776385484874248,0.7073985822908581,0.9561568470206112,0.2435968498391738
3900,-1.3336137050295038,0.37797749552279714,0.4549824729070068,0.9075300660841167,0.8754225444402546,0.23809015763994787
4000,-1.3248133553600623,0.3760904226623476,0.44999911756590005,0.5226809402517975,0.861673581181094,0.22652724529088805
