model,target,horizon,best_rounds,lambda_valid,valid_MASE_at_lambda,resid_std_test,corr_pred_resid
Hybrid_Persistence_LGBM,total_generation_mwh,1,44,1.0,0.4533,11.8883199272903,0.5096940846977206
Hybrid_SeasonalNaive_LGBM,total_generation_mwh,1,60,1.0,0.499,21.855073039745307,0.8720365961049749
Hybrid_ETS_LGBM,total_generation_mwh,1,54,1.0,0.4534,11.887630178361054,0.5082591801121942
Hybrid_Persistence_XGB,total_generation_mwh,1,60,1.0,0.4426,11.8883199272903,0.5016980300355913
Hybrid_Persistence_LGBM,total_generation_mwh,2,50,0.9,0.6852,16.925717850641693,0.5066146123649109
Hybrid_SeasonalNaive_LGBM,total_generation_mwh,2,60,1.0,0.7131,21.874754855284905,0.7273354647954466
Hybrid_ETS_LGBM,total_generation_mwh,2,42,1.0,0.6835,16.91810657600636,0.5172376965916178
Hybrid_Persistence_XGB,total_generation_mwh,2,60,1.0,0.6662,16.925717850641693,0.5110446980899317
Hybrid_Persistence_LGBM,total_generation_mwh,3,34,0.9,0.8217,19.397295359238942,0.5193511516173913
Hybrid_SeasonalNaive_LGBM,total_generation_mwh,3,60,1.0,0.8375,21.872365643269482,0.6330749123651978
Hybrid_ETS_LGBM,total_generation_mwh,3,36,0.9,0.8163,19.38439786823969,0.520653121845567
Hybrid_Persistence_XGB,total_generation_mwh,3,56,1.0,0.7982,19.397295359238942,0.5245773846099423
Hybrid_Persistence_LGBM,avg_market_price,1,1,0.0,0.1729,404.68300896914707,
Hybrid_SeasonalNaive_LGBM,avg_market_price,1,1,0.0,0.731,1077.105821331819,
Hybrid_ETS_LGBM,avg_market_price,1,1,0.0,0.2386,424.7227640647499,
Hybrid_Persistence_XGB,avg_market_price,1,1,0.0,0.1729,404.68300896914707,
Hybrid_Persistence_LGBM,avg_market_price,2,1,0.0,0.3459,572.9891139664161,
Hybrid_SeasonalNaive_LGBM,avg_market_price,2,2,0.0,0.731,1078.4027583715606,
Hybrid_ETS_LGBM,avg_market_price,2,1,0.0,0.3864,587.3475862194903,
Hybrid_Persistence_XGB,avg_market_price,2,1,0.0,0.3459,572.9891139664161,
Hybrid_Persistence_LGBM,avg_market_price,3,1,0.0,0.4341,702.6024086018398,
Hybrid_SeasonalNaive_LGBM,avg_market_price,3,1,0.0,0.731,1078.4027583715606,
Hybrid_ETS_LGBM,avg_market_price,3,1,0.0,0.474,714.3882462723884,
Hybrid_Persistence_XGB,avg_market_price,3,1,0.0,0.4341,702.6024086018398,
