dataset,h,var_within,var_est,lam,rho,never,always,global,static,free,shrunk
ETTh1,1,0.09689907268094111,0.06307994143337839,0.6056986487683456,1.5361313038516475,0.0,0.09180046997428573,0.07236372410102965,0.10894773172037522,0.08572176121538382,0.1049747404249582
ETTh1,6,0.06836011292868446,0.04192867101310156,0.6198283314479857,1.6303906438466365,0.0,0.3109115087723174,0.3122197530429259,0.31901717481917446,0.2623624719084102,0.2941842609953716
ETTh1,24,0.07277928365388134,0.042613465212973385,0.630709332847479,1.7078940492200143,0.0,-0.01224981540380478,0.02073029271226174,-0.006732031341937688,-0.002864077130448022,0.0008355291724353453
ETTh2,1,0.10221350508599455,0.054834831665982714,0.6508410544122291,1.8640251457068597,0.0,0.05922838240222147,0.05855128724613724,0.06121846387076118,0.07756450370053912,0.0782271681706678
ETTh2,6,0.08344810449119372,0.04270500913127554,0.661482718058488,1.9540589309950402,0.0,0.17412428228292218,0.17243026953198187,0.1661347965507806,0.16359356009081089,0.17017554361826834
ETTh2,24,0.15247928863739008,0.05067867917630743,0.750545451293685,3.0087463034884108,0.0,-0.02772192701659859,-0.0036941003717342485,0.00939395505059997,-0.011327861621250561,-0.004091597959431544
ETTm1,1,0.03914437905563611,0.012027682738470059,0.7649560655259678,3.2545237438325825,0.0,0.01146522571521223,-0.005460532453458312,0.02013782304940578,0.01027991952562062,0.014844427705408423
ETTm1,6,0.12449754803608293,0.062344808041688175,0.666324010512883,1.9969192615499756,0.0,0.1317660810238159,0.10587580184242884,0.13597718909980158,0.11686841122178804,0.1323864541293818
ETTm1,24,0.10978694026883803,0.02682716639027566,0.8036281387981421,4.092379294618075,0.0,0.2828940270991257,0.2851892198074975,0.2862224194714326,0.2621966677467826,0.2703383117615596
ETTm2,1,0.018891523187000006,0.009022173902901937,0.6767832697144737,2.0938992520332205,0.0,0.000996894774355447,-0.0036094145384711895,0.008155290843816007,-0.002929348686798267,0.003922917580463465
ETTm2,6,0.10644478193804785,0.036054938746680316,0.7469823900413347,2.952294072274593,0.0,0.06986192653818778,0.06655215475550579,0.06459602155387334,0.08802860503871299,0.08571943791935713
ETTm2,24,0.10906881963032489,0.02594822744475663,0.8078151758782361,4.203324479968071,0.0,0.1861005666978488,0.18198725361458634,0.16811607865856654,0.17373856858964873,0.17758118112486457
