baseline,h,seed,rescaled,rung,skill_sq_macro,frac_clipped,gate_mean,gate_absmax,g1,lam,rho,cap
persistence,1,0,1,rung1_global,0.1359901729114697,0.0,0.9999999999999998,0.9999999999999998,1.037285969413669,0.47256635441268263,0.8959730922862571,1.0
persistence,1,0,1,rung2_series,0.142529628186807,0.65,0.8684688317163995,1.4215012200430617,1.037285969413669,0.47256635441268263,0.8959730922862571,1.0
persistence,1,0,1,rung3_cell,0.14159148722095358,0.533175355450237,0.8459719147124605,2.268246088807158,1.037285969413669,0.47256635441268263,0.8959730922862571,1.0
persistence,1,0,1,rung5_wls_bagged,0.13746673103824272,0.5080568720379147,0.786378652256762,4.003308003296466,1.037285969413669,0.47256635441268263,0.8959730922862571,1.0
persistence,1,0,1,rung4_shrunk,0.14367125412843845,0.5180094786729857,0.8515664365160319,2.572517415026504,1.037285969413669,0.47256635441268263,0.8959730922862571,1.0
persistence,1,1,1,rung1_global,0.1399237561520035,1.0,1.0,1.0000000000000004,1.0232105455726777,0.5323515885582378,1.1383585949046537,1.0
persistence,1,1,1,rung2_series,0.14392149119743963,0.6,0.8656785131163873,1.4551452127120974,1.0232105455726777,0.5323515885582378,1.1383585949046537,1.0
persistence,1,1,1,rung3_cell,0.1422573532872321,0.5244075829383886,0.8442564852317177,2.5540162450912796,1.0232105455726777,0.5323515885582378,1.1383585949046537,1.0
persistence,1,1,1,rung5_wls_bagged,0.13657881900713092,0.5289099526066351,0.7842721373600068,4.504870545705188,1.0232105455726777,0.5323515885582378,1.1383585949046537,1.0
persistence,1,1,1,rung4_shrunk,0.14303910227044397,0.5180094786729857,0.8443481334247858,3.0718690353841893,1.0232105455726777,0.5323515885582378,1.1383585949046537,1.0
persistence,1,2,1,rung1_global,0.13924092815809885,0.0,0.9999999999999998,0.9999999999999998,0.9983032671414627,0.4825665410575514,0.9326156488678571,1.0
persistence,1,2,1,rung2_series,0.1409869988307006,0.6,0.8665490436552331,1.5332393093049594,0.9983032671414627,0.4825665410575514,0.9326156488678571,1.0
persistence,1,2,1,rung3_cell,0.1410923484405598,0.5962085308056873,0.8642801894167391,2.3350814105107944,0.9983032671414627,0.4825665410575514,0.9326156488678571,1.0
persistence,1,2,1,rung5_wls_bagged,0.1357830368203702,0.5143364928909953,0.779322515846487,3.8059612299662917,0.9983032671414627,0.4825665410575514,0.9326156488678571,1.0
persistence,1,2,1,rung4_shrunk,0.1419806612592783,0.5279620853080569,0.8495780883911955,2.379355394116866,0.9983032671414627,0.4825665410575514,0.9326156488678571,1.0
persistence,1,3,1,rung1_global,0.14038469119762564,0.0,0.9999999999999998,0.9999999999999997,1.0257865910684554,0.49647530485490055,0.9859999115074831,1.0
persistence,1,3,1,rung2_series,0.1459490369972528,0.6,0.8758215998110979,1.4808455265561322,1.0257865910684554,0.49647530485490055,0.9859999115074831,1.0
persistence,1,3,1,rung3_cell,0.14496360532929495,0.5420616113744076,0.8572894571398111,2.3997781847153785,1.0257865910684554,0.49647530485490055,0.9859999115074831,1.0
persistence,1,3,1,rung5_wls_bagged,0.14169748095823337,0.5415876777251185,0.797069262817506,3.7801099871496953,1.0257865910684554,0.49647530485490055,0.9859999115074831,1.0
persistence,1,3,1,rung4_shrunk,0.14736359659443737,0.5417061611374407,0.8642378657057234,2.507496469944484,1.0257865910684554,0.49647530485490055,0.9859999115074831,1.0
persistence,1,4,1,rung1_global,0.14254029068076135,1.0,1.0,1.0000000000000009,1.037143955088872,0.46114487527107806,0.8557863776521806,1.0
persistence,1,4,1,rung2_series,0.14626755673641514,0.55,0.8603693699442543,1.5042216868580944,1.037143955088872,0.46114487527107806,0.8557863776521806,1.0
persistence,1,4,1,rung3_cell,0.14561491468822768,0.58021327014218,0.8523397083855366,2.5752957141322095,1.037143955088872,0.46114487527107806,0.8557863776521806,1.0
persistence,1,4,1,rung5_wls_bagged,0.13958299583270012,0.5264218009478673,0.8027753871311722,3.6971343671831534,1.037143955088872,0.46114487527107806,0.8557863776521806,1.0
persistence,1,4,1,rung4_shrunk,0.14666281523052369,0.5201421800947867,0.8622996141316475,2.4527120396486963,1.037143955088872,0.46114487527107806,0.8557863776521806,1.0
persistence,7,0,1,rung1_global,0.05444110741687389,0.0,1.0,1.0,0.7750306429056176,0.5817598654124017,1.3909709214923633,1.0
persistence,7,0,1,rung2_series,0.07497606467522167,0.7,0.9054222814835599,2.127999042773298,0.7750306429056176,0.5817598654124017,1.3909709214923633,1.0
persistence,7,0,1,rung3_cell,0.0746080700469239,0.6524038461538462,0.8833346527223723,3.197031381239376,0.7750306429056176,0.5817598654124017,1.3909709214923633,1.0
persistence,7,0,1,rung5_wls_bagged,0.05976517802208605,0.6384615384615384,0.8016822596217763,5.626309625088707,0.7750306429056176,0.5817598654124017,1.3909709214923633,1.0
persistence,7,0,1,rung4_shrunk,0.07017355294241046,0.6421875,0.877081320873306,3.868090717225204,0.7750306429056176,0.5817598654124017,1.3909709214923633,1.0
persistence,7,1,1,rung1_global,0.048085942589943705,0.0,1.0,1.0,0.6951669270818245,0.5763164301041935,1.360252016017338,1.0
persistence,7,1,1,rung2_series,0.07203489340444627,0.6,0.9246017293224869,2.1369675215951416,0.6951669270818245,0.5763164301041935,1.360252016017338,1.0
persistence,7,1,1,rung3_cell,0.07207113457376527,0.5709134615384616,0.8921420998579005,3.619541042356083,0.6951669270818245,0.5763164301041935,1.360252016017338,1.0
persistence,7,1,1,rung5_wls_bagged,0.05870058648013223,0.6653846153846154,0.8183901134087327,5.505861222681354,0.6951669270818245,0.5763164301041935,1.360252016017338,1.0
persistence,7,1,1,rung4_shrunk,0.06729367994356683,0.6633413461538461,0.8885654787049877,3.784848170849199,0.6951669270818245,0.5763164301041935,1.360252016017338,1.0
persistence,7,2,1,rung1_global,0.047554598094746804,1.0,1.0,1.0000000000000004,0.7000680972926114,0.5629664472276634,1.2881538354583244,1.0
persistence,7,2,1,rung2_series,0.0738083513092089,0.55,0.9183088811277252,2.099373443884443,0.7000680972926114,0.5629664472276634,1.2881538354583244,1.0
persistence,7,2,1,rung3_cell,0.07241637437111399,0.6038461538461538,0.8822924771343227,3.004510641707146,0.7000680972926114,0.5629664472276634,1.2881538354583244,1.0
persistence,7,2,1,rung5_wls_bagged,0.06397623396250594,0.6859375,0.8358968117563564,4.327266327554092,0.7000680972926114,0.5629664472276634,1.2881538354583244,1.0
persistence,7,2,1,rung4_shrunk,0.07015377347639906,0.6981971153846154,0.8961350260322203,3.0644299245602595,0.7000680972926114,0.5629664472276634,1.2881538354583244,1.0
persistence,7,3,1,rung1_global,0.045303543167797486,1.0,1.0,1.0000000000000004,0.6993692639512409,0.5904768527398074,1.4418644139903656,1.0
persistence,7,3,1,rung2_series,0.06911040898707257,0.65,0.9175218401297458,2.219517866373089,0.6993692639512409,0.5904768527398074,1.4418644139903656,1.0
persistence,7,3,1,rung3_cell,0.06834969988861106,0.5712740384615385,0.8835308343460906,3.209499824057819,0.6993692639512409,0.5904768527398074,1.4418644139903656,1.0
persistence,7,3,1,rung5_wls_bagged,0.059915700147626164,0.6617788461538462,0.8023706810881287,4.19378991336792,0.6993692639512409,0.5904768527398074,1.4418644139903656,1.0
persistence,7,3,1,rung4_shrunk,0.06764564886040077,0.6628605769230769,0.8741755295974988,3.385279811134774,0.6993692639512409,0.5904768527398074,1.4418644139903656,1.0
persistence,7,4,1,rung1_global,0.05349984805851941,1.0,1.0,1.0000000000000004,0.6782845111755801,0.5948043301495289,1.4679434515404097,1.0
persistence,7,4,1,rung2_series,0.07464621291192103,0.7,0.9136265556460405,2.1670742976084756,0.6782845111755801,0.5948043301495289,1.4679434515404097,1.0
persistence,7,4,1,rung3_cell,0.07332013969945622,0.6145432692307692,0.8907994519361982,3.2995669855729086,0.6782845111755801,0.5948043301495289,1.4679434515404097,1.0
persistence,7,4,1,rung5_wls_bagged,0.0652719513471615,0.6524038461538462,0.8295100429708192,5.284613479975595,0.6782845111755801,0.5948043301495289,1.4679434515404097,1.0
persistence,7,4,1,rung4_shrunk,0.07191314512757946,0.6816105769230769,0.895741163778913,3.728058316972894,0.6782845111755801,0.5948043301495289,1.4679434515404097,1.0
roll7,3,0,1,rung1_global,0.0570085875299441,0.0,0.9999999999999998,0.9999999999999999,0.7140706022634278,0.611870077214019,1.576456854503874,1.0
roll7,3,0,1,rung2_series,0.10088194286654857,0.8,0.9338545566327424,1.647179799549083,0.7140706022634278,0.611870077214019,1.576456854503874,1.0
roll7,3,0,1,rung3_cell,0.09967584685251973,0.7378571428571429,0.9011438901876135,3.712284756850526,0.7140706022634278,0.611870077214019,1.576456854503874,1.0
roll7,3,0,1,rung5_wls_bagged,0.08250291823499215,0.7586904761904761,0.8830165783966509,5.14351149320059,0.7140706022634278,0.611870077214019,1.576456854503874,1.0
roll7,3,0,1,rung4_shrunk,0.09167050733797263,0.7852380952380953,0.9220102100709539,3.630154129711677,0.7140706022634278,0.611870077214019,1.576456854503874,1.0
roll7,3,1,1,rung1_global,0.03981889168062912,1.0,1.0,1.0000000000000002,0.7166271617374076,0.5712316950566019,1.3322619430370688,1.0
roll7,3,1,1,rung2_series,0.09774801202015168,0.85,0.9334834969040109,1.7397919851118915,0.7166271617374076,0.5712316950566019,1.3322619430370688,1.0
roll7,3,1,1,rung3_cell,0.0977952916316325,0.7105952380952381,0.9043450436005703,3.214633360510477,0.7166271617374076,0.5712316950566019,1.3322619430370688,1.0
roll7,3,1,1,rung5_wls_bagged,0.07474231671708982,0.7144047619047619,0.8708076993749806,4.649731563197735,0.7166271617374076,0.5712316950566019,1.3322619430370688,1.0
roll7,3,1,1,rung4_shrunk,0.08690036166570961,0.7532142857142857,0.9241761566655881,3.2158984348623814,0.7166271617374076,0.5712316950566019,1.3322619430370688,1.0
roll7,3,2,1,rung1_global,0.04101518918828912,0.0,1.0,1.0,0.6999945438734929,0.5941032369865674,1.4636806476993423,1.0
roll7,3,2,1,rung2_series,0.09159109516414199,0.8,0.9379271277221061,1.738286983829161,0.6999945438734929,0.5941032369865674,1.4636806476993423,1.0
roll7,3,2,1,rung3_cell,0.090242569882335,0.705,0.9168079632589786,2.7170778723773603,0.6999945438734929,0.5941032369865674,1.4636806476993423,1.0
roll7,3,2,1,rung5_wls_bagged,0.06359462617059794,0.7472619047619048,0.8948836372589161,4.850661679159697,0.6999945438734929,0.5941032369865674,1.4636806476993423,1.0
roll7,3,2,1,rung4_shrunk,0.07462250775282063,0.791547619047619,0.9349173170298956,3.390132144141118,0.6999945438734929,0.5941032369865674,1.4636806476993423,1.0
roll7,3,3,1,rung1_global,0.0270819202231898,0.0,0.9999999999999998,0.9999999999999996,0.7281025053936114,0.5853117256076472,1.4114499052699543,1.0
roll7,3,3,1,rung2_series,0.09313439013479383,0.8,0.9373773765816815,1.849232690383043,0.7281025053936114,0.5853117256076472,1.4114499052699543,1.0
roll7,3,3,1,rung3_cell,0.0918687937986519,0.7203571428571428,0.9005469930811825,3.2518616710226946,0.7281025053936114,0.5853117256076472,1.4114499052699543,1.0
roll7,3,3,1,rung5_wls_bagged,0.06122799672775318,0.7051190476190476,0.8662182713908684,6.018244299164104,0.7281025053936114,0.5853117256076472,1.4114499052699543,1.0
roll7,3,3,1,rung4_shrunk,0.07176825101797805,0.7551190476190476,0.9185601895554467,4.1051438890311935,0.7281025053936114,0.5853117256076472,1.4114499052699543,1.0
roll7,3,4,1,rung1_global,0.022551634155883356,1.0,1.0,1.0000000000000002,0.7368231280566632,0.563395442678193,1.2904021115449156,1.0
roll7,3,4,1,rung2_series,0.0911959105847783,0.75,0.9227756866277893,1.709596949352638,0.7368231280566632,0.563395442678193,1.2904021115449156,1.0
roll7,3,4,1,rung3_cell,0.09242645124249016,0.6294047619047619,0.899069351584762,3.024641865230588,0.7368231280566632,0.563395442678193,1.2904021115449156,1.0
roll7,3,4,1,rung5_wls_bagged,0.06595919599686648,0.7002380952380952,0.873935756533593,4.55004438150331,0.7368231280566632,0.563395442678193,1.2904021115449156,1.0
roll7,3,4,1,rung4_shrunk,0.0771457343767202,0.7444047619047619,0.9260009705243705,3.238754389950655,0.7368231280566632,0.563395442678193,1.2904021115449156,1.0
roll7,7,0,1,rung1_global,0.05984174182636139,1.0,1.0,1.0000000000000002,0.6361142076011516,0.6368265202835965,1.753505021294189,1.0
roll7,7,0,1,rung2_series,0.09131931350431244,0.7,0.9097509966685583,1.9915529689205504,0.6361142076011516,0.6368265202835965,1.753505021294189,1.0
roll7,7,0,1,rung3_cell,0.08864893538464746,0.6859375,0.8997074634221918,2.19187117582516,0.6361142076011516,0.6368265202835965,1.753505021294189,1.0
roll7,7,0,1,rung5_wls_bagged,0.07304466259359603,0.7,0.8367770820791139,5.305661005875393,0.6361142076011516,0.6368265202835965,1.753505021294189,1.0
roll7,7,0,1,rung4_shrunk,0.08376500347026036,0.7245192307692307,0.894594162166711,3.9294487917062804,0.6361142076011516,0.6368265202835965,1.753505021294189,1.0
roll7,7,1,1,rung1_global,0.05662782242752991,1.0,1.0,1.0000000000000002,0.6682537826283896,0.6224686852007364,1.6487868974040156,1.0
roll7,7,1,1,rung2_series,0.09652807039235282,0.7,0.9082504225525244,1.741569932437075,0.6682537826283896,0.6224686852007364,1.6487868974040156,1.0
roll7,7,1,1,rung3_cell,0.09211391727451293,0.6006009615384615,0.8857096867109874,2.4269600674146927,0.6682537826283896,0.6224686852007364,1.6487868974040156,1.0
roll7,7,1,1,rung5_wls_bagged,0.08052698328395885,0.6918269230769231,0.8355899510331122,5.0649425085959585,0.6682537826283896,0.6224686852007364,1.6487868974040156,1.0
roll7,7,1,1,rung4_shrunk,0.08997857331113404,0.7079326923076923,0.8919433042324653,3.7718677147312025,0.6682537826283896,0.6224686852007364,1.6487868974040156,1.0
roll7,7,2,1,rung1_global,0.05496709811573426,1.0,1.0,1.0000000000000004,0.6587225946676418,0.6395269508110893,1.77413249686785,1.0
roll7,7,2,1,rung2_series,0.09058098373320049,0.7,0.9143624594988355,1.7645572822657973,0.6587225946676418,0.6395269508110893,1.77413249686785,1.0
roll7,7,2,1,rung3_cell,0.08783465654581415,0.6581730769230769,0.8940999656005785,2.119927812302889,0.6587225946676418,0.6395269508110893,1.77413249686785,1.0
roll7,7,2,1,rung5_wls_bagged,0.08397963958924196,0.7141826923076923,0.8469941939775398,5.835794438242632,0.6587225946676418,0.6395269508110893,1.77413249686785,1.0
roll7,7,2,1,rung4_shrunk,0.09078491991744864,0.731610576923077,0.8969369161494997,4.273955186871975,0.6587225946676418,0.6395269508110893,1.77413249686785,1.0
roll7,7,3,1,rung1_global,0.06040453847884899,1.0,1.0,1.0000000000000002,0.6442644000634451,0.6496816238448633,1.8545462301331148,1.0
roll7,7,3,1,rung2_series,0.08940136634234361,0.65,0.905668881362919,1.879556187086155,0.6442644000634451,0.6496816238448633,1.8545462301331148,1.0
roll7,7,3,1,rung3_cell,0.08750245599831934,0.6295673076923077,0.8867306906331545,2.094048054754503,0.6442644000634451,0.6496816238448633,1.8545462301331148,1.0
roll7,7,3,1,rung5_wls_bagged,0.07834614426816011,0.7536057692307693,0.8545929191955794,5.0841834754823,0.6442644000634451,0.6496816238448633,1.8545462301331148,1.0
roll7,7,3,1,rung4_shrunk,0.08583731209947401,0.7579326923076923,0.9002467762540481,3.8489783476290063,0.6442644000634451,0.6496816238448633,1.8545462301331148,1.0
roll7,7,4,1,rung1_global,0.05850362521655032,0.0,0.9999999999999998,0.9999999999999998,0.6771434583494091,0.6515749977021726,1.8700580997491631,1.0
roll7,7,4,1,rung2_series,0.08972712047200923,0.7,0.9158968691597107,1.924892213633201,0.6771434583494091,0.6515749977021726,1.8700580997491631,1.0
roll7,7,4,1,rung3_cell,0.08792796684993102,0.6497596153846154,0.8991235826024349,2.0862084016220774,0.6771434583494091,0.6515749977021726,1.8700580997491631,1.0
roll7,7,4,1,rung5_wls_bagged,0.07480840175669151,0.725,0.8572646835722627,4.983644568395028,0.6771434583494091,0.6515749977021726,1.8700580997491631,1.0
roll7,7,4,1,rung4_shrunk,0.08310874141543037,0.747235576923077,0.9045222755010818,3.8773394235037943,0.6771434583494091,0.6515749977021726,1.8700580997491631,1.0
persistence,1,0,1,rung1_global,0.1359901729114697,0.0,0.9999999999999998,0.9999999999999998,1.037285969413669,0.47256635441268263,0.8959730922862571,1.5
persistence,1,0,1,rung2_series,0.14206027121000342,0.05,0.9860394603007638,1.4215012200430617,1.037285969413669,0.47256635441268263,0.8959730922862571,1.5
persistence,1,0,1,rung3_cell,0.1388306809628327,0.10888625592417062,0.9762588391919941,2.268246088807158,1.037285969413669,0.47256635441268263,0.8959730922862571,1.5
persistence,1,0,1,rung5_wls_bagged,0.1306400056919928,0.17950236966824645,0.9293505814857993,4.003308003296466,1.037285969413669,0.47256635441268263,0.8959730922862571,1.5
persistence,1,0,1,rung4_shrunk,0.14205880428406062,0.06469194312796209,0.9699977220328401,2.572517415026504,1.037285969413669,0.47256635441268263,0.8959730922862571,1.5
persistence,1,1,1,rung1_global,0.1399237561520035,0.0,1.0000000000000002,1.0000000000000004,1.0232105455726777,0.5323515885582378,1.1383585949046537,1.5
persistence,1,1,1,rung2_series,0.14364618308147226,0.0,0.9827096916603054,1.4551452127120974,1.0232105455726777,0.5323515885582378,1.1383585949046537,1.5
persistence,1,1,1,rung3_cell,0.13949382238708416,0.06327014218009479,0.9791839039350574,2.5540162450912796,1.0232105455726777,0.5323515885582378,1.1383585949046537,1.5
persistence,1,1,1,rung5_wls_bagged,0.1267060862528156,0.19478672985781992,0.9406937038061801,4.504870545705188,1.0232105455726777,0.5323515885582378,1.1383585949046537,1.5
persistence,1,1,1,rung4_shrunk,0.13926079034815123,0.07950236966824645,0.972601434735336,3.0718690353841893,1.0232105455726777,0.5323515885582378,1.1383585949046537,1.5
persistence,1,2,1,rung1_global,0.13924092815809885,0.0,0.9999999999999998,0.9999999999999998,0.9983032671414627,0.4825665410575514,0.9326156488678571,1.5
persistence,1,2,1,rung2_series,0.14090952468929832,0.1,0.9988465326709247,1.5332393093049594,0.9983032671414627,0.4825665410575514,0.9326156488678571,1.5
persistence,1,2,1,rung3_cell,0.13969384291788184,0.05829383886255924,1.008810760438365,2.3350814105107944,0.9983032671414627,0.4825665410575514,0.9326156488678571,1.5
persistence,1,2,1,rung5_wls_bagged,0.13051100394521037,0.18187203791469195,0.9270005497515235,3.8059612299662917,0.9983032671414627,0.4825665410575514,0.9326156488678571,1.5
persistence,1,2,1,rung4_shrunk,0.14098329545102156,0.06741706161137441,0.9754720468861054,2.379355394116866,0.9983032671414627,0.4825665410575514,0.9326156488678571,1.5
persistence,1,3,1,rung1_global,0.14038469119762564,0.0,0.9999999999999998,0.9999999999999997,1.0257865910684554,0.49647530485490055,0.9859999115074831,1.5
persistence,1,3,1,rung2_series,0.14631256795609482,0.0,1.0072092839707398,1.4808455265561322,1.0257865910684554,0.49647530485490055,0.9859999115074831,1.5
persistence,1,3,1,rung3_cell,0.142889963948646,0.07049763033175356,0.9923324158581773,2.3997781847153785,1.0257865910684554,0.49647530485490055,0.9859999115074831,1.5
persistence,1,3,1,rung5_wls_bagged,0.13548998260155204,0.20450236966824645,0.9566594487863443,3.7801099871496953,1.0257865910684554,0.49647530485490055,0.9859999115074831,1.5
persistence,1,3,1,rung4_shrunk,0.14657688598283902,0.08305687203791469,0.9969745365649869,2.507496469944484,1.0257865910684554,0.49647530485490055,0.9859999115074831,1.5
persistence,1,4,1,rung1_global,0.14254029068076135,0.0,1.0000000000000004,1.0000000000000009,1.037143955088872,0.46114487527107806,0.8557863776521806,1.5
persistence,1,4,1,rung2_series,0.14681213989773959,0.05,0.9850366577954885,1.5042216868580944,1.037143955088872,0.46114487527107806,0.8557863776521806,1.5
persistence,1,4,1,rung3_cell,0.14396228473044217,0.06990521327014218,0.9872435948228739,2.5752957141322095,1.037143955088872,0.46114487527107806,0.8557863776521806,1.5
persistence,1,4,1,rung5_wls_bagged,0.1342488619558987,0.179739336492891,0.9560428997692294,3.6971343671831534,1.037143955088872,0.46114487527107806,0.8557863776521806,1.5
persistence,1,4,1,rung4_shrunk,0.14636089366055527,0.06244075829383886,0.9863198372842147,2.4527120396486963,1.037143955088872,0.46114487527107806,0.8557863776521806,1.5
persistence,7,0,1,rung1_global,0.05444110741687389,0.0,1.0,1.0,0.7750306429056176,0.5817598654124017,1.3909709214923633,1.5
persistence,7,0,1,rung2_series,0.07211549002190253,0.2,1.1186980749500026,2.127999042773298,0.7750306429056176,0.5817598654124017,1.3909709214923633,1.5
persistence,7,0,1,rung3_cell,0.07024440006109481,0.16598557692307692,1.0690048208085527,3.197031381239376,0.7750306429056176,0.5817598654124017,1.3909709214923633,1.5
persistence,7,0,1,rung5_wls_bagged,0.044201463156683746,0.3895432692307692,1.0295021878883175,5.626309625088707,0.7750306429056176,0.5817598654124017,1.3909709214923633,1.5
persistence,7,0,1,rung4_shrunk,0.06244175101652263,0.2704326923076923,1.0917164850412764,3.868090717225204,0.7750306429056176,0.5817598654124017,1.3909709214923633,1.5
persistence,7,1,1,rung1_global,0.048085942589943705,0.0,1.0,1.0,0.6951669270818245,0.5763164301041935,1.360252016017338,1.5
persistence,7,1,1,rung2_series,0.0681200469228155,0.2,1.139377099658867,2.1369675215951416,0.6951669270818245,0.5763164301041935,1.360252016017338,1.5
persistence,7,1,1,rung3_cell,0.06641883951527486,0.2125,1.0949036003872672,3.619541042356083,0.6951669270818245,0.5763164301041935,1.360252016017338,1.5
persistence,7,1,1,rung5_wls_bagged,0.03998138977829407,0.4123798076923077,1.0614802359866784,5.505861222681354,0.6951669270818245,0.5763164301041935,1.360252016017338,1.5
persistence,7,1,1,rung4_shrunk,0.05606951683268161,0.2956730769230769,1.1225622138862374,3.784848170849199,0.6951669270818245,0.5763164301041935,1.360252016017338,1.5
persistence,7,2,1,rung1_global,0.047554598094746776,0.0,1.0000000000000002,1.0000000000000004,0.7000680972926114,0.5629664472276634,1.2881538354583244,1.5
persistence,7,2,1,rung2_series,0.0679271825533048,0.25,1.133066581022482,2.099373443884443,0.7000680972926114,0.5629664472276634,1.2881538354583244,1.5
persistence,7,2,1,rung3_cell,0.06507966116253525,0.21899038461538461,1.0936698200250856,3.004510641707146,0.7000680972926114,0.5629664472276634,1.2881538354583244,1.5
persistence,7,2,1,rung5_wls_bagged,0.048809668232407816,0.38497596153846153,1.0800883074977456,4.327266327554092,0.7000680972926114,0.5629664472276634,1.2881538354583244,1.5
persistence,7,2,1,rung4_shrunk,0.0621287094523338,0.2776442307692308,1.1288947037212584,3.0644299245602595,0.7000680972926114,0.5629664472276634,1.2881538354583244,1.5
persistence,7,3,1,rung1_global,0.04530354316779745,0.0,1.0000000000000002,1.0000000000000004,0.6993692639512409,0.5904768527398074,1.4418644139903656,1.5
persistence,7,3,1,rung2_series,0.0637413230306204,0.25,1.1415753702701938,2.219517866373089,0.6993692639512409,0.5904768527398074,1.4418644139903656,1.5
persistence,7,3,1,rung3_cell,0.06253180759889355,0.2703125,1.0981589576883222,3.209499824057819,0.6993692639512409,0.5904768527398074,1.4418644139903656,1.5
persistence,7,3,1,rung5_wls_bagged,0.04278279524531057,0.41754807692307694,1.0438918286924164,4.19378991336792,0.6993692639512409,0.5904768527398074,1.4418644139903656,1.5
persistence,7,3,1,rung4_shrunk,0.05536679446527796,0.3078125,1.1092170369552052,3.385279811134774,0.6993692639512409,0.5904768527398074,1.4418644139903656,1.5
persistence,7,4,1,rung1_global,0.05349984805851941,0.0,1.0000000000000002,1.0000000000000004,0.6782845111755801,0.5948043301495289,1.4679434515404097,1.5
persistence,7,4,1,rung2_series,0.07020680243757405,0.25,1.1473051385592214,2.1670742976084756,0.6782845111755801,0.5948043301495289,1.4679434515404097,1.5
persistence,7,4,1,rung3_cell,0.06740947262562676,0.22680288461538461,1.0931458110705847,3.2995669855729086,0.6782845111755801,0.5948043301495289,1.4679434515404097,1.5
persistence,7,4,1,rung5_wls_bagged,0.05140353919236072,0.39807692307692305,1.0702421790232095,5.284613479975595,0.6782845111755801,0.5948043301495289,1.4679434515404097,1.5
persistence,7,4,1,rung4_shrunk,0.0627361501890495,0.3150240384615385,1.1356131807607046,3.728058316972894,0.6782845111755801,0.5948043301495289,1.4679434515404097,1.5
roll7,3,0,1,rung1_global,0.0570085875299441,0.0,0.9999999999999998,0.9999999999999999,0.7140706022634278,0.611870077214019,1.576456854503874,1.5
roll7,3,0,1,rung2_series,0.08883858403973792,0.1,1.2012588943776372,1.647179799549083,0.7140706022634278,0.611870077214019,1.576456854503874,1.5
roll7,3,0,1,rung3_cell,0.08648440908951747,0.2448809523809524,1.1638892323935002,3.712284756850526,0.7140706022634278,0.611870077214019,1.576456854503874,1.5
roll7,3,0,1,rung5_wls_bagged,0.06432903628106372,0.4601190476190476,1.1732701457711485,5.14351149320059,0.7140706022634278,0.611870077214019,1.576456854503874,1.5
roll7,3,0,1,rung4_shrunk,0.08073779810501139,0.36904761904761907,1.2118337507855532,3.630154129711677,0.7140706022634278,0.611870077214019,1.576456854503874,1.5
roll7,3,1,1,rung1_global,0.03981889168062908,0.0,1.0000000000000002,1.0000000000000002,0.7166271617374076,0.5712316950566019,1.3322619430370688,1.5
roll7,3,1,1,rung2_series,0.08851021790456093,0.1,1.1749075930716042,1.7397919851118915,0.7166271617374076,0.5712316950566019,1.3322619430370688,1.5
roll7,3,1,1,rung3_cell,0.08626538366757541,0.21571428571428572,1.140435640085765,3.214633360510477,0.7166271617374076,0.5712316950566019,1.3322619430370688,1.5
roll7,3,1,1,rung5_wls_bagged,0.04981217925396814,0.3986904761904762,1.140669005719341,4.649731563197735,0.7166271617374076,0.5712316950566019,1.3322619430370688,1.5
roll7,3,1,1,rung4_shrunk,0.07382323260809512,0.2798809523809524,1.187521268748167,3.2158984348623814,0.7166271617374076,0.5712316950566019,1.3322619430370688,1.5
roll7,3,2,1,rung1_global,0.04101518918828912,0.0,1.0,1.0,0.6999945438734929,0.5941032369865674,1.4636806476993423,1.5
roll7,3,2,1,rung2_series,0.07881726163123633,0.2,1.21195565189661,1.738286983829161,0.6999945438734929,0.5941032369865674,1.4636806476993423,1.5
roll7,3,2,1,rung3_cell,0.07631618864414962,0.2801190476190476,1.1719867171722356,2.7170778723773603,0.6999945438734929,0.5941032369865674,1.4636806476993423,1.5
roll7,3,2,1,rung5_wls_bagged,0.03286094986673606,0.4421428571428571,1.181707996079872,4.850661679159697,0.6999945438734929,0.5941032369865674,1.4636806476993423,1.5
roll7,3,2,1,rung4_shrunk,0.05518070624953182,0.3630952380952381,1.2284714785052788,3.390132144141118,0.6999945438734929,0.5941032369865674,1.4636806476993423,1.5
roll7,3,3,1,rung1_global,0.0270819202231898,0.0,0.9999999999999998,0.9999999999999996,0.7281025053936114,0.5853117256076472,1.4114499052699543,1.5
roll7,3,3,1,rung2_series,0.07893737649328261,0.25,1.1964373557686758,1.849232690383043,0.7281025053936114,0.5853117256076472,1.4114499052699543,1.5
roll7,3,3,1,rung3_cell,0.07590807861483422,0.28285714285714286,1.1470838519258355,3.2518616710226946,0.7281025053936114,0.5853117256076472,1.4114499052699543,1.5
roll7,3,3,1,rung5_wls_bagged,0.018706421756582957,0.3873809523809524,1.125554787712116,6.018244299164104,0.7281025053936114,0.5853117256076472,1.4114499052699543,1.5
roll7,3,3,1,rung4_shrunk,0.04541084237705008,0.2907142857142857,1.1802474478940561,4.1051438890311935,0.7281025053936114,0.5853117256076472,1.4114499052699543,1.5
roll7,3,4,1,rung1_global,0.022551634155883273,0.0,1.0000000000000002,1.0000000000000002,0.7368231280566632,0.563395442678193,1.2904021115449156,1.5
roll7,3,4,1,rung2_series,0.07755390375406371,0.15,1.151248595172587,1.709596949352638,0.7368231280566632,0.563395442678193,1.2904021115449156,1.5
roll7,3,4,1,rung3_cell,0.07629534290644463,0.23952380952380953,1.1254517889928988,3.024641865230588,0.7368231280566632,0.563395442678193,1.2904021115449156,1.5
roll7,3,4,1,rung5_wls_bagged,0.029892617589115683,0.35369047619047617,1.1298775702592097,4.55004438150331,0.7368231280566632,0.563395442678193,1.2904021115449156,1.5
roll7,3,4,1,rung4_shrunk,0.06058002261998321,0.23761904761904762,1.1732948942499943,3.238754389950655,0.7368231280566632,0.563395442678193,1.2904021115449156,1.5
roll7,7,0,1,rung1_global,0.059841741826361386,0.0,1.0000000000000002,1.0000000000000002,0.6361142076011516,0.6368265202835965,1.753505021294189,1.5
roll7,7,0,1,rung2_series,0.08621430874571563,0.4,1.1726376913294763,1.9915529689205504,0.6361142076011516,0.6368265202835965,1.753505021294189,1.5
roll7,7,0,1,rung3_cell,0.08380099743660567,0.296875,1.1308337276509686,2.19187117582516,0.6361142076011516,0.6368265202835965,1.753505021294189,1.5
roll7,7,0,1,rung5_wls_bagged,0.053058054145519874,0.4518028846153846,1.0988468542374397,5.305661005875393,0.6361142076011516,0.6368265202835965,1.753505021294189,1.5
roll7,7,0,1,rung4_shrunk,0.07420024851046192,0.3646634615384615,1.1593750000965932,3.9294487917062804,0.6361142076011516,0.6368265202835965,1.753505021294189,1.5
roll7,7,1,1,rung1_global,0.056627822427529874,0.0,1.0000000000000002,1.0000000000000002,0.6682537826283896,0.6224686852007364,1.6487868974040156,1.5
roll7,7,1,1,rung2_series,0.08776160806238735,0.3,1.1724956276687701,1.741569932437075,0.6682537826283896,0.6224686852007364,1.6487868974040156,1.5
roll7,7,1,1,rung3_cell,0.08258250014260905,0.3091346153846154,1.1263084964630565,2.4269600674146927,0.6682537826283896,0.6224686852007364,1.6487868974040156,1.5
roll7,7,1,1,rung5_wls_bagged,0.05658047606088913,0.40865384615384615,1.0836999435431238,5.0649425085959585,0.6682537826283896,0.6224686852007364,1.6487868974040156,1.5
roll7,7,1,1,rung4_shrunk,0.07853787331424864,0.31935096153846154,1.1393432165160395,3.7718677147312025,0.6682537826283896,0.6224686852007364,1.6487868974040156,1.5
roll7,7,2,1,rung1_global,0.05496709811573423,0.0,1.0000000000000002,1.0000000000000004,0.6587225946676418,0.6395269508110893,1.77413249686785,1.5
roll7,7,2,1,rung2_series,0.08206686402359806,0.35,1.1616391393859553,1.7645572822657973,0.6587225946676418,0.6395269508110893,1.77413249686785,1.5
roll7,7,2,1,rung3_cell,0.0767982296349474,0.33413461538461536,1.124778766086963,2.119927812302889,0.6587225946676418,0.6395269508110893,1.77413249686785,1.5
roll7,7,2,1,rung5_wls_bagged,0.06523538240456171,0.44579326923076923,1.1130051457661003,5.835794438242632,0.6587225946676418,0.6395269508110893,1.77413249686785,1.5
roll7,7,2,1,rung4_shrunk,0.08094448863667073,0.35588942307692306,1.1607992585651847,4.273955186871975,0.6587225946676418,0.6395269508110893,1.77413249686785,1.5
roll7,7,3,1,rung1_global,0.06040453847884895,0.0,1.0000000000000002,1.0000000000000002,0.6442644000634451,0.6496816238448633,1.8545462301331148,1.5
roll7,7,3,1,rung2_series,0.07864422330683793,0.45,1.1690883921084885,1.879556187086155,0.6442644000634451,0.6496816238448633,1.8545462301331148,1.5
roll7,7,3,1,rung3_cell,0.07585792499574735,0.33040865384615387,1.1167391428927287,2.094048054754503,0.6442644000634451,0.6496816238448633,1.8545462301331148,1.5
roll7,7,3,1,rung5_wls_bagged,0.052246884867574395,0.5094951923076924,1.1469223685602774,5.0841834754823,0.6442644000634451,0.6496816238448633,1.8545462301331148,1.5
roll7,7,3,1,rung4_shrunk,0.0705415073834595,0.4207932692307692,1.1902789702062913,3.8489783476290063,0.6442644000634451,0.6496816238448633,1.8545462301331148,1.5
roll7,7,4,1,rung1_global,0.05850362521655032,0.0,0.9999999999999998,0.9999999999999998,0.6771434583494091,0.6515749977021726,1.8700580997491631,1.5
roll7,7,4,1,rung2_series,0.07465452844097567,0.3,1.172646268080864,1.924892213633201,0.6771434583494091,0.6515749977021726,1.8700580997491631,1.5
roll7,7,4,1,rung3_cell,0.07215038987864042,0.3015625,1.1293828894961924,2.0862084016220774,0.6771434583494091,0.6515749977021726,1.8700580997491631,1.5
roll7,7,4,1,rung5_wls_bagged,0.04429494464461766,0.4484375,1.1271055953205198,4.983644568395028,0.6771434583494091,0.6515749977021726,1.8700580997491631,1.5
roll7,7,4,1,rung4_shrunk,0.061370668190652525,0.3682692307692308,1.1773646094928907,3.8773394235037943,0.6771434583494091,0.6515749977021726,1.8700580997491631,1.5
persistence,1,0,1,rung1_global,0.1359901729114697,0.0,0.9999999999999998,0.9999999999999998,1.037285969413669,0.47256635441268263,0.8959730922862571,3.0
persistence,1,0,1,rung2_series,0.14206027121000342,0.05,0.9860394603007638,1.4215012200430617,1.037285969413669,0.47256635441268263,0.8959730922862571,3.0
persistence,1,0,1,rung3_cell,0.13659970401402985,0.004502369668246445,0.9994847667359462,2.268246088807158,1.037285969413669,0.47256635441268263,0.8959730922862571,3.0
persistence,1,0,1,rung5_wls_bagged,0.11964375269835173,0.04087677725118483,0.9805004404061956,4.003308003296466,1.037285969413669,0.47256635441268263,0.8959730922862571,3.0
persistence,1,0,1,rung4_shrunk,0.1410938855468064,0.009478672985781991,0.9801756119901663,2.572517415026504,1.037285969413669,0.47256635441268263,0.8959730922862571,3.0
persistence,1,1,1,rung1_global,0.1399237561520035,0.0,1.0000000000000002,1.0000000000000004,1.0232105455726777,0.5323515885582378,1.1383585949046537,3.0
persistence,1,1,1,rung2_series,0.14364618308147226,0.0,0.9827096916603054,1.4551452127120974,1.0232105455726777,0.5323515885582378,1.1383585949046537,3.0
persistence,1,1,1,rung3_cell,0.13723469796349677,0.0,1.0068180826696154,2.5540162450912796,1.0232105455726777,0.5323515885582378,1.1383585949046537,3.0
persistence,1,1,1,rung5_wls_bagged,0.11025889340856314,0.04206161137440758,0.9997987975036071,4.504870545705188,1.0232105455726777,0.5323515885582378,1.1383585949046537,3.0
persistence,1,1,1,rung4_shrunk,0.13669595490717684,0.008530805687203791,0.9888602198043508,3.0718690353841893,1.0232105455726777,0.5323515885582378,1.1383585949046537,3.0
persistence,1,2,1,rung1_global,0.13924092815809885,0.0,0.9999999999999998,0.9999999999999998,0.9983032671414627,0.4825665410575514,0.9326156488678571,3.0
persistence,1,2,1,rung2_series,0.14078957751246576,0.05,1.0005084981361727,1.5332393093049594,0.9983032671414627,0.4825665410575514,0.9326156488678571,3.0
persistence,1,2,1,rung3_cell,0.13770247955884243,0.004502369668246445,1.0339519579371557,2.3350814105107944,0.9983032671414627,0.4825665410575514,0.9326156488678571,3.0
persistence,1,2,1,rung5_wls_bagged,0.12252426950264061,0.038744075829383884,0.9747772819426278,3.8059612299662917,0.9983032671414627,0.4825665410575514,0.9326156488678571,3.0
persistence,1,2,1,rung4_shrunk,0.14052212360212096,0.008649289099526067,0.9843078793748251,2.379355394116866,0.9983032671414627,0.4825665410575514,0.9326156488678571,3.0
persistence,1,3,1,rung1_global,0.14038469119762564,0.0,0.9999999999999998,0.9999999999999997,1.0257865910684554,0.49647530485490055,0.9859999115074831,3.0
persistence,1,3,1,rung2_series,0.14631256795609482,0.0,1.0072092839707398,1.4808455265561322,1.0257865910684554,0.49647530485490055,0.9859999115074831,3.0
persistence,1,3,1,rung3_cell,0.13881893873370563,0.0,1.0212381072997416,2.3997781847153785,1.0257865910684554,0.49647530485490055,0.9859999115074831,3.0
persistence,1,3,1,rung5_wls_bagged,0.1212498571877298,0.037322274881516584,1.025144034363786,3.7801099871496953,1.0257865910684554,0.49647530485490055,0.9859999115074831,3.0
persistence,1,3,1,rung4_shrunk,0.14442246136123552,0.003909952606635071,1.0131808697330118,2.507496469944484,1.0257865910684554,0.49647530485490055,0.9859999115074831,3.0
persistence,1,4,1,rung1_global,0.14254029068076135,0.0,1.0000000000000004,1.0000000000000009,1.037143955088872,0.46114487527107806,0.8557863776521806,3.0
persistence,1,4,1,rung2_series,0.1467952997791932,0.0,0.9852477421383933,1.5042216868580944,1.037143955088872,0.46114487527107806,0.8557863776521806,3.0
persistence,1,4,1,rung3_cell,0.13933944835159268,0.0,1.018943669786502,2.5752957141322095,1.037143955088872,0.46114487527107806,0.8557863776521806,3.0
persistence,1,4,1,rung5_wls_bagged,0.12038649588115029,0.030924170616113744,1.015952226212006,3.6971343671831534,1.037143955088872,0.46114487527107806,0.8557863776521806,3.0
persistence,1,4,1,rung4_shrunk,0.14479521809633555,0.004739336492890996,0.9969119937168669,2.4527120396486963,1.037143955088872,0.46114487527107806,0.8557863776521806,3.0
persistence,7,0,1,rung1_global,0.05444110741687389,0.0,1.0,1.0,0.7750306429056176,0.5817598654124017,1.3909709214923633,3.0
persistence,7,0,1,rung2_series,0.06728977463281485,0.0,1.1566048720137287,2.127999042773298,0.7750306429056176,0.5817598654124017,1.3909709214923633,3.0
persistence,7,0,1,rung3_cell,0.06313519345660265,0.015865384615384615,1.129614247449448,3.197031381239376,0.7750306429056176,0.5817598654124017,1.3909709214923633,3.0
persistence,7,0,1,rung5_wls_bagged,0.017759255687738045,0.07247596153846154,1.1993077662764198,5.626309625088707,0.7750306429056176,0.5817598654124017,1.3909709214923633,3.0
persistence,7,0,1,rung4_shrunk,0.05374398694040938,0.01514423076923077,1.176165043450907,3.868090717225204,0.7750306429056176,0.5817598654124017,1.3909709214923633,3.0
persistence,7,1,1,rung1_global,0.048085942589943705,0.0,1.0,1.0,0.6951669270818245,0.5763164301041935,1.360252016017338,3.0
persistence,7,1,1,rung2_series,0.06265463877596997,0.0,1.189828064824472,2.1369675215951416,0.6951669270818245,0.5763164301041935,1.360252016017338,3.0
persistence,7,1,1,rung3_cell,0.06027500529396176,0.009375,1.1753118688209683,3.619541042356083,0.6951669270818245,0.5763164301041935,1.360252016017338,3.0
persistence,7,1,1,rung5_wls_bagged,0.004516540214398568,0.06346153846153846,1.254262139427251,5.505861222681354,0.6951669270818245,0.5763164301041935,1.360252016017338,3.0
persistence,7,1,1,rung4_shrunk,0.04549479825571343,0.009495192307692307,1.2237281053287015,3.784848170849199,0.6951669270818245,0.5763164301041935,1.360252016017338,3.0
persistence,7,2,1,rung1_global,0.047554598094746776,0.0,1.0000000000000002,1.0000000000000004,0.7000680972926114,0.5629664472276634,1.2881538354583244,3.0
persistence,7,2,1,rung2_series,0.06388993475369835,0.0,1.177123202893004,2.099373443884443,0.7000680972926114,0.5629664472276634,1.2881538354583244,3.0
persistence,7,2,1,rung3_cell,0.05871649555767394,0.015865384615384615,1.1620572925440336,3.004510641707146,0.7000680972926114,0.5629664472276634,1.2881538354583244,3.0
persistence,7,2,1,rung5_wls_bagged,0.017406812824278434,0.053966346153846156,1.2358076130223308,4.327266327554092,0.7000680972926114,0.5629664472276634,1.2881538354583244,3.0
persistence,7,2,1,rung4_shrunk,0.05210434444819637,0.012139423076923077,1.2038357488672395,3.0644299245602595,0.7000680972926114,0.5629664472276634,1.2881538354583244,3.0
persistence,7,3,1,rung1_global,0.04530354316779745,0.0,1.0000000000000002,1.0000000000000004,0.6993692639512409,0.5904768527398074,1.4418644139903656,3.0
persistence,7,3,1,rung2_series,0.057290169895536015,0.0,1.2036868047209925,2.219517866373089,0.6993692639512409,0.5904768527398074,1.4418644139903656,3.0
persistence,7,3,1,rung3_cell,0.054742473945510725,0.015865384615384615,1.1867611870152046,3.209499824057819,0.6993692639512409,0.5904768527398074,1.4418644139903656,3.0
persistence,7,3,1,rung5_wls_bagged,0.008367025204948364,0.07043269230769231,1.230494773552209,4.19378991336792,0.6993692639512409,0.5904768527398074,1.4418644139903656,3.0
persistence,7,3,1,rung4_shrunk,0.042793373259995285,0.013942307692307693,1.2125847732824635,3.385279811134774,0.6993692639512409,0.5904768527398074,1.4418644139903656,3.0
persistence,7,4,1,rung1_global,0.05349984805851941,0.0,1.0000000000000002,1.0000000000000004,0.6782845111755801,0.5948043301495289,1.4679434515404097,3.0
persistence,7,4,1,rung2_series,0.06480119907193245,0.0,1.2002389071283543,2.1670742976084756,0.6782845111755801,0.5948043301495289,1.4679434515404097,3.0
persistence,7,4,1,rung3_cell,0.06045378257923847,0.015865384615384615,1.1765805530853373,3.2995669855729086,0.6782845111755801,0.5948043301495289,1.4679434515404097,3.0
persistence,7,4,1,rung5_wls_bagged,0.01612767919699723,0.05889423076923077,1.2773089357233305,5.284613479975595,0.6782845111755801,0.5948043301495289,1.4679434515404097,3.0
persistence,7,4,1,rung4_shrunk,0.051855242333596084,0.013221153846153846,1.2441058540953116,3.728058316972894,0.6782845111755801,0.5948043301495289,1.4679434515404097,3.0
roll7,3,0,1,rung1_global,0.0570085875299441,0.0,0.9999999999999998,0.9999999999999999,0.7140706022634278,0.611870077214019,1.576456854503874,3.0
roll7,3,0,1,rung2_series,0.08819759593058636,0.0,1.2116023357728942,1.647179799549083,0.7140706022634278,0.611870077214019,1.576456854503874,3.0
roll7,3,0,1,rung3_cell,0.07861546862915855,0.012023809523809523,1.2302123641515905,3.712284756850526,0.7140706022634278,0.611870077214019,1.576456854503874,3.0
roll7,3,0,1,rung5_wls_bagged,0.021831309125111036,0.048214285714285716,1.3830800073995413,5.14351149320059,0.7140706022634278,0.611870077214019,1.576456854503874,3.0
roll7,3,0,1,rung4_shrunk,0.06611254044863721,0.014642857142857143,1.3154308881826775,3.630154129711677,0.7140706022634278,0.611870077214019,1.576456854503874,3.0
roll7,3,1,1,rung1_global,0.03981889168062908,0.0,1.0000000000000002,1.0000000000000002,0.7166271617374076,0.5712316950566019,1.3322619430370688,3.0
roll7,3,1,1,rung2_series,0.08730717381747463,0.0,1.190517931535487,1.7397919851118915,0.7166271617374076,0.5712316950566019,1.3322619430370688,3.0
roll7,3,1,1,rung3_cell,0.07894987699797318,0.012023809523809523,1.2111320658263252,3.214633360510477,0.7166271617374076,0.5712316950566019,1.3322619430370688,3.0
roll7,3,1,1,rung5_wls_bagged,0.0008135758536387705,0.033928571428571426,1.2976669760702602,4.649731563197735,0.7166271617374076,0.5712316950566019,1.3322619430370688,3.0
roll7,3,1,1,rung4_shrunk,0.0618109619920578,0.004285714285714286,1.252425910850621,3.2158984348623814,0.7166271617374076,0.5712316950566019,1.3322619430370688,3.0
roll7,3,2,1,rung1_global,0.04101518918828912,0.0,1.0,1.0,0.6999945438734929,0.5941032369865674,1.4636806476993423,3.0
roll7,3,2,1,rung2_series,0.07648777219832018,0.0,1.2398270634331607,1.738286983829161,0.6999945438734929,0.5941032369865674,1.4636806476993423,3.0
roll7,3,2,1,rung3_cell,0.06914550853426489,0.0,1.2509209289405727,2.7170778723773603,0.6999945438734929,0.5941032369865674,1.4636806476993423,3.0
roll7,3,2,1,rung5_wls_bagged,-0.04694811315245351,0.046785714285714285,1.4028575941105952,4.850661679159697,0.6999945438734929,0.5941032369865674,1.4636806476993423,3.0
roll7,3,2,1,rung4_shrunk,0.02807765737822777,0.008095238095238095,1.3421887271084918,3.390132144141118,0.6999945438734929,0.5941032369865674,1.4636806476993423,3.0
roll7,3,3,1,rung1_global,0.0270819202231898,0.0,0.9999999999999998,0.9999999999999996,0.7281025053936114,0.5853117256076472,1.4114499052699543,3.0
roll7,3,3,1,rung2_series,0.07702348164015027,0.0,1.2202566937744814,1.849232690383043,0.7281025053936114,0.5853117256076472,1.4114499052699543,3.0
roll7,3,3,1,rung3_cell,0.06583447738568751,0.012023809523809523,1.2239073619411243,3.2518616710226946,0.7281025053936114,0.5853117256076472,1.4114499052699543,3.0
roll7,3,3,1,rung5_wls_bagged,-0.0708339672071897,0.04773809523809524,1.2863518932930873,6.018244299164104,0.7281025053936114,0.5853117256076472,1.4114499052699543,3.0
roll7,3,3,1,rung4_shrunk,0.0226287657257501,0.013214285714285715,1.2587177401500462,4.1051438890311935,0.7281025053936114,0.5853117256076472,1.4114499052699543,3.0
roll7,3,4,1,rung1_global,0.022551634155883273,0.0,1.0000000000000002,1.0000000000000002,0.7368231280566632,0.563395442678193,1.2904021115449156,3.0
roll7,3,4,1,rung2_series,0.07622182712704012,0.0,1.172246098826132,1.709596949352638,0.7368231280566632,0.563395442678193,1.2904021115449156,3.0
roll7,3,4,1,rung3_cell,0.06833148161685638,0.012023809523809523,1.1835157546910557,3.024641865230588,0.7368231280566632,0.563395442678193,1.2904021115449156,3.0
roll7,3,4,1,rung5_wls_bagged,-0.01533012134737054,0.030714285714285715,1.2748875652504408,4.55004438150331,0.7368231280566632,0.563395442678193,1.2904021115449156,3.0
roll7,3,4,1,rung4_shrunk,0.05239908915539149,0.002261904761904762,1.2308858879433477,3.238754389950655,0.7368231280566632,0.563395442678193,1.2904021115449156,3.0
roll7,7,0,1,rung1_global,0.059841741826361386,0.0,1.0000000000000002,1.0000000000000002,0.6361142076011516,0.6368265202835965,1.753505021294189,3.0
roll7,7,0,1,rung2_series,0.08390909659792602,0.0,1.232291368814313,1.9915529689205504,0.6361142076011516,0.6368265202835965,1.753505021294189,3.0
roll7,7,0,1,rung3_cell,0.07945622509834126,0.0,1.2216493893187088,2.19187117582516,0.6361142076011516,0.6368265202835965,1.753505021294189,3.0
roll7,7,0,1,rung5_wls_bagged,0.00689261375907062,0.07728365384615385,1.3314628595566802,5.305661005875393,0.6361142076011516,0.6368265202835965,1.753505021294189,3.0
roll7,7,0,1,rung4_shrunk,0.0582328611567545,0.021153846153846155,1.2901931881814475,3.9294487917062804,0.6361142076011516,0.6368265202835965,1.753505021294189,3.0
roll7,7,1,1,rung1_global,0.056627822427529874,0.0,1.0000000000000002,1.0000000000000002,0.6682537826283896,0.6224686852007364,1.6487868974040156,3.0
roll7,7,1,1,rung2_series,0.08422407684804614,0.0,1.214880603589369,1.741569932437075,0.6682537826283896,0.6224686852007364,1.6487868974040156,3.0
roll7,7,1,1,rung3_cell,0.07284349203800553,0.0,1.1993012172424269,2.4269600674146927,0.6682537826283896,0.6224686852007364,1.6487868974040156,3.0
roll7,7,1,1,rung5_wls_bagged,0.011436233379422272,0.06298076923076923,1.2550267821216845,5.0649425085959585,0.6682537826283896,0.6224686852007364,1.6487868974040156,3.0
roll7,7,1,1,rung4_shrunk,0.06106533769567875,0.02295673076923077,1.2334954023475035,3.7718677147312025,0.6682537826283896,0.6224686852007364,1.6487868974040156,3.0
roll7,7,2,1,rung1_global,0.05496709811573423,0.0,1.0000000000000002,1.0000000000000004,0.6587225946676418,0.6395269508110893,1.77413249686785,3.0
roll7,7,2,1,rung2_series,0.07934218082747331,0.0,1.2078241542241888,1.7645572822657973,0.6587225946676418,0.6395269508110893,1.77413249686785,3.0
roll7,7,2,1,rung3_cell,0.06964344751788262,0.0,1.1977799284240174,2.119927812302889,0.6587225946676418,0.6395269508110893,1.77413249686785,3.0
roll7,7,2,1,rung5_wls_bagged,0.022056414749524644,0.07247596153846154,1.3327479154744464,5.835794438242632,0.6587225946676418,0.6395269508110893,1.77413249686785,3.0
roll7,7,2,1,rung4_shrunk,0.06430110208569925,0.0234375,1.2862261036974552,4.273955186871975,0.6587225946676418,0.6395269508110893,1.77413249686785,3.0
roll7,7,3,1,rung1_global,0.06040453847884895,0.0,1.0000000000000002,1.0000000000000002,0.6442644000634451,0.6496816238448633,1.8545462301331148,3.0
roll7,7,3,1,rung2_series,0.0746267708201129,0.0,1.2307237665630053,1.879556187086155,0.6442644000634451,0.6496816238448633,1.8545462301331148,3.0
roll7,7,3,1,rung3_cell,0.06324736947998529,0.0,1.2229910702097473,2.094048054754503,0.6442644000634451,0.6496816238448633,1.8545462301331148,3.0
roll7,7,3,1,rung5_wls_bagged,-0.0038479126529549434,0.0829326923076923,1.4284149552567018,5.0841834754823,0.6442644000634451,0.6496816238448633,1.8545462301331148,3.0
roll7,7,3,1,rung4_shrunk,0.04737828378946436,0.02451923076923077,1.356438657595374,3.8489783476290063,0.6442644000634451,0.6496816238448633,1.8545462301331148,3.0
roll7,7,4,1,rung1_global,0.05850362521655032,0.0,0.9999999999999998,0.9999999999999998,0.6771434583494091,0.6515749977021726,1.8700580997491631,3.0
roll7,7,4,1,rung2_series,0.06575568150719055,0.0,1.2366470496292055,1.924892213633201,0.6771434583494091,0.6515749977021726,1.8700580997491631,3.0
roll7,7,4,1,rung3_cell,0.05743440565524147,0.0,1.2201643971546414,2.0862084016220774,0.6771434583494091,0.6515749977021726,1.8700580997491631,3.0
roll7,7,4,1,rung5_wls_bagged,-0.0043719771774511865,0.0671875,1.349210893260413,4.983644568395028,0.6771434583494091,0.6515749977021726,1.8700580997491631,3.0
roll7,7,4,1,rung4_shrunk,0.04389640941906895,0.02235576923076923,1.3058216216698715,3.8773394235037943,0.6771434583494091,0.6515749977021726,1.8700580997491631,3.0
persistence,1,0,1,rung1_global,0.1359901729114697,0.0,0.9999999999999998,0.9999999999999998,1.037285969413669,0.47256635441268263,0.8959730922862571,inf
persistence,1,0,1,rung2_series,0.14206027121000342,0.05,0.9860394603007638,1.4215012200430617,1.037285969413669,0.47256635441268263,0.8959730922862571,inf
persistence,1,0,1,rung3_cell,0.13659970401402985,0.004502369668246445,0.9994847667359462,2.268246088807158,1.037285969413669,0.47256635441268263,0.8959730922862571,inf
persistence,1,0,1,rung5_wls_bagged,0.11938461937010043,0.03601895734597156,0.9823784105857563,4.003308003296466,1.037285969413669,0.47256635441268263,0.8959730922862571,inf
persistence,1,0,1,rung4_shrunk,0.1410938855468064,0.009478672985781991,0.9801756119901663,2.572517415026504,1.037285969413669,0.47256635441268263,0.8959730922862571,inf
persistence,1,1,1,rung1_global,0.1399237561520035,0.0,1.0000000000000002,1.0000000000000004,1.0232105455726777,0.5323515885582378,1.1383585949046537,inf
persistence,1,1,1,rung2_series,0.14364618308147226,0.0,0.9827096916603054,1.4551452127120974,1.0232105455726777,0.5323515885582378,1.1383585949046537,inf
persistence,1,1,1,rung3_cell,0.13723469796349677,0.0,1.0068180826696154,2.5540162450912796,1.0232105455726777,0.5323515885582378,1.1383585949046537,inf
persistence,1,1,1,rung5_wls_bagged,0.1097590196147948,0.03601895734597156,1.0025491093333851,4.504870545705188,1.0232105455726777,0.5323515885582378,1.1383585949046537,inf
persistence,1,1,1,rung4_shrunk,0.13669073385056163,0.008412322274881517,0.9888687350929034,3.0718690353841893,1.0232105455726777,0.5323515885582378,1.1383585949046537,inf
persistence,1,2,1,rung1_global,0.13924092815809885,0.0,0.9999999999999998,0.9999999999999998,0.9983032671414627,0.4825665410575514,0.9326156488678571,inf
persistence,1,2,1,rung2_series,0.14078957751246576,0.05,1.0005084981361727,1.5332393093049594,0.9983032671414627,0.4825665410575514,0.9326156488678571,inf
persistence,1,2,1,rung3_cell,0.13770247955884243,0.004502369668246445,1.0339519579371557,2.3350814105107944,0.9983032671414627,0.4825665410575514,0.9326156488678571,inf
persistence,1,2,1,rung5_wls_bagged,0.12263593025190474,0.037203791469194315,0.9751870634277596,3.8059612299662917,0.9983032671414627,0.4825665410575514,0.9326156488678571,inf
persistence,1,2,1,rung4_shrunk,0.14052212360212096,0.008649289099526067,0.9843078793748251,2.379355394116866,0.9983032671414627,0.4825665410575514,0.9326156488678571,inf
persistence,1,3,1,rung1_global,0.14038469119762564,0.0,0.9999999999999998,0.9999999999999997,1.0257865910684554,0.49647530485490055,0.9859999115074831,inf
persistence,1,3,1,rung2_series,0.14631256795609482,0.0,1.0072092839707398,1.4808455265561322,1.0257865910684554,0.49647530485490055,0.9859999115074831,inf
persistence,1,3,1,rung3_cell,0.13881893873370563,0.0,1.0212381072997416,2.3997781847153785,1.0257865910684554,0.49647530485490055,0.9859999115074831,inf
persistence,1,3,1,rung5_wls_bagged,0.12092219692730152,0.032701421800947865,1.0263404104289302,3.7801099871496953,1.0257865910684554,0.49647530485490055,0.9859999115074831,inf
persistence,1,3,1,rung4_shrunk,0.14442246136123552,0.003909952606635071,1.0131808697330118,2.507496469944484,1.0257865910684554,0.49647530485490055,0.9859999115074831,inf
persistence,1,4,1,rung1_global,0.14254029068076135,0.0,1.0000000000000004,1.0000000000000009,1.037143955088872,0.46114487527107806,0.8557863776521806,inf
persistence,1,4,1,rung2_series,0.1467952997791932,0.0,0.9852477421383933,1.5042216868580944,1.037143955088872,0.46114487527107806,0.8557863776521806,inf
persistence,1,4,1,rung3_cell,0.13933944835159268,0.0,1.018943669786502,2.5752957141322095,1.037143955088872,0.46114487527107806,0.8557863776521806,inf
persistence,1,4,1,rung5_wls_bagged,0.12023961457980037,0.0273696682464455,1.0168039494546672,3.6971343671831534,1.037143955088872,0.46114487527107806,0.8557863776521806,inf
persistence,1,4,1,rung4_shrunk,0.14479521809633555,0.004739336492890996,0.9969119937168669,2.4527120396486963,1.037143955088872,0.46114487527107806,0.8557863776521806,inf
persistence,7,0,1,rung1_global,0.05444110741687389,0.0,1.0,1.0,0.7750306429056176,0.5817598654124017,1.3909709214923633,inf
persistence,7,0,1,rung2_series,0.06728977463281485,0.0,1.1566048720137287,2.127999042773298,0.7750306429056176,0.5817598654124017,1.3909709214923633,inf
persistence,7,0,1,rung3_cell,0.06261256860924864,0.006490384615384616,1.1314614166485675,3.197031381239376,0.7750306429056176,0.5817598654124017,1.3909709214923633,inf
persistence,7,0,1,rung5_wls_bagged,0.013756977996326341,0.05552884615384615,1.2074302160788684,5.626309625088707,0.7750306429056176,0.5817598654124017,1.3909709214923633,inf
persistence,7,0,1,rung4_shrunk,0.053713988426247285,0.014423076923076924,1.176414261305694,3.868090717225204,0.7750306429056176,0.5817598654124017,1.3909709214923633,inf
persistence,7,1,1,rung1_global,0.048085942589943705,0.0,1.0,1.0,0.6951669270818245,0.5763164301041935,1.360252016017338,inf
persistence,7,1,1,rung2_series,0.06265463877596997,0.0,1.189828064824472,2.1369675215951416,0.6951669270818245,0.5763164301041935,1.360252016017338,inf
persistence,7,1,1,rung3_cell,0.05898323397033415,0.0,1.1811200660930565,3.619541042356083,0.6951669270818245,0.5763164301041935,1.360252016017338,inf
persistence,7,1,1,rung5_wls_bagged,0.002102165591082378,0.04903846153846154,1.2618960723894297,5.505861222681354,0.6951669270818245,0.5763164301041935,1.360252016017338,inf
persistence,7,1,1,rung4_shrunk,0.04540437722155226,0.007692307692307693,1.224276969994415,3.784848170849199,0.6951669270818245,0.5763164301041935,1.360252016017338,inf
persistence,7,2,1,rung1_global,0.047554598094746776,0.0,1.0000000000000002,1.0000000000000004,0.7000680972926114,0.5629664472276634,1.2881538354583244,inf
persistence,7,2,1,rung2_series,0.06388993475369835,0.0,1.177123202893004,2.099373443884443,0.7000680972926114,0.5629664472276634,1.2881538354583244,inf
persistence,7,2,1,rung3_cell,0.058705373328660784,0.006490384615384616,1.1620995798100382,3.004510641707146,0.7000680972926114,0.5629664472276634,1.2881538354583244,inf
persistence,7,2,1,rung5_wls_bagged,0.015430262632852415,0.04579326923076923,1.238933161044249,4.327266327554092,0.7000680972926114,0.5629664472276634,1.2881538354583244,inf
persistence,7,2,1,rung4_shrunk,0.05210389646423802,0.01201923076923077,1.2038434928485569,3.0644299245602595,0.7000680972926114,0.5629664472276634,1.2881538354583244,inf
persistence,7,3,1,rung1_global,0.04530354316779745,0.0,1.0000000000000002,1.0000000000000004,0.6993692639512409,0.5904768527398074,1.4418644139903656,inf
persistence,7,3,1,rung2_series,0.057290169895536015,0.0,1.2036868047209925,2.219517866373089,0.6993692639512409,0.5904768527398074,1.4418644139903656,inf
persistence,7,3,1,rung3_cell,0.054206313498710815,0.006490384615384616,1.1887252478657468,3.209499824057819,0.6993692639512409,0.5904768527398074,1.4418644139903656,inf
persistence,7,3,1,rung5_wls_bagged,0.0028574616549609743,0.05793269230769231,1.234718923543556,4.19378991336792,0.6993692639512409,0.5904768527398074,1.4418644139903656,inf
persistence,7,3,1,rung4_shrunk,0.04275834309111155,0.013461538461538462,1.212650271432051,3.385279811134774,0.6993692639512409,0.5904768527398074,1.4418644139903656,inf
persistence,7,4,1,rung1_global,0.05349984805851941,0.0,1.0000000000000002,1.0000000000000004,0.6782845111755801,0.5948043301495289,1.4679434515404097,inf
persistence,7,4,1,rung2_series,0.06480119907193245,0.0,1.2002389071283543,2.1670742976084756,0.6782845111755801,0.5948043301495289,1.4679434515404097,inf
persistence,7,4,1,rung3_cell,0.059483583076013466,0.006490384615384616,1.1793889935750832,3.2995669855729086,0.6782845111755801,0.5948043301495289,1.4679434515404097,inf
persistence,7,4,1,rung5_wls_bagged,0.014116496552911273,0.04038461538461539,1.2848516856385546,5.284613479975595,0.6782845111755801,0.5948043301495289,1.4679434515404097,inf
persistence,7,4,1,rung4_shrunk,0.05186749896369798,0.011778846153846154,1.2445069671043656,3.728058316972894,0.6782845111755801,0.5948043301495289,1.4679434515404097,inf
roll7,3,0,1,rung1_global,0.0570085875299441,0.0,0.9999999999999998,0.9999999999999999,0.7140706022634278,0.611870077214019,1.576456854503874,inf
roll7,3,0,1,rung2_series,0.08819759593058636,0.0,1.2116023357728942,1.647179799549083,0.7140706022634278,0.611870077214019,1.576456854503874,inf
roll7,3,0,1,rung3_cell,0.07609428922177001,0.0,1.2387767403946743,3.712284756850526,0.7140706022634278,0.611870077214019,1.576456854503874,inf
roll7,3,0,1,rung5_wls_bagged,0.012634351674247608,0.03166666666666667,1.3912869666325076,5.14351149320059,0.7140706022634278,0.611870077214019,1.576456854503874,inf
roll7,3,0,1,rung4_shrunk,0.06567509073569872,0.012976190476190476,1.3158616719659701,3.630154129711677,0.7140706022634278,0.611870077214019,1.576456854503874,inf
roll7,3,1,1,rung1_global,0.03981889168062908,0.0,1.0000000000000002,1.0000000000000002,0.7166271617374076,0.5712316950566019,1.3322619430370688,inf
roll7,3,1,1,rung2_series,0.08730717381747463,0.0,1.190517931535487,1.7397919851118915,0.7166271617374076,0.5712316950566019,1.3322619430370688,inf
roll7,3,1,1,rung3_cell,0.07828614499504938,0.0,1.2137127764705582,3.214633360510477,0.7166271617374076,0.5712316950566019,1.3322619430370688,inf
roll7,3,1,1,rung5_wls_bagged,-0.0068118334491298225,0.022857142857142857,1.303549057138248,4.649731563197735,0.7166271617374076,0.5712316950566019,1.3322619430370688,inf
roll7,3,1,1,rung4_shrunk,0.06169836072915005,0.0035714285714285713,1.2525057624383613,3.2158984348623814,0.7166271617374076,0.5712316950566019,1.3322619430370688,inf
roll7,3,2,1,rung1_global,0.04101518918828912,0.0,1.0,1.0,0.6999945438734929,0.5941032369865674,1.4636806476993423,inf
roll7,3,2,1,rung2_series,0.07648777219832018,0.0,1.2398270634331607,1.738286983829161,0.6999945438734929,0.5941032369865674,1.4636806476993423,inf
roll7,3,2,1,rung3_cell,0.06914550853426489,0.0,1.2509209289405727,2.7170778723773603,0.6999945438734929,0.5941032369865674,1.4636806476993423,inf
roll7,3,2,1,rung5_wls_bagged,-0.07346098068235737,0.021547619047619048,1.418718428875315,4.850661679159697,0.6999945438734929,0.5941032369865674,1.4636806476993423,inf
roll7,3,2,1,rung4_shrunk,0.027819912548023167,0.005714285714285714,1.3424895610473673,3.390132144141118,0.6999945438734929,0.5941032369865674,1.4636806476993423,inf
roll7,3,3,1,rung1_global,0.0270819202231898,0.0,0.9999999999999998,0.9999999999999996,0.7281025053936114,0.5853117256076472,1.4114499052699543,inf
roll7,3,3,1,rung2_series,0.07702348164015027,0.0,1.2202566937744814,1.849232690383043,0.7281025053936114,0.5853117256076472,1.4114499052699543,inf
roll7,3,3,1,rung3_cell,0.06511858118534712,0.0,1.2269356986998494,3.2518616710226946,0.7281025053936114,0.5853117256076472,1.4114499052699543,inf
roll7,3,3,1,rung5_wls_bagged,-0.09240782851146576,0.032023809523809524,1.2974983050371862,6.018244299164104,0.7281025053936114,0.5853117256076472,1.4114499052699543,inf
roll7,3,3,1,rung4_shrunk,0.02075777124575352,0.01011904761904762,1.2597938589512223,4.1051438890311935,0.7281025053936114,0.5853117256076472,1.4114499052699543,inf
roll7,3,4,1,rung1_global,0.022551634155883273,0.0,1.0000000000000002,1.0000000000000002,0.7368231280566632,0.563395442678193,1.2904021115449156,inf
roll7,3,4,1,rung2_series,0.07622182712704012,0.0,1.172246098826132,1.709596949352638,0.7368231280566632,0.563395442678193,1.2904021115449156,inf
roll7,3,4,1,rung3_cell,0.06825264561621726,0.0,1.1838120437848993,3.024641865230588,0.7368231280566632,0.563395442678193,1.2904021115449156,inf
roll7,3,4,1,rung5_wls_bagged,-0.018401840497690624,0.019761904761904762,1.2799454943557782,4.55004438150331,0.7368231280566632,0.563395442678193,1.2904021115449156,inf
roll7,3,4,1,rung4_shrunk,0.052394396566879185,0.0019047619047619048,1.230921554419255,3.238754389950655,0.7368231280566632,0.563395442678193,1.2904021115449156,inf
roll7,7,0,1,rung1_global,0.059841741826361386,0.0,1.0000000000000002,1.0000000000000002,0.6361142076011516,0.6368265202835965,1.753505021294189,inf
roll7,7,0,1,rung2_series,0.08390909659792602,0.0,1.232291368814313,1.9915529689205504,0.6361142076011516,0.6368265202835965,1.753505021294189,inf
roll7,7,0,1,rung3_cell,0.07945622509834126,0.0,1.2216493893187088,2.19187117582516,0.6361142076011516,0.6368265202835965,1.753505021294189,inf
roll7,7,0,1,rung5_wls_bagged,0.003948705677521797,0.050841346153846154,1.3421645250703986,5.305661005875393,0.6361142076011516,0.6368265202835965,1.753505021294189,inf
roll7,7,0,1,rung4_shrunk,0.05820318238131674,0.018028846153846152,1.2915246039081496,3.9294487917062804,0.6361142076011516,0.6368265202835965,1.753505021294189,inf
roll7,7,1,1,rung1_global,0.056627822427529874,0.0,1.0000000000000002,1.0000000000000002,0.6682537826283896,0.6224686852007364,1.6487868974040156,inf
roll7,7,1,1,rung2_series,0.08422407684804614,0.0,1.214880603589369,1.741569932437075,0.6682537826283896,0.6224686852007364,1.6487868974040156,inf
roll7,7,1,1,rung3_cell,0.07284349203800553,0.0,1.1993012172424269,2.4269600674146927,0.6682537826283896,0.6224686852007364,1.6487868974040156,inf
roll7,7,1,1,rung5_wls_bagged,0.007650881208719279,0.05024038461538462,1.262647941504584,5.0649425085959585,0.6682537826283896,0.6224686852007364,1.6487868974040156,inf
roll7,7,1,1,rung4_shrunk,0.06094430224236049,0.019951923076923075,1.2344120016360889,3.7718677147312025,0.6682537826283896,0.6224686852007364,1.6487868974040156,inf
roll7,7,2,1,rung1_global,0.05496709811573423,0.0,1.0000000000000002,1.0000000000000004,0.6587225946676418,0.6395269508110893,1.77413249686785,inf
roll7,7,2,1,rung2_series,0.07934218082747331,0.0,1.2078241542241888,1.7645572822657973,0.6587225946676418,0.6395269508110893,1.77413249686785,inf
roll7,7,2,1,rung3_cell,0.06964344751788262,0.0,1.1977799284240174,2.119927812302889,0.6587225946676418,0.6395269508110893,1.77413249686785,inf
roll7,7,2,1,rung5_wls_bagged,0.013300468283433158,0.04735576923076923,1.348404034348748,5.835794438242632,0.6587225946676418,0.6395269508110893,1.77413249686785,inf
roll7,7,2,1,rung4_shrunk,0.0643245945656206,0.01826923076923077,1.2890164224932377,4.273955186871975,0.6587225946676418,0.6395269508110893,1.77413249686785,inf
roll7,7,3,1,rung1_global,0.06040453847884895,0.0,1.0000000000000002,1.0000000000000002,0.6442644000634451,0.6496816238448633,1.8545462301331148,inf
roll7,7,3,1,rung2_series,0.0746267708201129,0.0,1.2307237665630053,1.879556187086155,0.6442644000634451,0.6496816238448633,1.8545462301331148,inf
roll7,7,3,1,rung3_cell,0.06324736947998529,0.0,1.2229910702097473,2.094048054754503,0.6442644000634451,0.6496816238448633,1.8545462301331148,inf
roll7,7,3,1,rung5_wls_bagged,-0.011968617718368952,0.04975961538461538,1.4433738298229732,5.0841834754823,0.6442644000634451,0.6496816238448633,1.8545462301331148,inf
roll7,7,3,1,rung4_shrunk,0.046323260442854806,0.018990384615384614,1.3580396123850396,3.8489783476290063,0.6442644000634451,0.6496816238448633,1.8545462301331148,inf
roll7,7,4,1,rung1_global,0.05850362521655032,0.0,0.9999999999999998,0.9999999999999998,0.6771434583494091,0.6515749977021726,1.8700580997491631,inf
roll7,7,4,1,rung2_series,0.06575568150719055,0.0,1.2366470496292055,1.924892213633201,0.6771434583494091,0.6515749977021726,1.8700580997491631,inf
roll7,7,4,1,rung3_cell,0.05743440565524147,0.0,1.2201643971546414,2.0862084016220774,0.6771434583494091,0.6515749977021726,1.8700580997491631,inf
roll7,7,4,1,rung5_wls_bagged,-0.006064201137941078,0.045072115384615384,1.3590292128435126,4.983644568395028,0.6771434583494091,0.6515749977021726,1.8700580997491631,inf
roll7,7,4,1,rung4_shrunk,0.043718182861876356,0.018149038461538463,1.3067484697597724,3.8773394235037943,0.6771434583494091,0.6515749977021726,1.8700580997491631,inf
