baseline_model,rung,seed,skill_sq_macro,skill_sq_pooled,base_mse,base_mae,frac_clipped,lam,rho,resid_R2,n_test,n_gate,dataset
DLinear,rung0_none,0,0.0,0.0,8.726012916208237,1.6502815411792415,0.0,0.5725543236853081,1.3394785709887147,0.02661632444111217,18144,9072,ETTh1
DLinear,rung1_global,0,-0.061956338164889754,0.026640829494269935,8.726012916208237,1.6502815411792415,0.0,0.5725543236853081,1.3394785709887147,0.02661632444111217,18144,9072,ETTh1
DLinear,rung2_series,0,-0.03244006702833862,0.03455193253346023,8.726012916208237,1.6502815411792415,0.0,0.5725543236853081,1.3394785709887147,0.02661632444111217,18144,9072,ETTh1
DLinear,rung3_cell,0,-0.07568779212762111,0.015193768567474897,8.726012916208237,1.6502815411792415,0.16005291005291006,0.5725543236853081,1.3394785709887147,0.02661632444111217,18144,9072,ETTh1
DLinear,rung5_instance,0,-0.07163540069946397,0.02106753766702052,8.726012916208237,1.6502815411792415,0.5503747795414462,0.5725543236853081,1.3394785709887147,0.02661632444111217,18144,9072,ETTh1
DLinear,rung4_shrunk,0,-0.05816504708210636,0.028530891912453393,8.726012916208237,1.6502815411792415,0.3264440035273369,0.5725543236853081,1.3394785709887147,0.02661632444111217,18144,9072,ETTh1
DLinear,rung0_none,1,0.0,0.0,8.726012916208237,1.6502815411792415,0.0,0.6154440482948667,1.6004018285660855,0.02661632444111217,18144,9072,ETTh1
DLinear,rung1_global,1,-0.061956338164889754,0.026640829494269935,8.726012916208237,1.6502815411792415,0.0,0.6154440482948667,1.6004018285660855,0.02661632444111217,18144,9072,ETTh1
DLinear,rung2_series,1,-0.03244006702833862,0.03455193253346023,8.726012916208237,1.6502815411792415,0.0,0.6154440482948667,1.6004018285660855,0.02661632444111217,18144,9072,ETTh1
DLinear,rung3_cell,1,-0.07568779212762111,0.015193768567474897,8.726012916208237,1.6502815411792415,0.16005291005291006,0.6154440482948667,1.6004018285660855,0.02661632444111217,18144,9072,ETTh1
DLinear,rung5_instance,1,-0.08395534575819422,0.017866810732501293,8.726012916208237,1.6502815411792415,0.5275022045855379,0.6154440482948667,1.6004018285660855,0.02661632444111217,18144,9072,ETTh1
DLinear,rung4_shrunk,1,-0.07220880000511075,0.025562808278873472,8.726012916208237,1.6502815411792415,0.32423941798941797,0.6154440482948667,1.6004018285660855,0.02661632444111217,18144,9072,ETTh1
DLinear,rung0_none,2,0.0,0.0,8.726012916208237,1.6502815411792415,0.0,0.599167770559119,1.4948093654916308,0.02661632444111217,18144,9072,ETTh1
DLinear,rung1_global,2,-0.061956338164889754,0.026640829494269935,8.726012916208237,1.6502815411792415,0.0,0.599167770559119,1.4948093654916308,0.02661632444111217,18144,9072,ETTh1
DLinear,rung2_series,2,-0.03244006702833862,0.03455193253346023,8.726012916208237,1.6502815411792415,0.0,0.599167770559119,1.4948093654916308,0.02661632444111217,18144,9072,ETTh1
DLinear,rung3_cell,2,-0.07568779212762111,0.015193768567474897,8.726012916208237,1.6502815411792415,0.16005291005291006,0.599167770559119,1.4948093654916308,0.02661632444111217,18144,9072,ETTh1
DLinear,rung5_instance,2,-0.07074565614446962,0.01613822084114347,8.726012916208237,1.6502815411792415,0.52744708994709,0.599167770559119,1.4948093654916308,0.02661632444111217,18144,9072,ETTh1
DLinear,rung4_shrunk,2,-0.05852093190867886,0.023471617420972923,8.726012916208237,1.6502815411792415,0.32953042328042326,0.599167770559119,1.4948093654916308,0.02661632444111217,18144,9072,ETTh1
DLinear,rung0_none,3,0.0,0.0,8.726012916208237,1.6502815411792415,0.0,0.5897947347695691,1.437803911264412,0.02661632444111217,18144,9072,ETTh1
DLinear,rung1_global,3,-0.061956338164889754,0.026640829494269935,8.726012916208237,1.6502815411792415,0.0,0.5897947347695691,1.437803911264412,0.02661632444111217,18144,9072,ETTh1
DLinear,rung2_series,3,-0.03244006702833862,0.03455193253346023,8.726012916208237,1.6502815411792415,0.0,0.5897947347695691,1.437803911264412,0.02661632444111217,18144,9072,ETTh1
DLinear,rung3_cell,3,-0.07568779212762111,0.015193768567474897,8.726012916208237,1.6502815411792415,0.16005291005291006,0.5897947347695691,1.437803911264412,0.02661632444111217,18144,9072,ETTh1
DLinear,rung5_instance,3,-0.06352815694971922,0.021007345673575983,8.726012916208237,1.6502815411792415,0.5726410934744268,0.5897947347695691,1.437803911264412,0.02661632444111217,18144,9072,ETTh1
DLinear,rung4_shrunk,3,-0.05094458582487942,0.030018434532738336,8.726012916208237,1.6502815411792415,0.35278880070546736,0.5897947347695691,1.437803911264412,0.02661632444111217,18144,9072,ETTh1
DLinear,rung0_none,4,0.0,0.0,8.726012916208237,1.6502815411792415,0.0,0.5923391367286083,1.4530193847287978,0.02661632444111217,18144,9072,ETTh1
DLinear,rung1_global,4,-0.061956338164889754,0.026640829494269935,8.726012916208237,1.6502815411792415,0.0,0.5923391367286083,1.4530193847287978,0.02661632444111217,18144,9072,ETTh1
DLinear,rung2_series,4,-0.03244006702833862,0.03455193253346023,8.726012916208237,1.6502815411792415,0.0,0.5923391367286083,1.4530193847287978,0.02661632444111217,18144,9072,ETTh1
DLinear,rung3_cell,4,-0.07568779212762111,0.015193768567474897,8.726012916208237,1.6502815411792415,0.16005291005291006,0.5923391367286083,1.4530193847287978,0.02661632444111217,18144,9072,ETTh1
DLinear,rung5_instance,4,-0.06842279780855064,0.02117904929569414,8.726012916208237,1.6502815411792415,0.5619488536155203,0.5923391367286083,1.4530193847287978,0.02661632444111217,18144,9072,ETTh1
DLinear,rung4_shrunk,4,-0.058640819337625216,0.02752896543912442,8.726012916208237,1.6502815411792415,0.36651234567901236,0.5923391367286083,1.4530193847287978,0.02661632444111217,18144,9072,ETTh1
NHITS,rung0_none,0,0.0,0.0,7.826693711898559,1.49195922161048,0.0,0.5443819961037905,1.1948210813631532,-0.0026088237451165064,18144,9072,ETTh1
NHITS,rung1_global,0,-0.08433243772725865,0.02315007618345044,7.826693711898559,1.49195922161048,0.0,0.5443819961037905,1.1948210813631532,-0.0026088237451165064,18144,9072,ETTh1
NHITS,rung2_series,0,0.008961764848541085,0.037950130172793584,7.826693711898559,1.49195922161048,0.0,0.5443819961037905,1.1948210813631532,-0.0026088237451165064,18144,9072,ETTh1
NHITS,rung3_cell,0,-0.023322049797343664,0.017212074636509422,7.826693711898559,1.49195922161048,0.18121693121693122,0.5443819961037905,1.1948210813631532,-0.0026088237451165064,18144,9072,ETTh1
NHITS,rung5_instance,0,-0.045388772973452195,0.008469449826059905,7.826693711898559,1.49195922161048,0.5637676366843033,0.5443819961037905,1.1948210813631532,-0.0026088237451165064,18144,9072,ETTh1
NHITS,rung4_shrunk,0,-0.0224627382076338,0.01958890798649693,7.826693711898559,1.49195922161048,0.3777006172839506,0.5443819961037905,1.1948210813631532,-0.0026088237451165064,18144,9072,ETTh1
NHITS,rung0_none,1,0.0,0.0,7.826693711898559,1.49195922161048,0.0,0.5061124053036845,1.024752212322494,-0.0026088237451165064,18144,9072,ETTh1
NHITS,rung1_global,1,-0.08433243772725865,0.02315007618345044,7.826693711898559,1.49195922161048,0.0,0.5061124053036845,1.024752212322494,-0.0026088237451165064,18144,9072,ETTh1
NHITS,rung2_series,1,0.008961764848541085,0.037950130172793584,7.826693711898559,1.49195922161048,0.0,0.5061124053036845,1.024752212322494,-0.0026088237451165064,18144,9072,ETTh1
NHITS,rung3_cell,1,-0.023322049797343664,0.017212074636509422,7.826693711898559,1.49195922161048,0.18121693121693122,0.5061124053036845,1.024752212322494,-0.0026088237451165064,18144,9072,ETTh1
NHITS,rung5_instance,1,-0.059754920291440396,-0.0015813588930975175,7.826693711898559,1.49195922161048,0.517416225749559,0.5061124053036845,1.024752212322494,-0.0026088237451165064,18144,9072,ETTh1
NHITS,rung4_shrunk,1,-0.034175989296084154,0.01197105680836641,7.826693711898559,1.49195922161048,0.30963403880070545,0.5061124053036845,1.024752212322494,-0.0026088237451165064,18144,9072,ETTh1
NHITS,rung0_none,2,0.0,0.0,7.826693711898559,1.49195922161048,0.0,0.5444101595744004,1.1949567599352684,-0.0026088237451165064,18144,9072,ETTh1
NHITS,rung1_global,2,-0.08433243772725865,0.02315007618345044,7.826693711898559,1.49195922161048,0.0,0.5444101595744004,1.1949567599352684,-0.0026088237451165064,18144,9072,ETTh1
NHITS,rung2_series,2,0.008961764848541085,0.037950130172793584,7.826693711898559,1.49195922161048,0.0,0.5444101595744004,1.1949567599352684,-0.0026088237451165064,18144,9072,ETTh1
NHITS,rung3_cell,2,-0.023322049797343664,0.017212074636509422,7.826693711898559,1.49195922161048,0.18121693121693122,0.5444101595744004,1.1949567599352684,-0.0026088237451165064,18144,9072,ETTh1
NHITS,rung5_instance,2,-0.05336516502916503,0.003904074352772624,7.826693711898559,1.49195922161048,0.5545083774250441,0.5444101595744004,1.1949567599352684,-0.0026088237451165064,18144,9072,ETTh1
NHITS,rung4_shrunk,2,-0.03284848046171466,0.015713143700973098,7.826693711898559,1.49195922161048,0.36607142857142855,0.5444101595744004,1.1949567599352684,-0.0026088237451165064,18144,9072,ETTh1
NHITS,rung0_none,3,0.0,0.0,7.826693711898559,1.49195922161048,0.0,0.5312454511020283,1.1333126309941328,-0.0026088237451165064,18144,9072,ETTh1
NHITS,rung1_global,3,-0.08433243772725865,0.02315007618345044,7.826693711898559,1.49195922161048,0.0,0.5312454511020283,1.1333126309941328,-0.0026088237451165064,18144,9072,ETTh1
NHITS,rung2_series,3,0.008961764848541085,0.037950130172793584,7.826693711898559,1.49195922161048,0.0,0.5312454511020283,1.1333126309941328,-0.0026088237451165064,18144,9072,ETTh1
NHITS,rung3_cell,3,-0.023322049797343664,0.017212074636509422,7.826693711898559,1.49195922161048,0.18121693121693122,0.5312454511020283,1.1333126309941328,-0.0026088237451165064,18144,9072,ETTh1
NHITS,rung5_instance,3,-0.0469429431878055,-0.0032446213554173653,7.826693711898559,1.49195922161048,0.5438161375661376,0.5312454511020283,1.1333126309941328,-0.0026088237451165064,18144,9072,ETTh1
NHITS,rung4_shrunk,3,-0.024539722527512988,0.009991442172313958,7.826693711898559,1.49195922161048,0.33526234567901236,0.5312454511020283,1.1333126309941328,-0.0026088237451165064,18144,9072,ETTh1
NHITS,rung0_none,4,0.0,0.0,7.826693711898559,1.49195922161048,0.0,0.5449324689431416,1.1974760486154203,-0.0026088237451165064,18144,9072,ETTh1
NHITS,rung1_global,4,-0.08433243772725865,0.02315007618345044,7.826693711898559,1.49195922161048,0.0,0.5449324689431416,1.1974760486154203,-0.0026088237451165064,18144,9072,ETTh1
NHITS,rung2_series,4,0.008961764848541085,0.037950130172793584,7.826693711898559,1.49195922161048,0.0,0.5449324689431416,1.1974760486154203,-0.0026088237451165064,18144,9072,ETTh1
NHITS,rung3_cell,4,-0.023322049797343664,0.017212074636509422,7.826693711898559,1.49195922161048,0.18121693121693122,0.5449324689431416,1.1974760486154203,-0.0026088237451165064,18144,9072,ETTh1
NHITS,rung5_instance,4,-0.06088701838781877,0.00024392946785900538,7.826693711898559,1.49195922161048,0.5125110229276896,0.5449324689431416,1.1974760486154203,-0.0026088237451165064,18144,9072,ETTh1
NHITS,rung4_shrunk,4,-0.034858821463279184,0.014664489146165138,7.826693711898559,1.49195922161048,0.3154210758377425,0.5449324689431416,1.1974760486154203,-0.0026088237451165064,18144,9072,ETTh1
PatchTST,rung0_none,0,0.0,0.0,7.92946684698265,1.4623637920390482,0.0,0.5359812603022234,1.1550853757572745,0.005004011495172156,18144,9072,ETTh1
PatchTST,rung1_global,0,-0.10742418039319401,0.005389820699084558,7.92946684698265,1.4623637920390482,0.0,0.5359812603022234,1.1550853757572745,0.005004011495172156,18144,9072,ETTh1
PatchTST,rung2_series,0,-0.06783277203179519,-0.0057708044687148075,7.92946684698265,1.4623637920390482,0.0,0.5359812603022234,1.1550853757572745,0.005004011495172156,18144,9072,ETTh1
PatchTST,rung3_cell,0,-0.08302202078141983,-0.015085222936055409,7.92946684698265,1.4623637920390482,0.1984126984126984,0.5359812603022234,1.1550853757572745,0.005004011495172156,18144,9072,ETTh1
PatchTST,rung5_instance,0,-0.08747658784393182,-0.0005954785683663921,7.92946684698265,1.4623637920390482,0.4828593474426808,0.5359812603022234,1.1550853757572745,0.005004011495172156,18144,9072,ETTh1
PatchTST,rung4_shrunk,0,-0.06539335390337966,0.003246822872189137,7.92946684698265,1.4623637920390482,0.22326940035273368,0.5359812603022234,1.1550853757572745,0.005004011495172156,18144,9072,ETTh1
PatchTST,rung0_none,1,0.0,0.0,7.92946684698265,1.4623637920390482,0.0,0.518080730829525,1.0750363473145506,0.005004011495172156,18144,9072,ETTh1
PatchTST,rung1_global,1,-0.10742418039319401,0.005389820699084558,7.92946684698265,1.4623637920390482,0.0,0.518080730829525,1.0750363473145506,0.005004011495172156,18144,9072,ETTh1
PatchTST,rung2_series,1,-0.06783277203179519,-0.0057708044687148075,7.92946684698265,1.4623637920390482,0.0,0.518080730829525,1.0750363473145506,0.005004011495172156,18144,9072,ETTh1
PatchTST,rung3_cell,1,-0.08302202078141983,-0.015085222936055409,7.92946684698265,1.4623637920390482,0.1984126984126984,0.518080730829525,1.0750363473145506,0.005004011495172156,18144,9072,ETTh1
PatchTST,rung5_instance,1,-0.08349762982298185,-0.0005178340325560082,7.92946684698265,1.4623637920390482,0.4729938271604938,0.518080730829525,1.0750363473145506,0.005004011495172156,18144,9072,ETTh1
PatchTST,rung4_shrunk,1,-0.06757648030085203,-0.00022611586815735052,7.92946684698265,1.4623637920390482,0.2314263668430335,0.518080730829525,1.0750363473145506,0.005004011495172156,18144,9072,ETTh1
PatchTST,rung0_none,2,0.0,0.0,7.92946684698265,1.4623637920390482,0.0,0.5561649766596941,1.2530894305591118,0.005004011495172156,18144,9072,ETTh1
PatchTST,rung1_global,2,-0.10742418039319401,0.005389820699084558,7.92946684698265,1.4623637920390482,0.0,0.5561649766596941,1.2530894305591118,0.005004011495172156,18144,9072,ETTh1
PatchTST,rung2_series,2,-0.06783277203179519,-0.0057708044687148075,7.92946684698265,1.4623637920390482,0.0,0.5561649766596941,1.2530894305591118,0.005004011495172156,18144,9072,ETTh1
PatchTST,rung3_cell,2,-0.08302202078141983,-0.015085222936055409,7.92946684698265,1.4623637920390482,0.1984126984126984,0.5561649766596941,1.2530894305591118,0.005004011495172156,18144,9072,ETTh1
PatchTST,rung5_instance,2,-0.08687925926646423,-0.010974888671744232,7.92946684698265,1.4623637920390482,0.4764109347442681,0.5561649766596941,1.2530894305591118,0.005004011495172156,18144,9072,ETTh1
PatchTST,rung4_shrunk,2,-0.06824175807746964,-0.004728511880579767,7.92946684698265,1.4623637920390482,0.26317239858906527,0.5561649766596941,1.2530894305591118,0.005004011495172156,18144,9072,ETTh1
PatchTST,rung0_none,3,0.0,0.0,7.92946684698265,1.4623637920390482,0.0,0.4831359974228025,0.9347449135822582,0.005004011495172156,18144,9072,ETTh1
PatchTST,rung1_global,3,-0.10742418039319401,0.005389820699084558,7.92946684698265,1.4623637920390482,0.0,0.4831359974228025,0.9347449135822582,0.005004011495172156,18144,9072,ETTh1
PatchTST,rung2_series,3,-0.06783277203179519,-0.0057708044687148075,7.92946684698265,1.4623637920390482,0.0,0.4831359974228025,0.9347449135822582,0.005004011495172156,18144,9072,ETTh1
PatchTST,rung3_cell,3,-0.08302202078141983,-0.015085222936055409,7.92946684698265,1.4623637920390482,0.1984126984126984,0.4831359974228025,0.9347449135822582,0.005004011495172156,18144,9072,ETTh1
PatchTST,rung5_instance,3,-0.10172504573195831,-0.009040181247647938,7.92946684698265,1.4623637920390482,0.45100308641975306,0.4831359974228025,0.9347449135822582,0.005004011495172156,18144,9072,ETTh1
PatchTST,rung4_shrunk,3,-0.0749821979647038,-0.0018626145725275656,7.92946684698265,1.4623637920390482,0.171847442680776,0.4831359974228025,0.9347449135822582,0.005004011495172156,18144,9072,ETTh1
PatchTST,rung0_none,4,0.0,0.0,7.92946684698265,1.4623637920390482,0.0,0.5349993241081473,1.1505345085403158,0.005004011495172156,18144,9072,ETTh1
PatchTST,rung1_global,4,-0.10742418039319401,0.005389820699084558,7.92946684698265,1.4623637920390482,0.0,0.5349993241081473,1.1505345085403158,0.005004011495172156,18144,9072,ETTh1
PatchTST,rung2_series,4,-0.06783277203179519,-0.0057708044687148075,7.92946684698265,1.4623637920390482,0.0,0.5349993241081473,1.1505345085403158,0.005004011495172156,18144,9072,ETTh1
PatchTST,rung3_cell,4,-0.08302202078141983,-0.015085222936055409,7.92946684698265,1.4623637920390482,0.1984126984126984,0.5349993241081473,1.1505345085403158,0.005004011495172156,18144,9072,ETTh1
PatchTST,rung5_instance,4,-0.08714483527737331,-0.0015388919744412366,7.92946684698265,1.4623637920390482,0.4938822751322751,0.5349993241081473,1.1505345085403158,0.005004011495172156,18144,9072,ETTh1
PatchTST,rung4_shrunk,4,-0.06374241665014381,0.00404637935223906,7.92946684698265,1.4623637920390482,0.259810405643739,0.5349993241081473,1.1505345085403158,0.005004011495172156,18144,9072,ETTh1
Persistence,rung0_none,0,0.0,0.0,26.443578864026968,2.7660101998089837,0.0,0.5512653944638857,1.2284887050448792,0.5788480211709959,18144,9072,ETTh1
Persistence,rung1_global,0,-0.037194632660085415,0.579092756559472,26.443578864026968,2.7660101998089837,0.0,0.5512653944638857,1.2284887050448792,0.5788480211709959,18144,9072,ETTh1
Persistence,rung2_series,0,0.24424022698400236,0.6267704164212188,26.443578864026968,2.7660101998089837,0.14285714285714285,0.5512653944638857,1.2284887050448792,0.5788480211709959,18144,9072,ETTh1
Persistence,rung3_cell,0,-0.03911888446852663,0.5859874779873622,26.443578864026968,2.7660101998089837,0.12698412698412698,0.5512653944638857,1.2284887050448792,0.5788480211709959,18144,9072,ETTh1
Persistence,rung5_instance,0,0.060128481264268493,0.5619307420507498,26.443578864026968,2.7660101998089837,0.13425925925925927,0.5512653944638857,1.2284887050448792,0.5788480211709959,18144,9072,ETTh1
Persistence,rung4_shrunk,0,0.18163426487659265,0.6081843259051428,26.443578864026968,2.7660101998089837,0.03180114638447972,0.5512653944638857,1.2284887050448792,0.5788480211709959,18144,9072,ETTh1
Persistence,rung0_none,1,0.0,0.0,26.443578864026968,2.7660101998089837,0.0,0.6123631934609027,1.5797343883007646,0.5788480211709959,18144,9072,ETTh1
Persistence,rung1_global,1,-0.037194632660085415,0.579092756559472,26.443578864026968,2.7660101998089837,0.0,0.6123631934609027,1.5797343883007646,0.5788480211709959,18144,9072,ETTh1
Persistence,rung2_series,1,0.24424022698400236,0.6267704164212188,26.443578864026968,2.7660101998089837,0.14285714285714285,0.6123631934609027,1.5797343883007646,0.5788480211709959,18144,9072,ETTh1
Persistence,rung3_cell,1,-0.03911888446852663,0.5859874779873622,26.443578864026968,2.7660101998089837,0.12698412698412698,0.6123631934609027,1.5797343883007646,0.5788480211709959,18144,9072,ETTh1
Persistence,rung5_instance,1,-0.04987353972794668,0.5409262664339345,26.443578864026968,2.7660101998089837,0.1468805114638448,0.6123631934609027,1.5797343883007646,0.5788480211709959,18144,9072,ETTh1
Persistence,rung4_shrunk,1,0.10982717409871233,0.5875294987805203,26.443578864026968,2.7660101998089837,0.04293430335097002,0.6123631934609027,1.5797343883007646,0.5788480211709959,18144,9072,ETTh1
Persistence,rung0_none,2,0.0,0.0,26.443578864026968,2.7660101998089837,0.0,0.600252955450089,1.5015819719841448,0.5788480211709959,18144,9072,ETTh1
Persistence,rung1_global,2,-0.037194632660085415,0.579092756559472,26.443578864026968,2.7660101998089837,0.0,0.600252955450089,1.5015819719841448,0.5788480211709959,18144,9072,ETTh1
Persistence,rung2_series,2,0.24424022698400236,0.6267704164212188,26.443578864026968,2.7660101998089837,0.14285714285714285,0.600252955450089,1.5015819719841448,0.5788480211709959,18144,9072,ETTh1
Persistence,rung3_cell,2,-0.03911888446852663,0.5859874779873622,26.443578864026968,2.7660101998089837,0.12698412698412698,0.600252955450089,1.5015819719841448,0.5788480211709959,18144,9072,ETTh1
Persistence,rung5_instance,2,-0.0775851700087766,0.5412332411100791,26.443578864026968,2.7660101998089837,0.15178571428571427,0.600252955450089,1.5015819719841448,0.5788480211709959,18144,9072,ETTh1
Persistence,rung4_shrunk,2,0.10192546080567556,0.5897624675576413,26.443578864026968,2.7660101998089837,0.0423831569664903,0.600252955450089,1.5015819719841448,0.5788480211709959,18144,9072,ETTh1
Persistence,rung0_none,3,0.0,0.0,26.443578864026968,2.7660101998089837,0.0,0.6048410739738775,1.530627385939129,0.5788480211709959,18144,9072,ETTh1
Persistence,rung1_global,3,-0.037194632660085415,0.579092756559472,26.443578864026968,2.7660101998089837,0.0,0.6048410739738775,1.530627385939129,0.5788480211709959,18144,9072,ETTh1
Persistence,rung2_series,3,0.24424022698400236,0.6267704164212188,26.443578864026968,2.7660101998089837,0.14285714285714285,0.6048410739738775,1.530627385939129,0.5788480211709959,18144,9072,ETTh1
Persistence,rung3_cell,3,-0.03911888446852663,0.5859874779873622,26.443578864026968,2.7660101998089837,0.12698412698412698,0.6048410739738775,1.530627385939129,0.5788480211709959,18144,9072,ETTh1
Persistence,rung5_instance,3,-0.17264680213454284,0.5340863688234073,26.443578864026968,2.7660101998089837,0.1414241622574956,0.6048410739738775,1.530627385939129,0.5788480211709959,18144,9072,ETTh1
Persistence,rung4_shrunk,3,0.04114559396703291,0.585590731634095,26.443578864026968,2.7660101998089837,0.04976851851851852,0.6048410739738775,1.530627385939129,0.5788480211709959,18144,9072,ETTh1
Persistence,rung0_none,4,0.0,0.0,26.443578864026968,2.7660101998089837,0.0,0.6101763005821532,1.5652621979971342,0.5788480211709959,18144,9072,ETTh1
Persistence,rung1_global,4,-0.037194632660085415,0.579092756559472,26.443578864026968,2.7660101998089837,0.0,0.6101763005821532,1.5652621979971342,0.5788480211709959,18144,9072,ETTh1
Persistence,rung2_series,4,0.24424022698400236,0.6267704164212188,26.443578864026968,2.7660101998089837,0.14285714285714285,0.6101763005821532,1.5652621979971342,0.5788480211709959,18144,9072,ETTh1
Persistence,rung3_cell,4,-0.03911888446852663,0.5859874779873622,26.443578864026968,2.7660101998089837,0.12698412698412698,0.6101763005821532,1.5652621979971342,0.5788480211709959,18144,9072,ETTh1
Persistence,rung5_instance,4,-0.0017948088016081418,0.5521074626296275,26.443578864026968,2.7660101998089837,0.15889550264550265,0.6101763005821532,1.5652621979971342,0.5788480211709959,18144,9072,ETTh1
Persistence,rung4_shrunk,4,0.13791565590558078,0.5942795079182506,26.443578864026968,2.7660101998089837,0.060460758377425046,0.6101763005821532,1.5652621979971342,0.5788480211709959,18144,9072,ETTh1
