model,target,horizon,n_obs,n_states,MASE_pooled,RMSSE_pooled,MAE_pooled,RMSE_pooled,MAPE_floored_pooled,MAE,RMSE,MAPE,sMAPE,MAPE_floored,MASE,RMSSE,MASE_worst_state
xgb_residual,total_generation_mwh,1,7578,18,0.44205655899308166,0.41326211559347764,6.444847006566357,10.237757419301477,3.8932888367380403,6.4448470065663575,8.811582712591587,4.474953323370016,4.139760311764993,3.8932888367380403,0.4442319795918547,0.4733374554100285,0.6406729364571612
cat_residual,total_generation_mwh,1,7578,18,0.4439494377125982,0.415699098116363,6.472443732598557,10.298128875970203,3.913640592588161,6.472443732598559,8.862705687448248,4.516298201029513,4.167101541541782,3.913640592588161,0.44612132198619847,0.47570896141723445,0.6440884879922039
xgb_residual,total_generation_mwh,2,7560,18,0.6386587432256416,0.5853855756539483,9.311156696488753,14.501778155243665,5.634078604658728,9.311156696488755,12.340674548240028,6.528600262429306,5.968051779138587,5.634078604658727,0.6405361958855474,0.6534919077113955,0.8906879287141521
cat_residual,total_generation_mwh,2,7560,18,0.6397985422180358,0.5900292916124071,9.327774095269016,14.616817099567333,5.651393868894621,9.327774095269014,12.43856098831249,6.503363756815058,5.976806317334436,5.65139386889462,0.6419670597962278,0.6592768104253304,0.8932610265961451
xgb_residual,total_generation_mwh,3,7542,18,0.7382532978195514,0.6690957576169,10.76316923648347,16.57553353742177,6.623660227301678,10.76316923648347,14.094287191223549,7.666262098141273,7.04557197375416,6.623660227301678,0.7513390672549487,0.7472428515489148,1.0465239159227577
cat_residual,total_generation_mwh,3,7542,18,0.7430316212007662,0.6740716096443554,10.83283354190623,16.69880050066197,6.680592366206869,10.832833541906227,14.214742587321119,7.713005328188184,7.085864154623852,6.680592366206869,0.7542165073328512,0.7542269519585674,1.050987517193036
xgb_residual,avg_market_price,1,7578,18,0.0732821821157851,0.32086371234261374,40.68117288928627,404.68322291454194,0.5493649285791188,40.68117288928627,404.683222914542,0.5493649285791187,0.5177033085543172,0.5493649285791187,0.07593036128416411,0.3363129045471877,0.0759303612841641
cat_residual,avg_market_price,1,7578,18,0.3937443560834849,0.41894997077583357,218.5794931529836,528.3926411487844,2.3874319872090757,218.5794931529836,528.3926411487839,2.3874319872090757,2.414682826413148,2.3874319872090757,0.4079729935413544,0.4391218954081373,0.40797318090838613
xgb_residual,avg_market_price,2,7560,18,0.1470167981627104,0.4543152564348045,81.61350564366245,572.9964315720653,1.1025952968435313,81.61350564366245,572.9964315720651,1.102595296843531,1.0391408038374708,1.102595296843531,0.15232950598684608,0.47618997597503415,0.15232950598684608
cat_residual,avg_market_price,2,7560,18,0.15259785880345358,0.4544231226762616,84.71172251270896,573.1324758069144,1.13771664076313,84.71172251270896,573.1324758069145,1.1377166407631303,1.074219791697513,1.1377166407631303,0.1581122479653928,0.4763030358430453,0.15811224796539283
xgb_residual,avg_market_price,3,7542,18,0.22654457350780266,0.5571410489770842,125.76179769646052,702.6834965908705,1.6899542844878226,125.76179769646052,702.6834965908705,1.6899542844878226,1.5947530899674907,1.6899542844878226,0.2347311558795554,0.5839667036697347,0.23473115587955543
cat_residual,avg_market_price,3,7542,18,0.6557108514938584,0.6630056166525256,364.005079336426,836.2031586510246,4.322669588049813,364.00507933642604,836.2031586510245,4.322669588049814,4.179502313734328,4.322669588049814,0.6794061041087783,0.694928519774209,0.6794061041087783
xgb_residual,grid_stress_index,1,7578,18,0.5029960089342929,0.7506005403260666,0.008569866357678722,0.027071849217055098,2.570897960531852,0.008569866357678722,0.0181984247154073,2.5708979605318523,2.344779718342119,2.5708979605318523,0.42469742826695067,0.5221531341335928,1.163517054076262
cat_residual,grid_stress_index,1,7578,18,0.5114857358046446,0.765565778034607,0.008714511292031697,0.027611599239839517,2.5886967637455056,0.008714511292031697,0.018728694119593978,2.588696763745505,2.366226158538406,2.588696763745505,0.4338807841589767,0.5426330437509798,1.1618116584511824
xgb_residual,grid_stress_index,2,7560,18,0.7003602368137074,0.9200860181087532,0.011932487584627623,0.033184668289927395,3.741286244001845,0.011932487584627623,0.021164884551012106,3.7412862440018455,3.3361526189190815,3.7412862440018455,0.5796931057563531,0.5971706006222556,1.7295795189677778
cat_residual,grid_stress_index,2,7560,18,0.7008280236417074,0.9456735097050339,0.011940457569535327,0.034107530287916715,3.682825040716061,0.011940457569535327,0.021761725248376336,3.682825040716061,3.294649748319822,3.682825040716061,0.5806537471797643,0.6154018715557782,1.7421480577232138
xgb_residual,grid_stress_index,3,7542,18,0.810186988952343,1.0128550202456175,0.013803676563482846,0.03653056041621719,4.460938749376715,0.013803676563482846,0.022967020121018908,4.460938749376714,3.890541242103927,4.460938749376714,0.6624141844326707,0.6439301380572111,2.059356623868318
cat_residual,grid_stress_index,3,7542,18,0.8182160923716386,1.033776507699411,0.01394047355998612,0.03728513401870829,4.4438901875727,0.013940473559986118,0.023360793181931877,4.443890187572699,3.9025942788012267,4.443890187572699,0.6702800521864775,0.6549476985208579,2.0585321213808716
xgb_residual,fcfs_priority_score,1,7578,18,0.6112380667044355,0.6503147037854251,0.020353666696875303,0.038435190865879015,15.383782271847258,0.020353666696875307,0.033771083353122885,16.404361481644052,13.809915758007044,15.38378227184726,0.6299050067615517,0.6480965734752648,1.2022309624964818
cat_residual,fcfs_priority_score,1,7578,18,0.6103210674676697,0.6534952615178632,0.02032313146380801,0.03862316961339099,15.264182661536548,0.020323131463808007,0.03389136766986786,16.16680263507481,13.690142920321614,15.264182661536552,0.6293215706368678,0.6503140719652285,1.2062007445635248
xgb_residual,fcfs_priority_score,2,7560,18,0.8187160417401442,0.8213340940954943,0.027262492866010863,0.04854285546283794,21.428162571242613,0.027262492866010863,0.04274909148663306,23.133524565967058,18.198467052835646,21.428162571242613,0.8311269558974476,0.808721141840847,1.4893750371963375
cat_residual,fcfs_priority_score,2,7560,18,0.819632649011769,0.8274265023149785,0.02729301504699866,0.048902931701904476,21.332719399262178,0.027293015046998662,0.04297603112939822,22.937075147015584,18.157913468461146,21.33271939926218,0.8315192058762091,0.8123219307150039,1.4753861009463012
xgb_residual,fcfs_priority_score,3,7542,18,0.931515174485794,0.9248222687950267,0.031018600472299266,0.054659259910999375,24.773561240694615,0.03101860047229927,0.048204990250536414,26.70234747698976,20.490969392451476,24.773561240694615,0.9457410541300051,0.9110653455336859,1.7962547146898742
cat_residual,fcfs_priority_score,3,7542,18,0.9201044496289601,0.9138144135396541,0.030638633806024777,0.054008668719839996,24.519138097367847,0.030638633806024773,0.04759446887949502,26.576052507471072,20.371541245391736,24.519138097367854,0.9350790855774738,0.8995990942587571,1.8012711313619654
xgb_residual,palmp,1,7578,18,0.15310558140046324,0.35079083139639555,99.3950136712318,469.7211000234041,0.8296362160330927,99.3950136712318,469.21816691360357,0.8296362160330928,0.8291724694719643,0.8296362160330928,0.1521274215377173,0.3642484892523505,0.27428114841233264
cat_residual,palmp,1,7578,18,0.3284690916597362,0.48151203846564505,213.2397105152026,644.7613339329669,1.7263112571587902,213.23971051520257,644.3231262836329,1.7263112571587904,1.7678157264318437,1.7263112571587904,0.33504334017603754,0.5002810973989658,0.4156246222749139
xgb_residual,palmp,2,7560,18,0.254537682288313,0.49476273035194485,165.24398509494168,662.5044703317361,1.3830642702334797,165.24398509494168,661.6915849960152,1.3830642702334799,1.383136287438446,1.3830642702334799,0.25447715356981515,0.5136056242535832,0.44077872640471716
cat_residual,palmp,2,7560,18,0.655120516868954,0.6712681179886143,425.29940538338275,898.8513112988163,3.4378753683444465,425.29940538338275,897.5543318296187,3.437875368344447,3.38444069652124,3.437875368344447,0.6744586715400573,0.6966456819955273,0.7750390953413937
xgb_residual,palmp,3,7542,18,0.3432167905367716,0.6070022803663493,222.8138078021465,812.7971239026118,1.8652723391440449,222.81380780214647,811.995001139916,1.8652723391440444,1.8674697912887137,1.8652723391440444,0.34544585348200363,0.6303419762427017,0.5421652155297998
cat_residual,palmp,3,7542,18,0.7726731292266044,0.6832794551639978,501.6136938992051,914.9349087187206,4.130169299820198,501.61369389920515,913.2124602377667,4.1301692998201975,4.132997013373892,4.1301692998201975,0.7955356938901476,0.7086808524922154,0.9362187645473417
xgb_residual,log_carbon,1,7578,18,0.44922660389816627,0.5346278500520101,0.08569129534983329,0.2434686806415917,8.81979343138177,0.08569129534983329,0.1444370690429908,2.5440573023524307,4.147376164424199,8.819793431381768,0.43678353130344016,0.44882887287317375,0.9909874022267698
cat_residual,log_carbon,1,7578,18,0.4506670042252189,0.5397170302232437,0.08596605594677123,0.24578628527389254,8.221070896488865,0.08596605594677124,0.14615245110857403,2.583359861115499,4.267583351455432,8.221070896488866,0.43800335499222365,0.4528859105131004,0.9912173682916787
xgb_residual,log_carbon,2,7560,18,0.6321630986843346,0.7042408689827648,0.12058696953510115,0.3207101822481594,17.28500984496353,0.12058696953510115,0.19291585006859682,3.4093012875247757,4.6299756972172466,17.285009844963525,0.6154057424157894,0.6104444724285298,1.3816748840745485
cat_residual,log_carbon,2,7560,18,0.6324296143713759,0.6884792714611011,0.12063780818591889,0.31353237556818575,15.134426239680524,0.12063780818591889,0.19186818782569093,3.47829823269737,4.777528603367202,15.134426239680522,0.6157057739225547,0.6117658441073145,1.3875524612390897
xgb_residual,log_carbon,3,7542,18,0.7128776745339914,0.7656772862988735,0.13598351216670662,0.34868822990475656,19.473033225510154,0.13598351216670662,0.21409605735938472,3.8172830611733417,5.001445547159268,19.473033225510157,0.711751119971794,0.6921865097912822,1.4669349366535842
cat_residual,log_carbon,3,7542,18,0.7204794246344652,0.7700239855532115,0.1374335683463335,0.3506677098972345,18.779712888679914,0.13743356834633352,0.21636231961174693,3.873933694964558,5.080698484033508,18.77971288867991,0.7094786628768821,0.6965320661322613,1.528804598552008
