target,horizon,seed,n_obs,n_states,MASE_pooled,RMSSE_pooled,MAE_pooled,RMSE_pooled,MAPE_floored_pooled,MAE,RMSE,MAPE,sMAPE,MAPE_floored,MASE,RMSSE,MASE_worst_state
total_generation_mwh,1,42,7578,18,0.4420565589930816,0.4132621155934776,6.444847006566357,10.237757419301476,3.89328883673804,6.4448470065663575,8.811582712591587,4.474953323370016,4.139760311764993,3.89328883673804,0.4442319795918547,0.4733374554100285,0.6406729364571612
total_generation_mwh,1,123,7578,18,0.443480566604322,0.4153841947076011,6.465607949943228,10.290327762372396,3.90023112374116,6.465607949943227,8.849920927431842,4.49404955807771,4.146397356153887,3.90023112374116,0.4449361472348314,0.4747871143155125,0.6372041834424592
total_generation_mwh,1,456,7578,18,0.4433466877038806,0.4130983520469619,6.463656097825667,10.233700499007815,3.894675010824537,6.463656097825666,8.805321388342964,4.52906661282904,4.164256283802981,3.894675010824537,0.4451555029639402,0.4727188946251657,0.6405021790088976
total_generation_mwh,1,789,7578,18,0.4446406072233048,0.4154231760393349,6.482520456179481,10.291293448321127,3.910123017479653,6.482520456179481,8.85363362336391,4.500769174462467,4.163209896778271,3.910123017479653,0.4464398276422329,0.475151152665596,0.6415998429433767
total_generation_mwh,1,2024,7578,18,0.4428829258296943,0.413464795602335,6.456894803901159,10.24277841853206,3.897013033340095,6.456894803901158,8.813796044381958,4.501410149435247,4.15464523098618,3.897013033340096,0.4447664137270713,0.4733464237969777,0.6388921361140512
total_generation_mwh,2,42,7560,18,0.6386587432256416,0.5853855756539483,9.311156696488752,14.501778155243665,5.634078604658728,9.311156696488757,12.340674548240028,6.528600262429306,5.968051779138587,5.634078604658727,0.6405361958855474,0.6534919077113955,0.8906879287141521
total_generation_mwh,2,123,7560,18,0.6388299511742683,0.5867563410474151,9.313652777618554,14.535736176188632,5.64760598717127,9.313652777618554,12.3767292485413,6.53596987954734,5.98634863695892,5.647605987171271,0.6417669594128547,0.6555364849097547,0.8922287937157553
total_generation_mwh,2,456,7560,18,0.638452797111445,0.583627482093012,9.30815415943644,14.458224839519442,5.6644290941002025,9.308154159436445,12.316059513493038,6.552583585798055,6.006311067191894,5.664429094100202,0.6424618010512038,0.6530936457950278,0.8879963298887719
total_generation_mwh,2,789,7560,18,0.6363022652348148,0.585548455290637,9.276801047157788,14.505813178407037,5.637591351758595,9.276801047157786,12.347166560342927,6.5396465824199606,5.9710533786978495,5.637591351758595,0.6392056843970991,0.6541582462736677,0.8839738387578464
total_generation_mwh,2,2024,7560,18,0.6380471185419587,0.5854396661019086,9.30223967573296,14.503118139878168,5.652687072879532,9.302239675732958,12.355111793639908,6.552869313137443,5.995323091824112,5.652687072879532,0.6418954313576068,0.6548815269208856,0.8914413532636211
total_generation_mwh,3,42,7542,18,0.7382532978195514,0.6690957576169,10.76316923648347,16.57553353742177,6.623660227301678,10.76316923648347,14.094287191223549,7.666262098141273,7.04557197375416,6.623660227301678,0.7513390672549487,0.7472428515489148,1.0465239159227575
total_generation_mwh,3,123,7542,18,0.7354125613009437,0.6687577580864522,10.721753467673038,16.56716026276147,6.636889126436983,10.721753467673038,14.09971105522465,7.660466921043167,7.053003891362344,6.636889126436983,0.7492530208261227,0.7483682217850577,1.0516514712142295
total_generation_mwh,3,456,7542,18,0.7451607283778007,0.6747279671508944,10.863874298428032,16.715060469042168,6.662836005804933,10.863874298428032,14.18386802740745,7.728859100669252,7.105851658910397,6.662836005804936,0.7557236889056375,0.7499075042921648,1.0467685940430915
total_generation_mwh,3,789,7542,18,0.7420185276146672,0.6723002771181895,10.81806341117768,16.654919215570636,6.64444508847709,10.818063411177684,14.156385411850442,7.663449243331359,7.0773185672021,6.64444508847709,0.7535044911070998,0.7498727852884889,1.058046727150429
total_generation_mwh,3,2024,7542,18,0.736999096166568,0.6697565485568585,10.744883934287587,16.59190333540931,6.636166293995929,10.744883934287587,14.121190116176818,7.691424135299324,7.0677511867250224,6.636166293995929,0.7507035007523825,0.7488913017863618,1.0498140930839426
grid_stress_index,1,42,7578,18,0.5029960089342929,0.7506005403260666,0.0085698663576787,0.027071849217055,2.570897960531852,0.0085698663576787,0.0181984247154073,2.5708979605318523,2.344779718342119,2.5708979605318523,0.4246974282669506,0.5221531341335928,1.163517054076262
grid_stress_index,1,123,7578,18,0.5026100751825672,0.7506715449329661,0.0085632909562511,0.0270744101344917,2.5661592630399124,0.0085632909562511,0.018200858628202,2.5661592630399124,2.340834868349326,2.5661592630399124,0.4242422543828818,0.5223415359968391,1.162695059027984
grid_stress_index,1,456,7578,18,0.5028504087672798,0.7499753630084134,0.0085673856740335,0.0270493009971056,2.572710184557026,0.0085673856740335,0.0181897290872538,2.572710184557026,2.343902366572692,2.572710184557026,0.4243688851824421,0.5218875182663912,1.1619624715315575
grid_stress_index,1,789,7578,18,0.5010980163743964,0.7501750888949563,0.0085375290383018,0.027056504494565,2.562145901940802,0.0085375290383018,0.0181693807399409,2.562145901940801,2.337345404693185,2.562145901940801,0.4229495108928866,0.5212461420435045,1.162748964543683
grid_stress_index,1,2024,7578,18,0.5031306118192784,0.7523639628722785,0.0085721596735603,0.0271354504359621,2.566728186812855,0.0085721596735603,0.0182663298568535,2.5667281868128544,2.3413888455210614,2.5667281868128544,0.4249982284310167,0.5242147998975216,1.1613806797801702
grid_stress_index,2,42,7560,18,0.7003602368137074,0.9200860181087532,0.0119324875846276,0.0331846682899273,3.741286244001845,0.0119324875846276,0.0211648845510121,3.7412862440018455,3.336152618919081,3.7412862440018455,0.5796931057563531,0.5971706006222556,1.7295795189677778
grid_stress_index,2,123,7560,18,0.6968227051152447,0.9244048778084762,0.0118722163829612,0.0333404362547755,3.7061035706772265,0.0118722163829612,0.0212778523124245,3.7061035706772256,3.3081232082921925,3.7061035706772256,0.5766574856108074,0.6010710888912323,1.7303063506439031
grid_stress_index,2,456,7560,18,0.6983930370579832,0.922774485075369,0.0118989711377652,0.0332816330114204,3.716601715838086,0.0118989711377652,0.0212189701324812,3.7166017158380864,3.315437986696116,3.7166017158380864,0.5786667944526923,0.5987795790983801,1.7349849015915408
grid_stress_index,2,789,7560,18,0.6982052186545906,0.920980446564041,0.0118957711548866,0.0332169275689661,3.7336067774380415,0.0118957711548866,0.0211681429044798,3.733606777438042,3.327516913113957,3.733606777438042,0.5774699284950837,0.5972567002021495,1.729791529633472
grid_stress_index,2,2024,7560,18,0.7017899481653329,0.9196263758690914,0.0119568464960222,0.0331680904102998,3.730922662431347,0.0119568464960222,0.021162545576917,3.730922662431348,3.332195567836985,3.730922662431348,0.5811331148674771,0.5964925449021478,1.731343773279872
grid_stress_index,3,42,7542,18,0.810186988952343,1.0128550202456177,0.0138036765634828,0.0365305604162171,4.460938749376715,0.0138036765634828,0.0229670201210189,4.460938749376714,3.890541242103927,4.460938749376714,0.6624141844326707,0.6439301380572111,2.059356623868318
grid_stress_index,3,123,7542,18,0.8114687431522354,1.0149879414742835,0.0138255146337684,0.0366074883143362,4.460211848863734,0.0138255146337684,0.0230262803517566,4.460211848863733,3.894367093835806,4.460211848863733,0.6628163845624471,0.6455985235825069,2.058631918763567
grid_stress_index,3,456,7542,18,0.8119164841872154,1.0137823330705065,0.0138331430856139,0.036564005733165,4.459182248117907,0.0138331430856139,0.0230541261223655,4.459182248117907,3.895983514521189,4.459182248117907,0.6658418327247956,0.6483763804182783,2.0601524005157463
grid_stress_index,3,789,7542,18,0.8128349327348227,1.0086677388596572,0.0138487912839486,0.0363795380758111,4.503904123430374,0.0138487912839486,0.0228681357971887,4.503904123430374,3.9099805025075423,4.503904123430374,0.6617267803095512,0.6395642185699956,2.0590317574454065
grid_stress_index,3,2024,7542,18,0.8118519606101199,1.0163884889339938,0.0138320437559516,0.0366580017467328,4.450284717220175,0.0138320437559516,0.0231091443301488,4.450284717220175,3.894749155809847,4.450284717220175,0.6651801789913792,0.6495597309741239,2.0582922075650627
log_carbon,1,42,7578,18,0.4492266038981662,0.5346278500520101,0.0856912953498332,0.2434686806415917,8.81979343138177,0.0856912953498332,0.1444370690429908,2.5440573023524307,4.147376164424199,8.819793431381768,0.4367835313034401,0.4488288728731737,0.9909874022267698
log_carbon,1,123,7578,18,0.4483460175864289,0.533529543188042,0.0855233209220827,0.242968513426053,8.824029435779032,0.0855233209220827,0.1441204147021192,2.530704231992845,4.12990303955339,8.82402943577903,0.4350365512645733,0.4473649632872903,0.9911265485410576
log_carbon,1,456,7578,18,0.4484677202590851,0.5333044080446006,0.0855465360646788,0.2428659872364159,8.841185892008124,0.0855465360646788,0.1443239006938444,2.537197876409885,4.134999896650856,8.841185892008122,0.4367952116186098,0.4486806055928525,0.9897573032150392
log_carbon,1,789,7578,18,0.4489685850213095,0.5365860047298107,0.0856420774905375,0.2443604211969142,8.716271869086345,0.0856420774905375,0.1448949684847872,2.5524081096102647,4.162935914059819,8.716271869086347,0.4365860208066727,0.4495661571973002,0.990692199802245
log_carbon,1,2024,7578,18,0.4516913587231851,0.531232337382028,0.086161454578701,0.2419223695210955,9.519431195566124,0.086161454578701,0.1436419352794548,2.505529402350805,4.0706962014254655,9.519431195566122,0.4375112612492873,0.4469605199077562,1.0008895139619465
log_carbon,2,42,7560,18,0.6321630986843346,0.7042408689827648,0.1205869695351011,0.3207101822481594,17.28500984496353,0.1205869695351011,0.1929158500685968,3.409301287524776,4.629975697217247,17.285009844963525,0.6154057424157894,0.6104444724285298,1.3816748840745483
log_carbon,2,123,7560,18,0.6313465494247116,0.7064758474131266,0.1204312103633003,0.3217279879042801,17.188691523139088,0.1204312103633003,0.193155732331234,3.4022091889514723,4.624256879837791,17.188691523139088,0.6148154030823642,0.6103133290485663,1.378042082384013
log_carbon,2,456,7560,18,0.6363173635991455,0.7104685122481192,0.1213794077804932,0.3235462411799468,17.355038014821176,0.1213794077804932,0.1939728514529882,3.4219055696298435,4.644769141438196,17.355038014821176,0.6166949265150619,0.6108721354317503,1.3980126900347591
log_carbon,2,789,7560,18,0.6384776865968185,0.7137137088445439,0.1217914957433125,0.3250240985973582,17.688156561544684,0.1217914957433125,0.1936236585795418,3.4419427574306143,4.643470186668225,17.688156561544677,0.6176962846539846,0.6102085134301016,1.4273406094313053
log_carbon,2,2024,7560,18,0.6299049447284047,0.7022541026742254,0.1201562200293865,0.3198054120012741,16.746743748039208,0.1201562200293865,0.1928533950420691,3.4044907513634626,4.635708851835649,16.746743748039204,0.6121073181955814,0.6102665710491935,1.3723096470375695
log_carbon,3,42,7542,18,0.7128776745339914,0.7656772862988735,0.1359835121667066,0.3486882299047565,19.473033225510157,0.1359835121667066,0.2140960573593847,3.8172830611733417,5.001445547159268,19.47303322551016,0.711751119971794,0.6921865097912822,1.4669349366535842
log_carbon,3,123,7542,18,0.714071082373746,0.7717802350147819,0.136211158220573,0.3514675031351745,19.66109928066583,0.136211158220573,0.2150572895857707,3.839128306996772,4.998395282972516,19.66109928066584,0.7092636040900062,0.692268981444285,1.4802050524346388
log_carbon,3,456,7542,18,0.7198353648032079,0.7787602356388637,0.1373107120400855,0.3546461844228354,20.036673513541867,0.1373107120400855,0.2158052148500094,3.8528299090981375,5.014620453407551,20.036673513541864,0.7154220129732779,0.6957972129896596,1.5056543554644912
log_carbon,3,789,7542,18,0.7150005988458701,0.7750301894866433,0.1363884662202643,0.3529475272815641,19.928247528460787,0.1363884662202643,0.2151075631819517,3.8494386272781833,5.011901829012077,19.92824752846079,0.7133694740263915,0.6936074840351707,1.4973286278624132
log_carbon,3,2024,7542,18,0.7072419802251477,0.7591497855625131,0.134908486909231,0.3457156163530793,19.14799157557148,0.134908486909231,0.2128866946349362,3.796606470815787,4.978191110124517,19.147991575571485,0.703948747390169,0.6899771104251816,1.4648834921205114
fcfs_priority_score,1,42,7578,18,0.6112380667044355,0.6503147037854251,0.0203536666968753,0.038435190865879,15.383782271847258,0.0203536666968753,0.0337710833531228,16.404361481644052,13.809915758007044,15.38378227184726,0.6299050067615517,0.6480965734752648,1.2022309624964818
fcfs_priority_score,1,123,7578,18,0.6099876566492345,0.6486166437627241,0.0203120291895204,0.0383348313619429,15.344179041310149,0.0203120291895204,0.0336802847506099,16.322029238576288,13.750095353844326,15.344179041310152,0.6287214019227995,0.6463888700990593,1.2002405427825285
fcfs_priority_score,1,456,7578,18,0.6092569360152063,0.6466746152938893,0.0202876968629791,0.0382200527256424,15.382782334180543,0.0202876968629791,0.033578132345682,16.429734582307535,13.793961350175037,15.38278233418054,0.6283203952032488,0.6446205118901773,1.1971321054479869
fcfs_priority_score,1,789,7578,18,0.6084826114024573,0.6462209905792508,0.0202619125639611,0.0381932423946025,15.358584844137674,0.0202619125639611,0.0335477088475753,16.398487552812956,13.755155821538343,15.358584844137674,0.6272667119137516,0.6436877300513328,1.1905874948301844
fcfs_priority_score,1,2024,7578,18,0.6082312678918854,0.6447778337420228,0.0202535430557134,0.0381079482928924,15.378804120629642,0.0202535430557134,0.0334791773188468,16.442662714912117,13.820453706553382,15.378804120629638,0.6273374418911302,0.642691065429562,1.1900967652299184
fcfs_priority_score,2,42,7560,18,0.8187160417401442,0.8213340940954943,0.0272624928660108,0.0485428554628379,21.428162571242613,0.0272624928660108,0.042749091486633,23.133524565967058,18.19846705283565,21.428162571242613,0.8311269558974476,0.808721141840847,1.4893750371963377
fcfs_priority_score,2,123,7560,18,0.8180787245906879,0.8220827230473237,0.0272412707897907,0.0485871012664216,21.39766356211787,0.0272412707897907,0.0427678203401737,23.109150775459657,18.18719263035487,21.39766356211787,0.8304989787203584,0.808900893999125,1.4813618661536785
fcfs_priority_score,2,456,7560,18,0.8215085625661164,0.8256308657946908,0.0273554812468595,0.0487968051881085,21.48475082003912,0.0273554812468595,0.0429529033116732,23.18143088437047,18.252726519314194,21.48475082003912,0.8334803904517598,0.8122769718961179,1.4803016602746628
fcfs_priority_score,2,789,7560,18,0.8172253325558053,0.8210945047015744,0.0272128536181747,0.0485286951431786,21.37168376161239,0.0272128536181747,0.0427177565692201,23.05063283826257,18.14535188151452,21.37168376161239,0.8293364206381446,0.8080087345774786,1.479193882981146
fcfs_priority_score,2,2024,7560,18,0.8184422443704541,0.8234752988828403,0.02725337566486,0.0486694059071159,21.39591864541712,0.02725337566486,0.0428186276822103,23.1312295828304,18.232625436092025,21.39591864541712,0.8304298109603516,0.8092470077427514,1.4790283237581934
fcfs_priority_score,3,42,7542,18,0.931515174485794,0.9248222687950268,0.0310186004722992,0.0546592599109993,24.77356124069461,0.0310186004722992,0.0482049902505364,26.70234747698976,20.49096939245148,24.77356124069461,0.9457410541300052,0.911065345533686,1.7962547146898742
fcfs_priority_score,3,123,7542,18,0.9206733637785346,0.9112114749183654,0.0306575781251212,0.0538548286757212,24.58206634077707,0.0306575781251212,0.0475108579320532,26.58358454162792,20.321255197868588,24.58206634077707,0.9360301996409766,0.8987000867805163,1.7950390471176765
fcfs_priority_score,3,456,7542,18,0.9307746607476942,0.9237284136730638,0.0309939420443793,0.0545946103956992,24.707643227497904,0.0309939420443793,0.0481500454145857,26.64665247539863,20.48674982456145,24.707643227497904,0.9453581552606536,0.9101767429957692,1.7935596310420443
fcfs_priority_score,3,789,7542,18,0.9224865668572032,0.9143142008321062,0.0307179561236905,0.0540382073722277,24.58239733727721,0.0307179561236905,0.0476550554705287,26.56255622337978,20.343926475915968,24.58239733727721,0.9373676766568726,0.9008628226242538,1.790128042072076
fcfs_priority_score,3,2024,7542,18,0.922341345037744,0.9132720825780076,0.0307131203703705,0.0539766156324624,24.66223713969987,0.0307131203703705,0.0475936671105012,26.612311149558952,20.342742649848887,24.66223713969987,0.936920970752916,0.8995355602127686,1.7988386406378631
