unit,baseline,base_rmse,best_skill
NYISO-2026,chronos,233.28698293357476,0.44028154044762324
NYISO-2026,dlinear,253.77818501104463,0.5940330288356906
NYISO-2026,iso,111.06276818341284,0.12357796938626231
NYISO-2026,lag48,310.0026713594578,0.812363203371972
NYISO-2026,lgbm,260.5712242100074,0.3927456015547216
NYISO-2026,nhits,225.91657060738152,0.39810829029080075
NYISO-2026,patchtst,239.72867149654837,0.5778612514476509
NYISO-2026,snaive168,337.75357372276613,0.8361524195911322
NYISO-2026,tide,243.17548479698772,0.5549238957806286
OPSD-2019,lag48,1796.8091857512304,0.8805759147287563
OPSD-2019,snaive168,1109.0193303094406,0.6715381892638117
OPSD-2019,tso,690.1096833112834,0.5757254937019833
OPSD-2020,lag48,1626.4060071212232,0.8593102434045163
OPSD-2020,snaive168,989.2929293187129,0.6237073076975884
OPSD-2020,tso,645.1864798257942,0.44495393555551066
UCI-2014,lag48,126.56635796589076,0.34522516299969463
UCI-2014,snaive168,126.00787813292668,0.24177227232085974
