m,phi,kappa,frac,seed,tau,dV,realised,energy_V,prod_VT,persistence,oracle_pred,part_interleaved_G,part_contiguous_G,nested_G,axis,realised_frozen,oracle_pred_frozen,dV_frozen,part_contiguous_G_frozen
0.0,0.0,1.0,0.25,900,0.0,461.5003050555597,-41.616897300013925,0.0,0.0,,-461.5003050555597,-366.8536171156226,-1752.166420899177,-5816.366604278862,unit,-41.616897300013925,-461.5003050555597,461.5003050555597,-1752.166420899177
0.0,1.1780972450961724,1.0,0.25,900,0.0,461.5003050555597,-41.616897300013925,0.0,0.0,,-461.5003050555597,-366.8536171156226,-1752.166420899177,-5816.366604278862,unit,-41.616897300013925,-461.5003050555597,461.5003050555597,-1752.166420899177
0.5,0.0,1.0,0.25,900,15.190462551475509,461.5003050555597,216.8154577672624,236.10142560233004,337.0748309964399,1.4276696133304219,-23.452068665009904,40.312983766767616,-1559.9815621760977,-4837.6563206296205,unit,216.8154577672624,-23.452068665009904,461.5003050555597,-1559.9815621760977
0.5,1.1780972450961724,1.0,0.25,900,15.190462551475509,461.5003050555597,-337.5672011299159,209.5635958706599,7.060127414894751,0.03368966535224074,-656.94364609643,16.500009804990043,-1577.5261198787396,-4868.797571021369,unit,-337.5672011299159,-656.94364609643,461.5003050555597,-1577.5261198787396
1.0,0.0,1.0,0.25,900,21.482558159017277,461.5003050555597,518.223518654836,472.2028512046602,674.14966199288,1.427669613330422,414.5961677255402,346.79959496835704,-1344.6502046056285,-4261.402247865264,unit,518.223518654836,414.5961677255402,461.5003050555597,-1344.6502046056285
1.0,1.1780972450961724,1.0,0.25,900,21.482558159017277,461.5003050555597,-559.7288075600737,419.12719174131996,14.12025482978952,0.033689665352240765,-852.3869871373006,299.9711602567473,-1423.3056194003018,-4346.010269379011,unit,-559.7288075600737,-852.3869871373006,461.5003050555597,-1423.3056194003018
2.0,0.0,1.0,0.25,900,30.380925102951018,461.5003050555597,1138.8407606332999,944.4057024093202,1348.2993239857597,1.4276696133304219,1290.6926405066395,918.0698001861883,-904.399895720678,-3275.596923147375,unit,1138.8407606333,1290.6926405066397,461.5003050555597,-904.399895720678
2.0,1.1780972450961724,1.0,0.25,900,30.380925102951018,461.5003050555597,-973.487741207518,838.2543834826396,28.240509659579004,0.03368966535224074,-1243.2736692190413,825.5407847634665,-1123.322776768783,-3476.386020376592,unit,-973.487741207518,-1243.2736692190413,461.5003050555597,-1123.322776768783
4.0,0.0,1.0,0.25,900,42.96511631803455,461.5003050555597,2405.2498302072477,1888.8114048186408,2696.59864797152,1.427669613330422,3042.88558606884,2001.633238126397,-10.340372847414528,-1539.7396637868878,unit,2405.249830207248,3042.88558606884,461.5003050555597,-10.340372847414528
4.0,1.1780972450961724,1.0,0.25,900,42.96511631803455,461.5003050555597,-1757.7811903155193,1676.5087669652798,56.48101931915808,0.033689665352240765,-2025.0470333825233,1818.1702337049635,-535.3187337222762,-1985.9688997038024,unit,-1757.781190315519,-2025.0470333825235,461.5003050555597,-535.3187337222762
8.0,0.0,1.0,0.25,900,60.761850205902036,461.5003050555597,4973.670209761575,3777.6228096372806,5393.197295943039,1.4276696133304219,6547.271477193237,4085.354079636092,1796.953860387167,1598.5692133143443,unit,4973.670209761575,6547.271477193237,461.5003050555597,1796.953860387167
8.0,1.1780972450961724,1.0,0.25,900,60.761850205902036,461.5003050555597,-3265.2395301058923,3353.0175339305583,112.96203863831602,0.03368966535224074,-3588.593761709486,3720.6837787943473,623.7730357197515,642.9646330748093,unit,-3265.2395301058923,-3588.593761709486,461.5003050555597,623.7730357197515
0.0,0.0,1.0,0.25,900,0.0,534.7228980818547,-936.2744477551888,0.0,0.0,,-534.7228980818547,-910.025984808696,-1634.918657192422,-1354.4952383723137,state,-936.2744477551888,-534.7228980818547,534.7228980818547,-1634.918657192422
0.0,1.1780972450961724,1.0,0.25,900,0.0,534.7228980818547,-936.2744477551888,0.0,0.0,,-534.7228980818547,-910.025984808696,-1634.918657192422,-1354.4952383723137,state,-936.2744477551888,-534.7228980818547,534.7228980818547,-1634.918657192422
0.5,0.0,1.0,0.25,900,16.351191058786128,534.7228980818547,-744.2163412181847,281.3382568786666,209.45868955527038,0.7445083789141558,-397.14377584998056,-787.3974307030325,-984.9837824358797,-1125.5470157365949,state,-744.2163412181847,-397.14377584998056,534.7228980818547,-984.9837824358796
0.5,1.1780972450961724,1.0,0.25,900,16.351191058786128,534.7228980818547,-848.0248510457164,247.12766542201055,65.79972391395982,0.26625802417384603,-650.2511156759456,-718.6940279101328,-1253.5370469496129,-1097.4790949355463,state,-848.0248510457164,-650.2511156759456,534.7228980818547,-1253.5370469496129
1.0,0.0,1.0,0.25,900,23.12407615628903,534.7228980818547,-542.0841200758533,562.6765137573332,418.91737911054065,0.7445083789141556,-259.5646536181066,-571.8286221146341,-550.9703660749802,-825.1859129034717,state,-542.0841200758533,-259.5646536181066,534.7228980818547,-550.9703660749802
1.0,1.1780972450961724,1.0,0.25,900,23.12407615628903,534.7228980818547,-832.2408078851993,494.2553308440211,131.59944782791962,0.266258024173846,-765.7793332700367,-490.62610309002343,-1002.1590551548821,-846.4135465573,state,-832.2408078851993,-765.7793332700367,534.7228980818547,-1002.159055154882
2.0,0.0,1.0,0.25,900,32.702382117572256,534.7228980818547,-133.50457937014187,1125.3530275146663,837.8347582210815,0.7445083789141558,15.593590845641984,-102.19389104068159,227.61887017195136,-194.90881870954152,state,-133.50457937014187,15.593590845641984,534.7228980818547,227.61887017195136
2.0,1.1780972450961724,1.0,0.25,900,32.702382117572256,534.7228980818547,-830.6970925735257,988.5106616880422,263.1988956558393,0.26625802417384603,-996.8357684582184,-19.27371730980485,-553.2523334842045,-346.71985170688225,state,-830.6970925735257,-996.8357684582184,534.7228980818547,-553.2523334842045
4.0,0.0,1.0,0.25,900,46.24815231257806,534.7228980818547,689.2371102555546,2250.7060550293327,1675.6695164421626,0.7445083789141556,565.9100797731378,891.5187116928005,1658.313480745026,1107.4351762749418,state,689.2371102555546,565.9100797731378,534.7228980818547,1658.313480745026
4.0,1.1780972450961724,1.0,0.25,900,46.24815231257806,534.7228980818547,-869.8673138088544,1977.0213233760844,526.3977913116785,0.266258024173846,-1458.9486388345822,944.9504860321681,268.4067533278444,649.1763944733214,state,-869.8673138088544,-1458.9486388345822,534.7228980818547,268.4067533278444
8.0,0.0,1.0,0.25,900,65.40476423514451,534.7228980818547,2342.9454897185506,4501.412110058665,3351.339032884326,0.7445083789141558,1666.5430576281321,2955.938144954079,4340.8275089414565,3771.222877502047,state,2342.9454897185506,1666.543057628132,534.7228980818547,4340.8275089414565
8.0,1.1780972450961724,1.0,0.25,900,65.40476423514451,534.7228980818547,-1007.3710964705272,3954.042646752169,1052.7955826233572,0.26625802417384603,-2383.174379587309,2903.8319649961268,1804.026403114388,2636.8249183045195,state,-1007.3710964705272,-2383.174379587309,534.7228980818547,1804.026403114388
