file,bytes,sha256,rows,content_sha256,retrieved_or_built_utc
03_data/raw/nyiso/damasp/201901.parquet,21845,43a18d3d19e12de4a28a3717c953ec73117d687a9706c40b60f42f69c0d16cf9,8184,70d6156bdc07e23e6933df688d148ebba870ec6ede08cc928aab9b6d1fe0d43b,2026-09-13
03_data/raw/nyiso/damasp/201902.parquet,17135,f3a067bdb093e486be73e9a809d479055abe8e6ba0b1df576cad5fc114817e90,7392,aece914b1321ce58199654c45cd79474c4b0e01737fb05c870847eeb775d587e,2026-09-13
03_data/raw/nyiso/damasp/201903.parquet,22716,d12cead3a6d84990e4b53d241ea4f642c34c85989c7c91c902c2577d92eec366,8173,dc3c4aea1719a2b1057a6ff526aa17bfc9d51aaca9874d1a0df2a21ab6c7d879,2026-09-13
03_data/raw/nyiso/damasp/201904.parquet,22068,a3d26b992e6003d383ce11cb4ea7a34f4f857692cd1e997aa9ef69f94bf89a44,7920,3640061ca6fe9934a1eddf5fd5a3bdc3d71d5ccb482900140c9b3e04ab8e5082,2026-09-13
03_data/raw/nyiso/damasp/201905.parquet,18953,85f7f871bd52b46cbd9c9f60dc2cc03fa2a7bd013be71065cc7def7da490f5b0,8184,9fa866d03374dc40e4b98e7950c079920aa8dcc51fd6c2fdfe86a4e01093508c,2026-09-13
03_data/raw/nyiso/damasp/201906.parquet,18310,bfdd3a78595558d7e4e85c732a87de73549a6f37485468391cb5b678e1ac62c2,7920,08af0e834e4321de70d6bf0932d0c6a801043d10d82e4674c1a94088876764d6,2026-09-13
03_data/raw/nyiso/damasp/201907.parquet,23256,7cb9c09bb1c044f6559177f98eab578a1361033e3b199559b927a414370ed47f,8184,3b42169dfb012b83b1a8961e8e1e9998d34909f391c0009bf5f467179d32bb2c,2026-09-13
03_data/raw/nyiso/damasp/201908.parquet,22504,28c1ad8a8cde4911541d2ac335b3b0599ca5e287472334e3553ab7b404ceaabb,8184,6c707ffe6b244e2bec7467f25685fb3df067bc6b4c2d8fd06e64655e5be377cc,2026-09-13
03_data/raw/nyiso/damasp/201909.parquet,19321,d22955e197aab7157ea2185e070c9f6d73b2fdfc4533d7488e5276a4871b4857,7920,ac470eee2b82efb6a1d2a878519275bfb6ee147d2b4af7013e4d17c20975030c,2026-09-13
03_data/raw/nyiso/damasp/201910.parquet,21309,1a0682b8c7643937b616b53b42a90d13b5a7caf5287ca650e1d25d90f0a22ff2,8184,160f2f281f6393e498259338d6f921c30b957a0d3cdcb7d992f727a065ebb88d,2026-09-13
03_data/raw/nyiso/damasp/201911.parquet,18390,f19efeb7b349eb93c7b4d406d06dd91aa3c5468c3955a19d116d88b1501493bd,7931,c7eaf74c8b3427ecb32f49626dfb6cc3b9cde3ebdaa1b939a13d9c80fe4c3cf6,2026-09-13
03_data/raw/nyiso/damasp/201912.parquet,17692,05d0d94eb0045047a0ba9e2a54760b7a31745be06f8e61f527e6ea23dd64f4fc,8184,be36b0ff8f8955b679185202b21f6ff9d76c77f76e3bfc78c36cdb9a16ca6dea,2026-09-13
03_data/raw/nyiso/damasp/202001.parquet,17409,14d78d7e078d0f1b0ac82eae622eb00079fce54d1a91935b024b3e3aca80e635,8184,17815413e8a01dcd74d5711197719c7f02b2a9d508f040fb69bd27c6741f1263,2026-09-13
03_data/raw/nyiso/damasp/202002.parquet,15520,3d48a38c01c715d26b3e6f239fb5aedc59ce4c14bc74d27e4fe022e499e922b7,7656,ced0b999e7b1bc8966e04455f96cdfe544f07e5f8207f82a7fcb588b25877f29,2026-09-13
03_data/raw/nyiso/damasp/202003.parquet,16845,ab92df055bb79854f644f3ea9affb359f7d24eba8476953aa9a1d758c9f96cdf,8173,001c8f53e76337d0bb1b59b140732550273b1f4180046f87cc9e8bd8dcd1228b,2026-09-13
03_data/raw/nyiso/damasp/202004.parquet,16010,cd3a8e385c718f18c487365e2c787c760ed2dacec0a658357c2ba9b80c947f95,7920,19f854851c168b82f82c4002794f336bfa3c13380c44b46b645d9a559af2c334,2026-09-13
03_data/raw/nyiso/damasp/202005.parquet,17252,599a39944a1c6bfc38a7cd8357e0e5dcb7937e331fff926d92adca7532de6a37,8184,c5fbee2c1dcf72abf242f7d47acc70b25a27e66b856df4cd29fb234c3a757bda,2026-09-13
03_data/raw/nyiso/damasp/202006.parquet,18366,6a3d3bafa8b3c77f43b99cb9407984c2c22d9dbc35969b157a6f3e6fdd596835,7920,642ff41300835f41abd9b4571281d58d943b0a275a976a441c6916f366c96638,2026-09-13
03_data/raw/nyiso/damasp/202007.parquet,20680,be0a8c31c0cda44310490f4fcd58294429a548c298eda9047f8a062e7530f763,8184,d3969ba25a60525093cf157bd181978dbff6b7f021c508e3346b1e0e48b0548c,2026-09-13
03_data/raw/nyiso/damasp/202008.parquet,18835,f2d5f74bc6903a1a3dfe49f3a1fa492f4f59f2f765036bc322197d7563559a5f,8184,11a189740920149e64a06d32e4b37da583839d11c5fc218389d462b21b7e7e5b,2026-09-13
03_data/raw/nyiso/damasp/202009.parquet,18125,dcc4400ac8ba35d8f533918f16acbfafc392ad04c15367e8f0f88bf7621bcad7,7920,48f8e7a584034d18a6aea8aed21b5698cf7eca7c408054174e5b9ce4c4744ee7,2026-09-13
03_data/raw/nyiso/damasp/202010.parquet,27046,1daf3e558cafd4afd7fb56855a46842ba5ce72aa55856ffae28dbcc1e17c3510,8184,425412f0462ecb4bfcdc0263138ad472cb910c539ff103c8ea8570fedaf56be6,2026-09-13
03_data/raw/nyiso/damasp/202011.parquet,24886,4a7fec4de4f6de1de4aa6801b38bfeb306d66ea5b88d13529fc0e4798274e9fc,7931,e5840a0dd2a84aa8174cbe587592af4a52570b31051ff52908dc72425d853271,2026-09-13
03_data/raw/nyiso/damasp/202012.parquet,24753,24c328757fe9ccd5fa3dae9c3b876e64523dc9a7ad8f33568f3939d5c1686429,8184,c606516b7b4c0ad0b70b436b0a2542b5d6b3ca218032c1864f81e4268f3d3338,2026-09-13
03_data/raw/nyiso/damasp/202101.parquet,22286,177ed718779b370296895cd6c76bf859898607d24568c3523ebd6d864ee2d313,8184,6f23df01a09089254b39bdb4f1c982e24b4e6bfccb32cde847622a837dbd6c48,2026-09-13
03_data/raw/nyiso/damasp/202102.parquet,24315,d67578a3ca71059bcce5935e49fc4d4730421aef4e67aaf9ea72cc97f99f5002,7392,4d0e435d2d7ac72520a377e23de6634b294cad0d9fd34a082a09cd82a2d8cfb9,2026-09-13
03_data/raw/nyiso/damasp/202103.parquet,19368,da0f7c8401f0a5eb92f8a88f70380b7e935352e5c8406deb7895fd7a77602286,8173,ade964ecdcf26961fea5f321206627290f91be9178c8dc8b6ad6e3940427175b,2026-09-13
03_data/raw/nyiso/damasp/202104.parquet,19827,e1e2b3c23c1a783070821afbe27226f363aba09797c3b95a7b65e7541a9052b8,7920,1a2d6043b14d1c88ffcd95605fc3abb28dee6f67ccae495568429ddd94c80bbe,2026-09-13
03_data/raw/nyiso/damasp/202105.parquet,19374,37e5bbffe1e9c39dae9325913e0b97859011bd56f4175207d0f23ac6a6849910,8184,6f126016e83ba3207aad70102c670af9605518dc72fcdddca3a2510876d51286,2026-09-13
03_data/raw/nyiso/damasp/202106.parquet,21364,0cf9ddf0c7e0ff8193a49ddd2ae413afe1fff103535c8048017ccfc9866ed096,7920,98b8d579189f09333f611f9c5acd526f9b6c6633afc9110a8fc7709652214c47,2026-09-13
03_data/raw/nyiso/damasp/202107.parquet,22559,d961a5aa287c30ade903926f3980ebb5c7480d681bba548cbdb8f98b9c41f5ba,8184,e8dffaac5edbd2c9a5ae824478e33ed0337ea8e023c8402bd2d8e51e562bc34e,2026-09-13
03_data/raw/nyiso/damasp/202108.parquet,25038,6432cfc282386943660bd3b271211f6058c18b14da7861456619055b75985166,8184,21579bda70bfc1b60b00b317760ccd0eb825d1e7eb68f28cc849a6518b892940,2026-09-13
03_data/raw/nyiso/damasp/202109.parquet,21927,4099e0efb9e247c66659925300768f3b34f8c77681abe79f892f56c250ebd8fc,7920,b325fecaf02634bfe99a499ed25bcb4c1a5732f2b1741d9e209519330a50d09d,2026-09-13
03_data/raw/nyiso/damasp/202110.parquet,31437,8a382c0fb8259fd054f0eeebb79fb04fffe00d857e33795330497b0bbce682e4,8184,e9f1b263544e93ad4b1e1ce35656bfa9a79c24eac67c307fe0367ca395a999a9,2026-09-13
03_data/raw/nyiso/damasp/202111.parquet,27540,7351988af51539710e2a4e978124ab6822c4e4407b21d48de7aeef89815bf74c,7931,9baa5faa0b346608d78a99f89d185afe4a583781a9767cfe66aff4fb3c554d5e,2026-09-13
03_data/raw/nyiso/damasp/202112.parquet,23625,093f49d812bec90fbb0615ec2fc29d9a3d3e753670e46559d0bff0d95a7ee05d,8184,60a11fcd09080a2c1a6486fdc02b482804d5f57d3e264e959a0ee6819f621fc2,2026-09-13
03_data/raw/nyiso/damasp/202201.parquet,30486,4286ac71d999df501d44906518ecb58863e7f21156c01fad2a5555553946d5ff,8184,1dd57ebda6ec0b94284967676973a170f284efdf97bc05629136c052fdc9a133,2026-09-13
03_data/raw/nyiso/damasp/202202.parquet,30173,c529e7b7a1a02ea2b72edbc4f6fba0b4059235f6a907b1c29c80149e35f060a3,7392,67c6391528d67be906c5d0796635423ebfff14cf438d32712365b142bd62bb3b,2026-09-13
03_data/raw/nyiso/damasp/202203.parquet,27651,cb53271c3f28628515b2baba664be62dd1ba8a10b1cf1be434b02ae991f80576,8173,d74358803d80313c490123a254c52a707d62f06fd871c2b3b4f9c85270689ce4,2026-09-13
03_data/raw/nyiso/damasp/202204.parquet,28109,029a6ccc7c1835530c63882c9a1420b13ffbd92a7379e4b5ac9873ee7980dab1,7920,412b02ac7ee1b670c365adfff521ab23783a0b17d52f52ea2bc16b3f07e41f27,2026-09-13
03_data/raw/nyiso/damasp/202205.parquet,27284,0f4848645e7935c7b65fe6fc9edc9e9aef5db5ae911c529310d3fab791b185e3,8184,015c32859422007195c210be13e62957401c128bb202821d53b883f930072b7c,2026-09-13
03_data/raw/nyiso/damasp/202206.parquet,23710,a751a6d163df70b915a93cab876b3295bea4a1b505d5b5de0b9f66a08b5a4650,7920,850f6faa183abdafd3353ec2bf932599eb71f3889d34cdd64df95826a1976e29,2026-09-13
03_data/raw/nyiso/damasp/202207.parquet,34403,2ee700cba5765f5415fc889c8d14781495aedd5e81963a56d10c2a46e4b54460,8184,4499168a763bc91c7ec283d0979356e3c8ff83fad17da534d82bc0ddfb41a752,2026-09-13
03_data/raw/nyiso/damasp/202208.parquet,31816,fab2f4d2097382e9be696eb62ae60f8dda1c2382ec0cb23125856a80fa83ced6,8184,b93800148ff0d87aad3a0bc2efbb75598fe9d804cb2d5ed21445e7674dc51e8e,2026-09-13
03_data/raw/nyiso/damasp/202209.parquet,28622,6dcd2aebaad7dee7d64f971e68296309cebefccb40ddc595f43c74dc56ae0465,7920,036b569c227a21692b218e17324e3208a7606fc0715e7f6aa690a5a32d4dee1c,2026-09-13
03_data/raw/nyiso/damasp/202210.parquet,33473,9b5d9b9e19bf34875aa51577097ee6f4de35ac09af7ac01c6df7e05902175d0a,8184,2e03bd9696c6dc1cbf93f377727ac9240dc13730726e3f3e277b7995c5d7acae,2026-09-13
03_data/raw/nyiso/damasp/202211.parquet,32702,8c56748a14e12c828708cf7b9a735042c8059b10ca352488e56b8edc20097aba,7931,b55d4a17d98414554a5d35634a672073d584e73224983b63b3b550e6d53cb0a6,2026-09-13
03_data/raw/nyiso/damasp/202212.parquet,30579,d69da3c4674956991d10ef233b9872ae9809754299e7c34ba5a76ea70ea99188,8184,879c2131302c0e84b247034c0aa9a20a8e3b715d47d335387ba927a7098d092b,2026-09-13
03_data/raw/nyiso/damasp/202301.parquet,22939,5b980af6907c6aabad1b41b9fc754eae3c256097ae3e01c42269a0bda99c841f,8184,2f92a86d537b870063efe3d902a81488a4e4d7af24fae6083c4bffddceb7b1d9,2026-09-13
03_data/raw/nyiso/damasp/202302.parquet,25118,681c031f236d567b06cd3d2e6a9f39729f77eb9451e242b00aef87780fb04e77,7392,28d1eb623bf01fbc0c9ca6d80cfdcfad8e976e5d42a0afbf889b6d53ae7541cd,2026-09-13
03_data/raw/nyiso/damasp/202303.parquet,29165,9ee9f2a8a2de87aa9b0f82849d9b645c452af9ab57379b89d12733bb17270941,8173,eb6b9d79cf78cd90b487877dc03a45a3439628351106dbb0915aefaca26ee0c0,2026-09-13
03_data/raw/nyiso/damasp/202304.parquet,29711,0e63454889c4b63f8bc5eb81cc3fc79cf309a07cfb3fd8f9bfd12484e31782f0,7920,0d3b2b23d2a0cfd37caff9d22bacec1155eae3b0e0ac52722e77c19b8ed79a5a,2026-09-13
03_data/raw/nyiso/damasp/202305.parquet,34291,c2985bfc03f43f21afbdacfa49e9b40d31b53aa05db735b4f18042f34808c8d3,8184,1bf427765746174a59f37e63310f298bee4a2804fb13a3a7cb6ab8ef2cb94dd8,2026-09-13
03_data/raw/nyiso/damasp/202306.parquet,31579,3848f9fd2ca7cae4afea466f59591f50baa883687bcad7739707353201fc42b6,7920,4173755ecbfb26a2ebf516681d7ba83d671a1bdde36b65f5818256049d45eba0,2026-09-13
03_data/raw/nyiso/damasp/202307.parquet,39044,6147580ca86ed46e30737032e3583190555cbb8ddb354ca83ace23cc9aa58a30,8184,534fa01107c8fd909d1f5deca97d4e966e80d2adf5e9d1644bba91e8557b9c35,2026-09-13
03_data/raw/nyiso/damasp/202308.parquet,33893,ead5c7d092e31da5939ec4c851b08dcfb3e6c395af83e96b22a69c18326c1181,8184,ead0b4431057f1bc13d01e19d59935d36d62e2f440a147f24cb4f269516fc87d,2026-09-13
03_data/raw/nyiso/damasp/202309.parquet,31869,9b569b7763f08cc848d3964bc9d34f5850e329aa7e4533aa6a05214f1075fcf8,7920,8bb26a4376e22937a7e7c049c54d69396459c4fd70d9506ff82c301acf4e5a0a,2026-09-13
03_data/raw/nyiso/damasp/202310.parquet,38479,3cc8351789d8aab8d215d74199188b6cd8f4fb44668fe752658548392d8c087a,8184,866f7d59c6c1f873083cf15af25beb768d06cc0300c9cbd0098a7895cbdfb7b9,2026-09-13
03_data/raw/nyiso/damasp/202311.parquet,34745,0feddaed7cdfb157775b98309e23f98e8ee807beeaf039d088cf13c85fa8fd84,7931,39e0ad00aba6885a1a7062c0417554c99b0bb2a60b61db4d34b3718e5aba04e1,2026-09-13
03_data/raw/nyiso/damasp/202312.parquet,28037,ccafcca25603a594760f5f48f00d7678ecc6e9aa5f6a2e12856c1332f269cead,8184,2475691bb59593905ce052db962123902284cf480129c69322205b24410e9486,2026-09-13
03_data/raw/nyiso/damasp/202401.parquet,35252,cd7eebfdfdd3bda4d887839c87863b3a96a46fd9014ad430021277101d11449e,8184,b04bb86a2ab9c0f155cd199171d08919499104c69e819ed32a258cff8cc74ba0,2026-09-13
03_data/raw/nyiso/damasp/202402.parquet,28102,adfd36171f11f7c18e9656773ac1fe30288d459082167070b566bf1856b42ae0,7656,825d1c88ecb60df9db4a08ac9fe5930f9f49866ce8d67e6fcb0201ea96dd22af,2026-09-13
03_data/raw/nyiso/damasp/202403.parquet,26218,711dcc08b2a32c72a27cbdd7fa0ca4077222e8e9305f3bed2512a34b71de307b,8173,3247aeb5d41cdb8062e9e6d314d22e6c5d4098390b36e4f90a3420a58ce8946d,2026-09-13
03_data/raw/nyiso/damasp/202404.parquet,33878,c6b8ad2fd58e27204c87ccddbf3e48715e913fd69b35e22fb712be5c24631d17,7920,f10a55137b96d63f3727290102814c0358ebe819e89252ce149a23aa86f11d26,2026-09-13
03_data/raw/nyiso/damasp/202405.parquet,32393,acfe2512b68148853ced6bb6fc823862c449d8c6879a51557f0ef1ae41535ede,8184,6165b36c727b998c7c9d34633137ecd9a3296bccbcdbf989c753288d67a8bd99,2026-09-13
03_data/raw/nyiso/damasp/202406.parquet,32521,e8493ed625823fb63213de24dc61200f48f3624753ca6b75ab9cabf5d707f69e,7920,84b629295de196e3eebfebeddcf07e8b4e3362084337d834b2d44ed6479a928f,2026-09-13
03_data/raw/nyiso/damasp/202407.parquet,34926,fb8f5008e075373a7cb69505ee6e04f592d327fc7f9f7de30bf1d74644a9e9da,8184,d3ca84290e9c330321fe9d6e5d5cc130a296c045b8efa5853fed8c74bf4c5872,2026-09-13
03_data/raw/nyiso/damasp/202408.parquet,33141,65a69501eb98f8a709475d1fe7b6f39a9e1565c813502fefe5a00713c4833248,8184,ebc59fc9ff8806a8905758d0002fb0a4502f68f2a54419eb7e2302852f657c07,2026-09-13
03_data/raw/nyiso/damasp/202409.parquet,27908,e0aacf3a67bd779c7ff7515166686d6f0ee4b3faa5086043234588f7cdd7f4ab,7920,6273ab13d895078ded78b5f832b73f5d52e3e60ccde4f4a08646bafbb1b0e891,2026-09-13
03_data/raw/nyiso/damasp/202410.parquet,35174,c15f4637fb38b6156e0dca4d48bfab2cd4d16c88141b9457af279e947d8a7e7d,8184,bbceb597151bb1f3047c3a10037eea17a0801b6e27e34a183c8ea172c481570d,2026-09-13
03_data/raw/nyiso/damasp/202411.parquet,35132,8782056ad56baaba89e42b006684a4b6198d5ea0a39a07bf283c330ce8467447,7931,c77516b86555c9d3e8614aaccf11523349fa178b5bc0923ed88a9ea497a7491d,2026-09-13
03_data/raw/nyiso/damasp/202412.parquet,40975,6f351018a7a54663c17b19dd7f7dd274304c7739612b389bde0a2289c21bd73e,8184,7174fd538b02a50bcd98f118ec81b31f404ce684c17a78a198222b4f8e7a5faf,2026-09-13
03_data/raw/nyiso/damasp/202501.parquet,45978,30b1f8ef123f3baccdad6824354afe8c622213d827b67b8759aaa166db83bb3f,8184,913b98ffeabe51e611479986f1fcc3d6c1e95ad27347007583d34f5cb2220eba,2026-09-13
03_data/raw/nyiso/damasp/202502.parquet,33417,f2949305f79045ca528396c90f4dd27460a572f7693d7c9d36edbe20a346ff80,7392,6b8bd42b9dd648431d9dbf22957b720c18b95b14918bbaa359e55b42617884c6,2026-09-13
03_data/raw/nyiso/damasp/202503.parquet,29384,3a9d3584bcdfbd82a37d5c3f0ea1f4837c2016d1b83e00872d7adcdbeebbfecd,8173,a2ead7e965a9115e93b0d2d1a1dbe7caf46f04ef049ef1a2b2480202cf1ee738,2026-09-13
03_data/raw/nyiso/damasp/202504.parquet,29232,d8ef9395ee96287bc5f4b77d43648cf83e0f9c4881454f83df1ff37740058de3,7920,bf1af4b5f53421d14643ca8682260c7fe2a6dcc55b06473cfb4d54af94752b17,2026-09-13
03_data/raw/nyiso/damasp/202505.parquet,27909,2f970e15b218d4696a84216627b598fc8f9c9a442bece6bf558e39b241ebfe8c,8184,f78b343b2fd639a78128e03de1ffca5062fef2ed518dad920e17540eb68575b3,2026-09-13
03_data/raw/nyiso/damasp/202506.parquet,35102,4f6adc7ba573a1a378816913de6423310444211d196e2b295af664da21f92e94,7920,8539b3ba56abe082f3c352b3572f4b16ce54e5f996b8da7341f7319129d24af3,2026-09-13
03_data/raw/nyiso/damasp/202507.parquet,42869,af66fe8a6396029e55f25e223bae8c8affdce2f081339eb47831b4311b918a4e,8184,ff05721be384955ecd2ccf673095c9bd558a9cd8cec6638afe8752260a72e3fc,2026-09-13
03_data/raw/nyiso/damasp/202508.parquet,34833,2d66137a0f7c24ab3c051424a2dea3d0933ac36a8dfdd3a7ac7df2bb8aa62b06,8184,b2fc089def46ed94f6931e6d7d3bf95a3e60807a2ef4d435fc7dce21d5ce22ea,2026-09-13
03_data/raw/nyiso/damasp/202509.parquet,32293,afd3ac33ed245d8f46f534af8e398883cdd3c2f832cd01e652560f53341e30ea,7920,70252b487bcbb73f868528ee900d64f924b8c153fab60a2620cd134df036d216,2026-09-13
03_data/raw/nyiso/damasp/202510.parquet,38664,9d261ee545931e8dfb387ad318e1c90c769fbc0af5e1f50a77735b1a79c39a6b,8184,76ab2e49c1202d65721340285b23c905967a8584a0011ab3ad07db1f0d9b375c,2026-09-13
03_data/raw/nyiso/damasp/202511.parquet,36899,5c8f0b39610e1a278f19bc8c5990079809ccb5c750fa9e764c50f2d723c4b7b7,7931,b15844a471025b162930926099aa3386d37b66bdf0383bb7934a8f354bd0683b,2026-09-13
03_data/raw/nyiso/damasp/202512.parquet,40725,5ff813004a14bcb2a4dce97559bc540df837797a207efec61f006d31abab8013,8184,70b2328671647407269f92c065a598117bc6b2a55421535ac28d14ed6c80df5d,2026-09-13
03_data/raw/nyiso/damasp/202601.parquet,42153,2dd0cc19734d72a5f0f44b9696332ca37df6940f94b5fb01b55e945d794efe89,8184,38075d287f542f55320170a0db69b08141475f5b5428f41a0e2059dec296d2ef,2026-09-13
03_data/raw/nyiso/damasp/202602.parquet,35022,64356ae8d8fdd74c5321a797a594f55922e4e9ec1004bd78317d0825f76ba789,7392,9804830544828186eb733494ea73d9ba95ecb6aff1ecab62ef8744207f203f83,2026-09-13
03_data/raw/nyiso/damasp/202603.parquet,28673,a2b0bc77e6f93f19bb38d6918f7e12559e95cddc00f0fcc8cd60ea5a466f4671,8173,e735905b38e8e47edc94bb5533fd10cca4df8f644588002bb272cc6bbeea1eaa,2026-09-13
03_data/raw/nyiso/damasp/202604.parquet,29288,751b07379754f8187ee9741e2a4a9fbf1e9cdb226433b89a3fdc8c4c290e9ff1,7920,8b8ae43d4d72617e809f627dabea89705580dbe4af93751b5b94cd17e13826ec,2026-09-13
03_data/raw/nyiso/damasp/202605.parquet,28607,bed530a1e0adf23845fad32bcfcd8ef87dde8eb8c549e381711c59e309e59be0,8184,fb8f7980ff63261f35c6726bbe4e7415b05f615d8a59c2fa81855ad6b6eb9268,2026-09-13
03_data/raw/nyiso/damasp/202606.parquet,29619,d61862774d0ec5591f3906418d455b249432565c60de072ebf9b44aea1b879aa,7920,395972c95a52fd7017b985f33611424df41da7980f456010bb0e47f59165dc95,2026-09-13
03_data/raw/nyiso/damasp/202607.parquet,39008,7d9a616efe8da72f7a61a4ee4e744bfe14c644693c74d6f94e6f27db75b52285,8184,89799dae4dacfae6d9c4d02567699ee3a9bc1e9467f01b45762a7252c115ba14,2026-09-13
03_data/raw/nyiso/damasp/202608.parquet,30732,62216cf2ae3f95852c2a26e0f25c50a71330bafa2af377d468e82d599fbd834c,8184,4bff0a981ab8cb1c79be81954b44430cd302c211831e6249647c6e5799b6200a,2026-09-13
03_data/raw/nyiso/damlbmp_zone/202601.parquet,123057,1621b7ce703db28e56f193e0e76289133eb76c7430e96996118ef6623e3c9752,11160,ad1f26325510dd87f171ac34cdc6b1c6f97ff3ca095d3441caecced9df6e7b0d,2026-09-13
03_data/raw/nyiso/damlbmp_zone/202602.parquet,102047,7d325bd116e6f16968446068e9918732336ad70b60817fee88670699d47c292b,10080,b897f13f552020fe97149dc0351cbc028613233ec616d5302803d895e7a053b5,2026-09-13
03_data/raw/nyiso/damlbmp_zone/202603.parquet,86264,6ca60272b558b6398e02db6ad602f28dfb3fca883389b46b582bee60b9dacba2,11145,e708c84d0924996f95ee7aa30be044ea162139d5013b54295f7303061ff12579,2026-09-13
03_data/raw/nyiso/damlbmp_zone/202604.parquet,82360,fcae9885eabc63860515f70ba6d59c9ac3e6ceb7fa9b409e798a00e97f0907de,10800,01eff1a9746d45bead626db0cc7730b28bc0825407dc5c834accc2cc04fd0349,2026-09-13
03_data/raw/nyiso/damlbmp_zone/202605.parquet,88672,ef21c52885e36590922f6bb50ec76343c0fa65a7af56b00fa75d5ccd4569ad71,11160,4e3d7287a7fb382161d985d0ff4f1fb41f4647cb44906f935389c9f420184ef1,2026-09-13
03_data/raw/nyiso/damlbmp_zone/202606.parquet,87921,b21a26800921e1bbae6c36c630d89a9a88678d830a380cbf96507c70616140c4,10800,91920d7607674580dd5d2ec190d8d967c1a9617fe22856f493a4c5a8b9430b21,2026-09-13
03_data/raw/nyiso/damlbmp_zone/202607.parquet,91688,2a4512eefa005a761ac0a6d896e560363ed62bde484596be5c29527a93f05cac,11160,6edb96cc99c11d4dcc97f9bd6e48543064542c4e00afefe7a564942da46a5ed5,2026-09-13
03_data/raw/nyiso/damlbmp_zone/202608.parquet,80258,d4532335850461ab0021490b48c0c28d9d8f7f04249ae8e3706a081f4b52e513,11160,733035d6a4e919bfc17a78daed0768db2a993d852f8b06de4000cdcd6971739f,2026-09-13
03_data/raw/nyiso/isolf/201901.parquet,128805,0d9acd9336fc58c43f9e0e19dac3c5718ff34e50e399032c6ecc404748bea0e3,4464,542077dd0a5568d7a1e8e54ff5454dcc6a507107f3fd8c26afd0eef9f0f5e583,2026-09-13
03_data/raw/nyiso/isolf/201902.parquet,115091,1e6b0e64addcbc665642b2a4ae3a63f403b94b0bd885dd1fcf36734fcb755148,4032,72553d182d8d0853862d2200d2e98d577aebda1d7042b870a45e20f97d878ace,2026-09-13
03_data/raw/nyiso/isolf/201903.parquet,126743,4d5026afc0424a615077e812fd34b287118eb879312c58ca7a807e291547b41c,4458,9f1acc8a74c8d4934bab73d2be09cb9bba8fd776e2bf0f7bc5078bf63aef4e58,2026-09-13
03_data/raw/nyiso/isolf/201904.parquet,112609,00e952ce82dbbb6184615da39237745910317cffcd78c0baf2a24f9741caccfc,4320,b1b420941a3303a59b82052fd5dc064b7eec17800981290c3b4f3d09e7c01928,2026-09-13
03_data/raw/nyiso/isolf/201905.parquet,125373,bd96c75d55d4ac7e295156fcac3bbe94acd28f3f748cee9ceaedf9e42c7bd1db,4464,1754e6ec931b5ec2854c933e99f01111e21a58b81145bd512385d590faf0cab3,2026-09-13
03_data/raw/nyiso/isolf/201906.parquet,139333,fd2f7507ae71509486af60144c399f51d835d9dcace281aa3145c56cce696ae7,4320,eb2b8618e4a4d15cccb25ceb428550784c7a44f45942999fe9e641dac53266a3,2026-09-13
03_data/raw/nyiso/isolf/201907.parquet,149983,3198762bfe7659758be31349b20ea19c62ade0c50bb6a208359dc384f3a3761e,4464,e1e00baad79a22f3d0481df4ab7ce9e73348d3e4aab2e175b369ae87a6b14ab7,2026-09-13
03_data/raw/nyiso/isolf/201908.parquet,148189,f71908576411e99adc967e4419ec9f9552b43a0d2c9a1abe063ca21626cb0a18,4464,85ab189a7a1c6e65103974771390aeea26b9fb6d75daeadaf620b7292cbcf0c4,2026-09-13
03_data/raw/nyiso/isolf/201909.parquet,129622,0f9297fab598d6eb6cd262b8c487d4c1f1437957dcef9fd8185880f757f5474f,4320,6c195a8e28a668da5ccfce4107cb96047644d4e999c13e427badebce940f057f,2026-09-13
03_data/raw/nyiso/isolf/201910.parquet,117802,9c8ae6ba060dee08e6231488041b3b5d87a01e15153e9a84e1ac5ecee43540cd,4467,cdf0498c6a85bb05b8c2f9c9b7693aa3df267a530813b2eeb90f24b80589b08a,2026-09-13
03_data/raw/nyiso/isolf/201911.parquet,122022,3ebf5f579e3ffb11424cd9058abf8a654476e1ffb0c2b642ee590c82f2e8ddf5,4323,08b9906bc7552c38604539df82c9a4f55a36ffb7f7b803eb3c5968c16a7a40f7,2026-09-13
03_data/raw/nyiso/isolf/201912.parquet,127945,c8c0db821baf09e0b741f195e09fe7d4f0b0f3434dfa4a29fe0d79c4ab329be0,4464,b0e93586a0b019f9732ef41392f500af5893d0195ca4d86abab48b945e64b12b,2026-09-13
03_data/raw/nyiso/isolf/202001.parquet,125790,caee50ff7f3f00d019e8f8b0a993664d2ee85aeab29159dac0184a8a6f8ef9a5,4464,171543f121edaea060c6361f56c140d6fabc8cc5876cef1d15d47917b0b50955,2026-09-13
03_data/raw/nyiso/isolf/202002.parquet,112535,c2747d2c467276f0fe890fb2a1b32e6324fb4c909ba274b85a93fc8e020159a1,4176,89663eb0a09e362227dbb08a0b977c66767e1061dab0c9bb440c144555e40faa,2026-09-13
03_data/raw/nyiso/isolf/202003.parquet,117450,2dfc604a2ee82d744395fda252c92a7c4b44b053e1e14399c5be090817b782d5,4458,ca947ab86611e36ed68bce4384139ed5fc19ffff2f665a071da67890e5c81b38,2026-09-13
03_data/raw/nyiso/isolf/202004.parquet,107703,68b4b815d9648ef78e7419d668d2290ae595ac3d942f68f23f22f98fbdfe8bb9,4320,247b3194c9bf65ae284d36cfe5f69628af373be349052ff1d73c4b303bc97943,2026-09-13
03_data/raw/nyiso/isolf/202005.parquet,126115,cfa421b19b71d433d11289283fbdbccab25af580cb23d7f9bdec014833080236,4464,e773662685ae711fa439deaaf8d76ea54929461d73d95131bfdf2f6bbb9f02c9,2026-09-13
03_data/raw/nyiso/isolf/202006.parquet,144142,c8d22f4add89e1cabb693d18982f6e45ab3c9151f33e808f5d8bbc48230dd07f,4320,f1c70c1591f26653ad3261d1d0d1f285992e81dbf437de48194abff16431d144,2026-09-13
03_data/raw/nyiso/isolf/202007.parquet,151446,65b3177086320d9c55ba7e6ae6dfb852c62d8ed94d7eee528eccefaa8c9f8a8d,4464,23767bc3b9fe8445c73764edc1715fab7a0e15a572fad91856e88ab24cc1f7df,2026-09-13
03_data/raw/nyiso/isolf/202008.parquet,147461,7194ab1ab801b1961ab77723c7795294364827c25dce4518d16d2578e0a0df09,4464,a569884c71fc4e601f3ce7c78f44f4387e8d6f6d6ad714c7201f5ba23f25e929,2026-09-13
03_data/raw/nyiso/isolf/202009.parquet,132192,a11cc0de1b2186b7321117670a8a4b74d3b4a5b4cca0d2c4fdd6b83b277a3900,4320,44b1515545dae2e3b0b6e99575cb559e3b7eae3b91e766c8064382b8d4e3ed4f,2026-09-13
03_data/raw/nyiso/isolf/202010.parquet,117543,5b933f176616617b46ea70912790598dc3625175f4fd1b59e8f298ea36e1fea2,4469,c39ccc32c96bea8f43b876b596f774a83c893e6e7d32278a6f864ab0e1d35572,2026-09-13
03_data/raw/nyiso/isolf/202011.parquet,120113,8060b7017dd20705461c82c64eceb596dbaba052397038b7158d2230664a713e,4321,66d177a531e73bcac34dfb3d99a24ba91f848472753f062292b4c385df80e97f,2026-09-13
03_data/raw/nyiso/isolf/202012.parquet,124182,e388d6d4487e674e858bd27664d86c837fa1a954207b11dd84cc352943138402,4464,1f70b1529ce0a0e66b1c921c6893a1a09603f77ab9cb553b66ea684b6132de98,2026-09-13
03_data/raw/nyiso/isolf/202101.parquet,121162,45559638e5a8b23e7b956dc0f8e41bb4a213c988ebae867e89b35630c004af1f,4464,a78764074e032d8c917517785dd9d6745aaf73c55aebf3464d02d609ee36376a,2026-09-13
03_data/raw/nyiso/isolf/202102.parquet,113464,7312e88b6d204458c6014e47eb181f7ee92af26d3d3c6dce45aa358c86c4d4a8,4032,b6698b8d06b7f3ed5b5d0e0166bad3cbdfe7eb6464a86af9a5171b78ae3d52bb,2026-09-13
03_data/raw/nyiso/isolf/202103.parquet,121790,d378ab525d5a50586ece26b6ae5fad013987b5194b3b74aaf96adc9113fac852,4458,bd51865b992c90d80f28030cd7cd7c2e8cd0d208e772a59587f853ed9e3042e5,2026-09-13
03_data/raw/nyiso/isolf/202104.parquet,109816,b5fcffd082895c55abc3abc0940e1a7ec7511c8c3870b98a249b9ff1af4a73b2,4320,2bdb723edff1993dfdea39458726b4913a1a54ccf53b9f34f963c2b003f2e348,2026-09-13
03_data/raw/nyiso/isolf/202105.parquet,127727,78cc60657be2015d219983d395ac2325373a900a1686224e30e7e94f940e133e,4464,65a8659a5f93092ca99b825a0632c1e1998bf546823bccdee0b5ec7852cb8d0c,2026-09-13
03_data/raw/nyiso/isolf/202106.parquet,145248,f3ee0dba79d75327549b4608a0f67c9f0428938ddc135b75d1c544e7529cee5b,4320,41ccc51a5ceaeb892a4e4de9e69fa62a751290cdbd9d264861e92d1bd819df49,2026-09-13
03_data/raw/nyiso/isolf/202107.parquet,147963,d53004d61220fd550c7422768a3a2dfd4e167fb1781937375717ae6e878b2b5d,4464,ab75586ab34c7e68a30511a176b47472e04285ed2a7f5732a4ceaf57d50d20a0,2026-09-13
03_data/raw/nyiso/isolf/202108.parquet,151293,6d0431edee248fdd672bbf6ca8554a9ac5f660be411d66dbe044607ad50bac48,4464,5aa42bf7923673cc1cc15491e0791e57b575189c3aa1546c08852a11d99bf142,2026-09-13
03_data/raw/nyiso/isolf/202109.parquet,131752,f998df9239ea824a0b2928416e91ebd5b0667b1f6046c9b7d0f0abe243291faf,4320,1a56f3ce70e678dd28090796c7d7a5876ee6a251ccda107158fa3450c5ab0698,2026-09-13
03_data/raw/nyiso/isolf/202110.parquet,120557,89ddf0558e9a52c351591cbdf2361744932f91717a50bd3006445bea7343672c,4464,055e48ec0d60e26aa3732a9a6d33b2607101b6f04496d4c257970a1e126f2d70,2026-09-13
03_data/raw/nyiso/isolf/202111.parquet,119408,ce9f7ccb10deeaeabd198ac1c460824e4281d145aa35c38b20e0d4fca14594fb,4326,8443a963fd905dfd4b7a1db4c16f3ea7df7755e24dce40241b7cd11de9144ae9,2026-09-13
03_data/raw/nyiso/isolf/202112.parquet,122960,1330988fa6ea174767b568e85e0472c0ed8f616d149f092f5f20127a8cdfd670,4464,faf1d9a087155e07bd8599078f8649402c65a7f48ff9a256f481ee0b85d56a98,2026-09-13
03_data/raw/nyiso/isolf/202201.parquet,123581,c14c67f385c7dcd1025b7e20c08d0071146a9d71abb6b45113130c18d4671a2e,4464,5a51fa6e0a344f0238444b9db88092e5ad1babb5c5f15990a041580d9be7f06d,2026-09-13
03_data/raw/nyiso/isolf/202202.parquet,112077,85639e734c0f0a5ac5fc8d9668dbca69885d89cea7f42d9a7ebccc9403551088,4032,84249c2890ab7b029426f862d4c113f2ac63b49b046e8d9e125cda9e373d46ff,2026-09-13
03_data/raw/nyiso/isolf/202203.parquet,119251,3737e3a38aa2090035f5a4e928735f4727cd20ab3729a15e677280c6ccd7d610,4458,1f098efe5b6678c46eb0c7dac22cf61a8f9e013797e45321f33c4380533fcc9d,2026-09-13
03_data/raw/nyiso/isolf/202204.parquet,110352,df21b514bf9a457dcad31cd5ac666f4619817c778ae5034ad343837f2c89c494,4320,6f83d1a28a9771c59d051b8f1425e7a10a1e03990c61b6cb9f0dd60fdd08d8c6,2026-09-13
03_data/raw/nyiso/isolf/202205.parquet,131311,2dab683a2fab515c7b489473ea529172284ff9b46b9bcdbdbe222ff4d6f141fc,4464,f29ccc006e57617c281acd3f50894e42ddbccd6673a0e8dc14d8db89dac7d9ea,2026-09-13
03_data/raw/nyiso/isolf/202206.parquet,138534,cc806cb7998ac1da23dc135feb918ddbcef9852043058d27b58f6559e502005d,4320,f67474f99916348501e51503405124fa45cf1d2c490d7db9579ae2c6f940509d,2026-09-13
03_data/raw/nyiso/isolf/202207.parquet,150532,1a9163d8997a413cfc5d1eb4aae178fb43768fa9e5e622d34fe2479adcd19f1c,4464,640cc3e7ca859d82a2f692ccf7a577651202d94a68e9cf5ba43919e2971ba93f,2026-09-13
03_data/raw/nyiso/isolf/202208.parquet,149227,2e9d652d340687485ea463b548dacbc1eab0b9d871e19b939063fce70e19ce39,4464,82c728cc1687b9f294e404a55b3bf9e8056fb602efab0a10cd726ea7fd6c7e36,2026-09-13
03_data/raw/nyiso/isolf/202209.parquet,131948,b28e47811724f8c109fb7ac1ac9c988563c088d341d05df5296a5087c5dbfaad,4320,ec75a8a8680cef0f795da89406e2bfa5a458babcd0d23faa522a9e3e4cbc5080,2026-09-13
03_data/raw/nyiso/isolf/202210.parquet,114105,284d6367d5287446ae4d9222b17a712b27375b946b313f5e745332c998563b28,4464,946ea3a8a559f40d9749267432835c8a37f1d554d91af1c91041e06b7be61a0a,2026-09-13
03_data/raw/nyiso/isolf/202211.parquet,121071,2a780beca0ec3077a6f6ed30dc8a688bf729ead102920a73ea0229dcc86e3c06,4326,284b83649a5854d473eff0a6120564fd9adda2e6bf10bd262557ae39dcb54c2a,2026-09-13
03_data/raw/nyiso/isolf/202212.parquet,124481,3fcf4dcd72962a41d3b199579d20c313bbc25e1e9be401a4c43af82ba8728e13,4464,a69f9ead595d23173683587d38662019e2f4bc91fc00fabdbebf3e14e086781b,2026-09-13
03_data/raw/nyiso/isolf/202301.parquet,120787,9aa6afab044d178f4ef67e1c269839fb9ec1e06fa1a971f47aad4df9e561fb64,4464,ef6f2f3f014e0f151e649c772046b67175037d1f7b14039fe7a3b6401825ab89,2026-09-13
03_data/raw/nyiso/isolf/202302.parquet,111874,0048d9d5e9ad3b88d7405a95ee78d2d9a0f617ff5d97b75121089ce35bc52ddf,4032,773eaaceb44178070b25507a768292685ce535d91b15c7083da89d44cafe4192,2026-09-13
03_data/raw/nyiso/isolf/202303.parquet,118621,fe4a06c3741742e28e7c5ab3f2ce351753ff15e98127acc3dad4911e0d32bbdd,4458,0951ff9ad19debac0331658377dcc5fb9ce12fd240c86394139b086a8544f0d6,2026-09-13
03_data/raw/nyiso/isolf/202304.parquet,113276,309791aff6bf05a6f43ab30b9355e5c792103784714681a827a6a4a36ca1847a,4320,47632082aeedc4baf6572984e51ee2c0d294721d29a60dd5f8e7ac39c7a53a6a,2026-09-13
03_data/raw/nyiso/isolf/202305.parquet,123989,289815508ff9e18b9aae257031126f4da1af154f75921a80c7cdf7eaa1e3acdc,4464,dfe9cd674c43404ad801980e0bc427c534ebeb7064e64e97709c104b31b6cbc2,2026-09-13
03_data/raw/nyiso/isolf/202306.parquet,134132,aeec7c03f6701b0f3fb4053d16d106176c8233ef00d1a33dfaa52e85f043dce4,4320,8726ca66cfd73c132fc8bb30de0d480440677ac9107d76623195047469abece9,2026-09-13
03_data/raw/nyiso/isolf/202307.parquet,146618,63e4ee67858ba9890bb79072425350fba3f782f84f5276f767ea761ded8a5658,4464,748baad5df92a189854e9d8bacc1392171af45fbb906ee0ff616c02dee2c5ec3,2026-09-13
03_data/raw/nyiso/isolf/202308.parquet,137902,83997f572207a46243416e423e4e19ef6e97c6baf67c4b88e1d42f9be8b355ab,4464,374486b2049749b8b80179b791ede56cf3e6b81da7b3346270368f62df054743,2026-09-13
03_data/raw/nyiso/isolf/202309.parquet,138744,c06f111fe14f3a833f773958251b1427c0f5b709647d190f1c072d1c8925fd88,4320,76c6a6617bb2b93dda619f821353bb49f3325a1b719fdbce95a6b949a33b9b3c,2026-09-13
03_data/raw/nyiso/isolf/202310.parquet,118935,9128dd463343beb764560614b5890752ce21b534b94806cf74223af14ff09b88,4465,d8a125d44bca0f7c57eeb91ea90f0ad090c07f093c32c598572a267c0530519d,2026-09-13
03_data/raw/nyiso/isolf/202311.parquet,119313,0ed233e13af7661c9fd0d18ef20be4734934d0aa0d796036a08fce68d846b307,4325,fc8abcdc3af11b036b0850d02a19124e4a0fc0b754a80e0ab41cb8f16bb1945e,2026-09-13
03_data/raw/nyiso/isolf/202312.parquet,121724,b309784c29fdb8446d1d1088da6849073115ca289306386bec3499211b541ef1,4464,06c9dc724b013496c46d128699a943cad9b1710b34c9933567749110b811a3b8,2026-09-13
03_data/raw/nyiso/isolf/202401.parquet,122387,5ab07dc1163956ce885909da2cfcd4653a4c72a22d99adc26816c4e652da12ce,4464,0939ba23adbc3b9681418e61d7406f9fca9375d81faf637113661ecc7d266696,2026-09-13
03_data/raw/nyiso/isolf/202402.parquet,114266,e6d6ccf81f2c3b4dbfdf47df1a0924b510cef2ed8354db44c196a1e4efbe8de1,4176,33e49bc3fd5fa531730c2aa7809bcfae068a8d84fd69520f362e7d299e84257a,2026-09-13
03_data/raw/nyiso/isolf/202403.parquet,116481,ce1b7bc8beb840f5951bf4ac9cdd5a895da03d518ab747cef851508bf8f438d2,4458,472d1db61a684e9e1dbcd26d628a4d98587ea8cdb60a19a7b577095ddad33676,2026-09-13
03_data/raw/nyiso/isolf/202404.parquet,114645,8da01657517831b645ac1b3ac817611a724ec6bcc0933471cd903675d85c5c86,4320,9880ac0519645c24dd49a0a75b54baecf6bc1a3fad1999bad03060586db32b32,2026-09-13
03_data/raw/nyiso/isolf/202405.parquet,126817,2c605c7617fb46430dcef3fc4f06d1215816a57769e40da28f965007f957b8ca,4464,b75b8fb9e949977b8632d0fd77a9812c0da486ae68d06e64ae961a88cb437c00,2026-09-13
03_data/raw/nyiso/isolf/202406.parquet,148849,227f24f3e243b82be5eb62e5e345a703dc41d0a4d23bd52fee8a7614c8ca449c,4320,4330cc2d69e14e0e93923db741f7a07cefc7672c338a2611efbdeabacd239f37,2026-09-13
03_data/raw/nyiso/isolf/202407.parquet,148281,76ccf3d0a4b81a30d689f91b80b2a6e9749d1b9b020610d28eb0c4c44e3d5b10,4464,1cbc116a062d7a12f2c5ccba0c3be5f504b71e768d5ca13de8a5a17500282d66,2026-09-13
03_data/raw/nyiso/isolf/202408.parquet,141088,6a9506ea99b6d6903fe876a1eaea497752929e4e9192090b6d8bfd557884ea82,4464,0385f09b8ffe7c4b17919d048f84d462c8cc16ca31f642b09a457501e20e9112,2026-09-13
03_data/raw/nyiso/isolf/202409.parquet,126664,4b1e6d8f61ad3f2de67792e2f34e717955416b84a2d8510c68704e984c76ef76,4320,00f48effbbee7e9f633a63831a0d662a828765ec673efabb921595ad5f1c40dd,2026-09-13
03_data/raw/nyiso/isolf/202410.parquet,120485,a4c19303809eb5b30889055ffaa10750a9aced6686e46b0aa9e8faf79f526fef,4467,e48869ace763171dd512b089a4a8c5ac657b2949b63a7b6c8d235f0c53206e43,2026-09-13
03_data/raw/nyiso/isolf/202411.parquet,120856,04553013c08d201f8900177c4b118929127f7ba4fb7065b77c39361401a64a95,4323,a58e9e932c07cc4fd14405ebdc84c20254c27d5767ec3616720ac4cb6b784ef3,2026-09-13
03_data/raw/nyiso/isolf/202412.parquet,121647,d660d9db53ca0f250bd89f84d7509967ff68de48b91ebc344dc2615995e067aa,4464,163eb477388b7bf62c640443e2a59ce527ded95b455ba7866d9521d0f34bae7c,2026-09-13
03_data/raw/nyiso/isolf/202501.parquet,123487,58747123e3e235fbb0d96dd0de32eedecc8c91720d035108a5c8b75fc8d27fb3,4464,21609995f5149267aaae977ca52826cd5bd5967814c58ee74782415b347fa94c,2026-09-13
03_data/raw/nyiso/isolf/202502.parquet,113241,2ccc105871d6cd0f45d3d28f4ea720613d0459ee82bcb79c557f6ddfa9ca0d0a,4008,cec0ccbce80d9dee9fd8647dd517fa43313a3bda7a36d01d837006d7d4049128,2026-09-13
03_data/raw/nyiso/isolf/202503.parquet,122602,6302875a144d42e96c529441c7c4fc908bab73dae7d90949e7067df20b7cb5f4,4458,8ea9de994b0c441bd04bb748b9158275de9743ec7bc91d0c147ff506725afb39,2026-09-13
03_data/raw/nyiso/isolf/202504.parquet,118877,6e338303dfab278912ac3ef9cc9f64a3bd594afd6906549949723c5720ecbded,4320,11089f8cd654514da62659f031bebb54b3b756e503d6ac121b32401f79e4ae6e,2026-09-13
03_data/raw/nyiso/isolf/202505.parquet,125057,d9d16c43c3aa565e13c6c3f05c0bc2748949a2d77119363328011201e0357eef,4440,d41e6efbf3cccd79844d92f884db20a89c8b02404fd073b9df04e8b410dde4f0,2026-09-13
03_data/raw/nyiso/isolf/202506.parquet,146578,07de10c762ac097185f230c8d1139280a3ec912d72e76a68927fa5e17474bb76,4320,534278c068f030b43fd7a6be58284828ec7cd694a5fcca55d83b3ee6f9b32047,2026-09-13
03_data/raw/nyiso/isolf/202507.parquet,152682,9bba0b478c631bffa3e93cb7e7c157c09c9ff6443ee9f4a6fc988150bb381526,4464,5aae97caa8e7a97d16df6979a1509c4e07a0239e8eae279ae7ad1086ef65f0a9,2026-09-13
03_data/raw/nyiso/isolf/202508.parquet,150574,93e08f1403902f13800677a4a0c2f6dba251701cd5337a30bd3bce8c33e19c05,4464,fe06e8bf81d84b9e732c4de64d1435eebd6eeb0dc9f0d8e71d67ac49eab05dee,2026-09-13
03_data/raw/nyiso/isolf/202509.parquet,127399,9453d0fa0c4fbc45faae6abf29d637f76af3222beda5aba1be09b0f29b1a0519,4320,40acd5a7833baa947af063d8c398ed94d7ff4bb2af012ffaa9359e5136a1f2c3,2026-09-13
03_data/raw/nyiso/isolf/202510.parquet,123580,a1ec958edbe8d5c45c2ee55be7080407240742eb2d79e4c0657d795afb6ed105,4468,7b49eb54ae3491e4a3c87b5b2424959b413f834893527e7a5b5fc99b207b70f5,2026-09-13
03_data/raw/nyiso/isolf/202511.parquet,119612,cd8f439059812ebf802a6862c84c8df5af1d6884ff284bdcad4c2ee00461b4ad,4322,516bfca72ddd69a116ec3bd5dc4f8642ebad67a976dc7583eeea71e38b490de3,2026-09-13
03_data/raw/nyiso/isolf/202512.parquet,122914,74194d7f1363df3585a54d9f27f5ab2ce100090f1ccc42c3b54eacbb3a638a5d,4464,ca9def540af94c2f7c876fafc876782bfd192b09a77f478fc81f598cc6f09eaf,2026-09-13
03_data/raw/nyiso/isolf/202601.parquet,129048,497707d483efef7427bb7b548f671f4dc58dae52fbef0b0e80a049e0fa84f07d,4464,589cc954ba1386b83ae8a353c50fcdc973d5af5fcffd1a11c186f40885775ec1,2026-09-13
03_data/raw/nyiso/isolf/202602.parquet,117083,bdf1990429b815f7ee3333f81eab1ebefa38a312a3c37b7eec4f35eab491ee7b,4032,8014a44b7122de1a442dab57ce3e3a2f9d73842b87cc431165ee5ba5e911bb48,2026-09-13
03_data/raw/nyiso/isolf/202603.parquet,123854,5365d0d31f59dab22cfbd62bd8f399c9b639b2a0bb5923633e43459d62cc4246,4434,87021087f22166045090f485108f8c21f50a326c2d2091fb4e3831ba3aab43ca,2026-09-13
03_data/raw/nyiso/isolf/202604.parquet,119477,e437991b63701190677cde6362ae6512e13abcbc46649a5ca23b307942b8cc4b,4320,9003da47b2511d7242a2bd9f59540e5facf961424826ab551593e8c6e156c8e2,2026-09-13
03_data/raw/nyiso/isolf/202605.parquet,131105,a9917f00ae964b6e11c221a54c10de9a2e6418ab28a77eacb9d8b297e712fc02,4464,bb43ee3346c734b163ebbc5d8de1f9a0c3f08f0f5303453f5f22e3895408d59c,2026-09-13
03_data/raw/nyiso/isolf/202606.parquet,147050,18bd9b2292f147455ef5995551bcb00f91ec0c7661573310877b0578104b813f,4320,3f59e603bca32bbb39d92f6477431091f65439118afcf44c95b1fcaeb90d86f7,2026-09-13
03_data/raw/nyiso/isolf/202607.parquet,148015,403b106e7bbbcca9cfb04741a99ba51558eed19c9387715c93cb08a2779ae9a1,4464,fd92e0af552fded8f7506167f3823206a8ceb8dd1517625d261058152d9115e6,2026-09-13
03_data/raw/nyiso/isolf/202608.parquet,142611,dfd04d28ded4526cb4e3d7d9cd2c7337d6d9b7c4002bd70bb54791ba92c1e0fa,4464,a4925342026135a80584aae4d05da5c3171e8c80d06483474d127105a8bf2190,2026-09-13
03_data/raw/nyiso/palIntegrated/201901.parquet,53510,725238e68ec715cffe012e62cb0bea5cc1071a6387bc2fe673786cd6ea339f00,8184,ffcb3ffeb759e0646d643d9e017af644ec2b8f93ca274c27ae1db025f5c2c229,2026-09-13
03_data/raw/nyiso/palIntegrated/201902.parquet,48651,532bf0774855e3729af0016172ec0be91c7e2d86acad6ecb69d52e185319c111,7392,744cce2c20e5c21eb4d5c73f6ab95d00d749f6e0d41f8b85d9a3ec65dbaf54ad,2026-09-13
03_data/raw/nyiso/palIntegrated/201903.parquet,52631,e3127369cac48162671ecfd94ef308d3873029409d1d182b9098a3a86321f895,8173,22d247d2511e881170348f1c2a1faaef6e2bfe835bcca9ecc295d560123b58e9,2026-09-13
03_data/raw/nyiso/palIntegrated/201904.parquet,51044,fce674cd2eaa6a4e6b4716307abdb240538226c30245e0c38a991b12b5f63da9,7920,23ae729fddc35abfcd53c5cd4f3a97f18488611047c0e7c118adbe057e187697,2026-09-13
03_data/raw/nyiso/palIntegrated/201905.parquet,52390,414bba16f10850d2dbe74afa00756d94ece8518ecf74ed8415968470df902463,8184,81969a0b311a411913a8ad9c0734abf3ddabcc8b4efd3f40515272688725be34,2026-09-13
03_data/raw/nyiso/palIntegrated/201906.parquet,52222,6d3c23572d0a32ada373d3ea871caca77f465f3fe6b240c8d3cc1c0b334aeed7,7920,4a4a7c256cb07b0337b27693a7bebd498b66b3d805f50b7e959bb88c3e4fcf38,2026-09-13
03_data/raw/nyiso/palIntegrated/201907.parquet,54882,1889f3d5dc148370615b519f6a3f3e182736aa7b38eb6fa7ae5de37ede15e86c,8184,e96c186c029521f0f7cc283c511ec407584f79400621c82dd2e44db795d5c4d8,2026-09-13
03_data/raw/nyiso/palIntegrated/201908.parquet,54475,b3e13663062637f9efa1e8ded3c74e018d9d3e5c1a9c70b900a0f6501e84b8ee,8184,fa8ea8bb3724ba9d2136965976d968d6a9820c4dcf80ee204a5b7eb6e3b3af97,2026-09-13
03_data/raw/nyiso/palIntegrated/201909.parquet,52018,fb0d9fc57ac46002aeda5cf80aa5f61218840f3b25b5ac656888acd85da16239,7920,d972bd1c7d8581c52e5dc2e83999c6de46f079fe205a8d2dd8b375528458b7e7,2026-09-13
03_data/raw/nyiso/palIntegrated/201910.parquet,52495,2398513c1fd1597f42962a19c3867cc3bec17769000bdc0e694a4f4f539e9846,8184,191a476a435dfcd5ac556fe401c2ecdb0c26a7127a76214b5fd94f9503d4419b,2026-09-13
03_data/raw/nyiso/palIntegrated/201911.parquet,51625,b92c5930b58e4ad6eb9a9d26628163bb1b1e69c51f14bbbd2f9f06ed750c0932,7931,df133b5c5b058d7ecef095c583215b0ee1358bab15b1229a1bd5362b6856f6e7,2026-09-13
03_data/raw/nyiso/palIntegrated/201912.parquet,53367,c0f31f804c185c4855afcb855f41e8196b011ca686658c98f9bd84da5cb8bcf9,8184,71b0a95c467d59cf17e20bc3fc8746f1af2de91a96a62acf9dc72075fc387a06,2026-09-13
03_data/raw/nyiso/palIntegrated/202001.parquet,52959,c0532cfe0e49510acdc1333ec1648889234248db6215a6684b15efa206550b02,8184,6d92cae81f7cb710882b2f7bf76a8035e17bd7a3e9f14b67762c3f9627cd4e47,2026-09-13
03_data/raw/nyiso/palIntegrated/202002.parquet,49361,f0c197d840e41acad4cc6743f32bbb8cef9d5732023e285d264f7a791ea625da,7656,a11c56f925ae042458166ca16cb314ff401b2d4f501fda6567c989b7d4d55019,2026-09-13
03_data/raw/nyiso/palIntegrated/202003.parquet,52023,b4538edbd2a0d8a127a87e994bfe6381dd500e94dfa67ce015daeebf7da00619,8173,b7e3e55083282c9e78c71e90a3271056cdf59eea72fef77c6d4ccd300e8d2e3b,2026-09-13
03_data/raw/nyiso/palIntegrated/202004.parquet,49696,1fdc38c697bc30547d18e2bc796eaea5b543cbe7bd8ac3e7adb46d03baba9568,7920,b7d3e97fcf8ad5010b965e23e0d432ac97c95fe9ab2c26ecccf42061fc6ec7e7,2026-09-13
03_data/raw/nyiso/palIntegrated/202005.parquet,51892,a0f3bc194cf57028f02a7ca675656ac3170b80c66382d3d27ef32c27e0194294,8184,b7e28d8aa553288e754aaf420967b44fcddafd465e06fcfd5d34dc9abd71d11a,2026-09-13
03_data/raw/nyiso/palIntegrated/202006.parquet,58711,cbbc4a9324a0b1750cd4ed363c078cf1fe4b181938faa0c2b3e6b740bc058945,7920,9cc14c2a4359553d33c3b04492ecf3ec1040adfb65c333d56912fe711e4a538f,2026-09-13
03_data/raw/nyiso/palIntegrated/202007.parquet,81006,0fb398457e1ab7028bf7d7bccdd678a27025342236575d34fefae847edad5eb7,8184,7b5f022563ee95c6f9c9801126c4095bcc827908a374f82918aff6ae6cde6c03,2026-09-13
03_data/raw/nyiso/palIntegrated/202008.parquet,88496,85b5ee499473e58957e3680c2768a189480c5c20e742fcc8187c48de0a037316,8184,091694936b1d5cbaa2d48726f0ee3c207d5673226ac3b325ab9ee488c71b6b85,2026-09-13
03_data/raw/nyiso/palIntegrated/202009.parquet,74611,6d2fc16d6e4485a86f6ede7a21cdacdacfb98278558f7a74e921b2702b2b2afd,7920,2915b29502cba0474e7993c35dc952a24bbb0936a31f4d78c314f68b505fd34c,2026-09-13
03_data/raw/nyiso/palIntegrated/202010.parquet,76450,a631b0d6e42f6722d121975b3e280480ab0d9a2a2979c35aa056bd9adea6c0ca,8184,93607b2495031ebcab98e54ba1a36c46eaafaaf387eec689300618b4422c3049,2026-09-13
03_data/raw/nyiso/palIntegrated/202011.parquet,76215,c8407f195d8c52ca6cc33dbcdb2b53eb9f9c1a600695fcf578e6946271205778,7931,bdaf34426f9a45436ab6513f9e97826f96a225a712ae54f70475481072ba306c,2026-09-13
03_data/raw/nyiso/palIntegrated/202012.parquet,77009,20002840385bee8f5692ced45470f2ec4da32dc360fc8eb341c0e3d2af6d96b7,8184,d93b5d43f568380b60f1e6d8f225f87df9980015d3d9a2c55215f15a3c6350c3,2026-09-13
03_data/raw/nyiso/palIntegrated/202101.parquet,77242,9f52f0d2c75ab8a4816f3cfc68943c8a6d689e31e61d800a33f38b0d68362864,8184,2bb0048d83f68334667a1011983d8444708fae70fb8d5725c7c22fb712c0870e,2026-09-13
03_data/raw/nyiso/palIntegrated/202102.parquet,70459,c6555f66ed397f2c9cdff6c813f4d6f4395924a960f33ec7b9dce6dbb68840c7,7392,2d226312550a1c9f6829270e514e5ee5e6baa89d96b9d3ce3f4614a018e10316,2026-09-13
03_data/raw/nyiso/palIntegrated/202103.parquet,77491,1bd73610f43096dd186698f0dc900301a714dd7bf474112559241bc25ca83b45,8173,216ac042feb60e7f14d562297565771fd3e6f303a57322f01b1c6cf64ba5c6da,2026-09-13
03_data/raw/nyiso/palIntegrated/202104.parquet,75297,d5ef96430abac3778c93fef6f0e8bb53b56471d9a723244264c9a43f10e5e232,7920,3fc22261c290596b5986bd12f19fe5022e274304c87072349b751e56cd89dbcb,2026-09-13
03_data/raw/nyiso/palIntegrated/202105.parquet,79950,bb4932a1f41f9f525e9894bf0cf6e5151f022983cd5d56ba422a17f4fec53a89,8184,688f329e10ff87cfb4427b1984ac32f3ed70bf6ac9fc208930cdbb18f7476fdb,2026-09-13
03_data/raw/nyiso/palIntegrated/202106.parquet,75369,5929ba6e9b002a960e761790faa18aea4102248c3b7aee2ff0e71afc1078a879,7920,0e183e4b4888aebf5a488664808e3c1f94856a0b668f8ad1077aec459b10001b,2026-09-13
03_data/raw/nyiso/palIntegrated/202107.parquet,77036,83b83ca46895b56e308d7246e85a2b1542072662eec2100ee5fbacc309a967c5,8184,54be37eb74eceaede85193806ea39677d13bfd1bc61414a1c71c249cf73e8464,2026-09-13
03_data/raw/nyiso/palIntegrated/202108.parquet,81199,312de5c44ef24b6b8d9132b3b40d81c07c2a7361dd99bbe6b618ec4392c11599,8184,53f527a1452615d31a0a210eac3665fd792dfe74ca2b387a0698dc258f87a3c5,2026-09-13
03_data/raw/nyiso/palIntegrated/202109.parquet,75063,3fa572ed6f33db83cd7e959b1763f9fb9164b2bb603540f2a3d11f74f39e37e1,7920,eddee458df8243b39279ebd7b7444a359b396a55decd2de948e066eab0733499,2026-09-13
03_data/raw/nyiso/palIntegrated/202110.parquet,76828,b24cbce76117d9de9d9f18676ce3d64bb4105471fe87547a6c0d141cae5797c7,8184,29503bdbb5d4ec213a6492915b8c00e46d2fd80335f0984d7a41aeb5b706edd6,2026-09-13
03_data/raw/nyiso/palIntegrated/202111.parquet,76608,b027e85154a0e17a725e482e7f5364efd265501fee377f446325266a044cff21,7931,29319e00117807bcb69a750e0790f0c53318ec311579487511593695d892a756,2026-09-13
03_data/raw/nyiso/palIntegrated/202112.parquet,76697,fc10e8da86501e8aecacf1887a79ef817a1c7d356a3b5a04cefee7a4b69fe75a,8184,d21616969baffce83fae83d92e845bae8198488af4427cf8b0488c52114c2ebf,2026-09-13
03_data/raw/nyiso/palIntegrated/202201.parquet,78644,ac006fa6b97dd21dbcf21c003f2cd0eecff42f2b69c40ab5818b0d0e2dfdd02b,8184,3ee46af633a653cf2cab3e3665d5485cfe433ee2b0e1e75075337cbba09a940e,2026-09-13
03_data/raw/nyiso/palIntegrated/202202.parquet,74288,974ba3ca8053b6d768be8257484cc15e8602956688ed86361e61f066f534f3c4,7392,4a4d54b709d26a0f42c470016e79e432bc906be4b150522bd56128aa13d777c5,2026-09-13
03_data/raw/nyiso/palIntegrated/202203.parquet,88417,463f1884ace5a75fbfc62a129a2f036a4f89a33edd943a1b45deb7326e3ae7a2,8173,6de1897ebf14a43c5536757a0a5bf70e34b3a3ea37c72e4f17391e0062100362,2026-09-13
03_data/raw/nyiso/palIntegrated/202204.parquet,75286,7744790b5ade046c9d516d148da766ab2092b9a6d9250621bd5a99e7a6bb0cb0,7920,58720a20f3ca774b3b81774305bc58a3a08ea65fd1db807f6825bbdbcbdbbb3f,2026-09-13
03_data/raw/nyiso/palIntegrated/202205.parquet,77969,9dc311bba0b559832f8ba491a0ececf8b4cc00026894ccfe8f30d4bbe64c8f85,8184,b2db4c42df2b6b7e89d9db0efd458c61f4f14fb6c362bc9dda1bc70e27c5f477,2026-09-13
03_data/raw/nyiso/palIntegrated/202206.parquet,74968,b2fc790e81a54e9500293f7cd2f11accd5296fca67fd3ccb8c3eb03d2269b413,7920,cc3f85aa4894c2428c18c3420b6d25d2d0738e7213054342d1f19402f63f3a72,2026-09-13
03_data/raw/nyiso/palIntegrated/202207.parquet,77800,2a100e269a51ae149636e73d4179b6b7a26755381156e5a7a8e8590f639b11c8,8184,288fd605ccc6cf1005ce99d5e98b48b712e979fefa273a1005c75936240ceed8,2026-09-13
03_data/raw/nyiso/palIntegrated/202208.parquet,81583,02eb58835f61c7d7596e0e0535a84c33845ab0d4e8afe0c5d97c336f2b5ae4be,8184,29f8021006ec1a74e730d0bb2daad39585c384a2dcae180fddd5c0378251a130,2026-09-13
03_data/raw/nyiso/palIntegrated/202209.parquet,83221,70e2f25ae6de5f5e134b7b6cac58ae31d46e9237927084c686a38ea60a2e5ec4,7920,cf936e05e94fdec258d854d53ea9897ff60d22a41d6e63f2c2f20e6f1a7de4ca,2026-09-13
03_data/raw/nyiso/palIntegrated/202210.parquet,78479,dfdb52e5b19491a78c5016abf79c3bd9d99740342226cdffd2ffa7e522f627d4,8184,d7ff062f129ee4dae63ce160a7ea0c65623aa69d1d44db184598826707ecc73d,2026-09-13
03_data/raw/nyiso/palIntegrated/202211.parquet,85792,2740be40dc8c6be655b661cfc2aea1d1c902d2e43f4f2bea4ce6e3f2e3834590,7931,d68bf7c5fe3cd42bbd5c131418cacf58473f1bb184c4c2520b11be9b3b1279d8,2026-09-13
03_data/raw/nyiso/palIntegrated/202212.parquet,88512,1488647df2861a0224f71fb67a393ca86cfd6522a1dcd23eb31a909cdacbb75f,8184,94c5dd3e9a5566fcace66cbadd12c0946166ddd63a9d1b423354fa7dc728db65,2026-09-13
03_data/raw/nyiso/palIntegrated/202301.parquet,77289,3e8845ad5dfd96ae9d3a595252136f134a6f2a5eca315f4a129ac3fa40edf797,8184,73262805a7a4d88229a4a081462b37a26585435a3251f0ff1b3952bb44c22460,2026-09-13
03_data/raw/nyiso/palIntegrated/202302.parquet,70249,460782cfa2ab6352bbbd57d83617738e78a1d592eb5aed941a7f2cd6e6910b3d,7392,a75e88778de7bc2bff0288cbe6638c9ade01499f6530fce9fb510ef4bb613232,2026-09-13
03_data/raw/nyiso/palIntegrated/202303.parquet,76498,86277563bf3c67e30c136f2d78fa27870ebcf533cfe2375e72180517a487fbaa,8173,0a2080b46805805760e0042ecad1945820ad40009070cc1583da3d60bed4de6f,2026-09-13
03_data/raw/nyiso/palIntegrated/202304.parquet,74006,d3cb41a121aa0600275ea8c1dc7f00ffd7847c4e6e928b56cc5ba8cbeef0d554,7920,02dfa204aebba14da6414dead22c8650481e06c089c6d7c875c7f638a126c118,2026-09-13
03_data/raw/nyiso/palIntegrated/202305.parquet,78409,83333fa498a214e9c5284fb4ca5af8c3b69fc3871e38d7f7eb9c4b8fd95a4488,8184,1189f5f96829b9249e04ed7b6278253d7988fa54b527ef280db139af47f957e9,2026-09-13
03_data/raw/nyiso/palIntegrated/202306.parquet,74488,79afc9496787d18e840b4738545a45a4dedc33e2c4c3040d5090c62185eae762,7920,bcf8ba1a2d1a4f1ac494d2a34cab857da3ca594255f2cc0b76d70b648683fe30,2026-09-13
03_data/raw/nyiso/palIntegrated/202307.parquet,80912,522f5c76a1e4eb7abe578fb684e28d5a15a3ce467406770d0abad607aafcdcf6,8184,f070d11f8714129e33b56abf629814b3eab5122678ee3f3c39d1c1018a53380f,2026-09-13
03_data/raw/nyiso/palIntegrated/202308.parquet,76904,ccc6fd08aa53872e2aa587dad09d8e951dae621f9a745575b4e81a95b8fea61e,8184,b1b6eba23c600bf49462f761225ebe580d92c6bfb2cf144e9bd64abade2e5ea3,2026-09-13
03_data/raw/nyiso/palIntegrated/202309.parquet,85755,b9540511abb9df6035ace987740859ac355264272bf630634f699389eaf79cb9,7920,f060ad1069f51afa723c8146d9fa6a3472ab6179634eb4deb72af6c242e4ee1e,2026-09-13
03_data/raw/nyiso/palIntegrated/202310.parquet,88223,e7048161c2fe58430f6c1da6c966e2916b2ba733262b8c9865ccb4fefbdfec95,8184,5728ef07557887bcecf1ef4b1a3f154f8b9b6a87be2a73005a3564b05837c34a,2026-09-13
03_data/raw/nyiso/palIntegrated/202311.parquet,75954,477154c8f20a2684fe84bdb4e60aa48910da9e289b405e4264c3fdeb4d97e813,7931,141ec3bc22bfbedc6f1064e64e1d907ef0dbf9c985365c99d69306787f6366db,2026-09-13
03_data/raw/nyiso/palIntegrated/202312.parquet,88520,83a3f9e49ef50d3222e46efbfa173807a73f1e841f59f3675c8545846586193b,8184,50a2ec183c03657c66d9b5a8d48875530668756fa9ec21fa6be062c25fb2fe58,2026-09-13
03_data/raw/nyiso/palIntegrated/202401.parquet,88504,c90c53abadba9b87a84ed08ad3ce05b316717fe3a57a315c1c85d8e7965722ea,8184,3632b3883dba8bb83b61c7e0711dcf3f28ac0085d5b141e19310109476898d93,2026-09-13
03_data/raw/nyiso/palIntegrated/202402.parquet,72418,519f226de6d6e3094369a4e34fa35646c5e02ef8a3ed6fbae0824df327622af6,7656,14a789068cf4a3afc57d0f0bcd2c5c5824ac0a9f1b2f5642257498f28a844f05,2026-09-13
03_data/raw/nyiso/palIntegrated/202403.parquet,76895,783c398a5cff41533066bfc6cbbcaa04d4487ba359bc7f699c20e763fe120cd3,8173,0a7432b4e11a336a5cedd915f4abddbd32523c7d6c17eb9d413124b919efd80d,2026-09-13
03_data/raw/nyiso/palIntegrated/202404.parquet,85763,aa10f5c9a94cacb62643b60709677cbd02566812c6a121e339ac6d3d2bfa4dbc,7920,340aa63d2a67c880f597cd2343065b22d0a45a970d73c286ef407ea3df29165a,2026-09-13
03_data/raw/nyiso/palIntegrated/202405.parquet,76600,2617a2deb3e43559cc516c49d0d152d33de0f3752f33c25686f2c8ac55d0a315,8184,6ea9e0ad2001af16f145c369b9aa88d74f4af51e28c9bf75c1e8a9ed46ab6e4c,2026-09-13
03_data/raw/nyiso/palIntegrated/202406.parquet,74923,b255f2fcb14ec6b29b9418edae56cd74d6e276636ec561d41c3d5b6a58914c80,7920,150baeccc99c7aae853554f09870c56966287bb47656cdbbd4f3ccc343bfa5ba,2026-09-13
03_data/raw/nyiso/palIntegrated/202407.parquet,81528,b9f0d0ce02604b43753d4b163b2dc2b41b2ba65d315984ce10a09ea3494f9394,8184,3739f753dcf8b78961f9adefe43e9aefac5b2a88ff7ce40f80af0ae1d5200783,2026-09-13
03_data/raw/nyiso/palIntegrated/202408.parquet,84815,0b095b282268a4f2925bbb161dc21ff8fb49625cd94abc49911d3da4a5c5cbdc,8184,54a43ee45ccecaa4998aa3b4daad229db3cfcaa93ffd003989481ba0f26ce2be,2026-09-13
03_data/raw/nyiso/palIntegrated/202409.parquet,74525,0c3c2b10d9c992047da22ad02b46a89648a118fede5ec7272df3e2bcdd4b78ad,7920,fb03e94a7a43ac4967fb2bd681a307e5b236c85fa7bd11373435596f820a2e49,2026-09-13
03_data/raw/nyiso/palIntegrated/202410.parquet,88485,d883becfc3a99f30bdeef64eb02664f336950bed093761bd5a05a25198f5a6db,8184,1a21bd9b64a32718ce87a85c1338527fc9389369bad521181929253192473cb2,2026-09-13
03_data/raw/nyiso/palIntegrated/202411.parquet,74504,73c56d20b5e71b81258a8bce96aa4197d6c72c9587d2e567fb251d0e9f561f2c,7931,8a08cb31dd0eaadd548a21b49e1329a7b4852d810f5232368640e837ed71d8e8,2026-09-13
03_data/raw/nyiso/palIntegrated/202412.parquet,76815,f9b7eccf4c15a7a9170e3ba58054cf4d072f085694b24dde264c86ca00c0e732,8184,1e7c6320c28a81268b5e38af5c35f9eb15596f5eff8d8b092e670e14830ef005,2026-09-13
03_data/raw/nyiso/palIntegrated/202501.parquet,77292,9265c8ddd26c9449b36ad1e37be48e10315197e9fa04303e0a6535970ea8725e,8184,906b83ca4bb5bc15c2bc581b6a29ef7a5d4c30d1a02a3fb885505383eccc50d9,2026-09-13
03_data/raw/nyiso/palIntegrated/202502.parquet,70115,bfe05b54a2b695d52f262313b6677b3581e0875c2824fca589e06cfc5cad40b4,7392,e12b3b3fe16f4b91446ef6f56e9e8d336ca4158824347bbb072cd4092d4936a0,2026-09-13
03_data/raw/nyiso/palIntegrated/202503.parquet,76618,fe0a22e2b3cb7fb8b1ea36806aa85b79bdf47863fe3b637240ad5aec46323830,8173,30497d3cc97930a1e42c393fbce6ee1e61ab1069157c61765a753eb38a8b1069,2026-09-13
03_data/raw/nyiso/palIntegrated/202504.parquet,74525,083bdf8d7e1ad5edb0a69db93ddc0aba858ae8b8f1cb5816ab27bcde9a2babf4,7920,943a04ee633d22df0bb64ae3b5bed5d065916ea8d2502d2303213714b078f62e,2026-09-13
03_data/raw/nyiso/palIntegrated/202505.parquet,84636,77ab9f2b81cf11c931d0153c850ed4894b89f08f9d513a48377100e369e831fe,8184,d7d38052d1dcb4f8e4749d0ea7c9a92b0de638ba360712bb911f68b969d3499f,2026-09-13
03_data/raw/nyiso/palIntegrated/202506.parquet,83320,a44b6c3c46400e1781f6e2eddf838b4e2656a5bdbe8a0522192a9ddc10868a42,7920,49c5aa8e8a376b9134a87d23af30fff631a40516acb88d1bfb6e85df1a298bb0,2026-09-13
03_data/raw/nyiso/palIntegrated/202507.parquet,77356,13a6774efe96859f652f35ac9a8ab429ae5c602324dfeb2efa2ce9fe8eb0c853,8184,e21451f714a5dfe08ccf89fb5848b8198e3079c25a8a8a5b0a149582edfd7e3b,2026-09-13
03_data/raw/nyiso/palIntegrated/202508.parquet,88512,f5a3974bc5474499f4890e1a701a8170f9307ae82d5ec9665b2b282a955a7121,8184,fe8877ac33e68ef405d7db4f287f4b3eb255642eb31809f1f86211c611611b84,2026-09-13
03_data/raw/nyiso/palIntegrated/202509.parquet,81918,afeb239295c96f921da5a8e0758ec9ddb109ab76be958d2ad7f597b1052f7e56,7920,19b7ba4648767a49c179f314659457c2f7e4b891d8c6479fabae1d7e48654e22,2026-09-13
03_data/raw/nyiso/palIntegrated/202510.parquet,76517,a7fae999225372867b70c2fb6653a1030f80164e8305904a80c1d85fb05069f4,8184,62dd11a22225e43b12a66893797b2d67b8c5ae74ac722a676e8cc50d5c7371c1,2026-09-13
03_data/raw/nyiso/palIntegrated/202511.parquet,74507,752bcb4365c42be29c2f5ca8b45bbee9bed32d7a757f6e6358e4e48e9a80b7bc,7931,6681252ba2761ffa218a49a302c9d25052306345b6b93128d5e0f2132559e3d5,2026-09-13
03_data/raw/nyiso/palIntegrated/202512.parquet,88520,6570f375b6f0256d0c9156b6e07b967cb3020660d173750f5a8dccad4a0f81c2,8184,afcc40840f5bf74924c684d33bf389c67df9cefb1a8c750ca6fb00a7ccd93c5d,2026-09-13
03_data/raw/nyiso/palIntegrated/202601.parquet,78155,cba4eeb8099414c2c313c3c221792c035067db2d087148c3cd0e21c653002c10,8184,67e83ddf3c0b691b47775a521c4dcc0b66ea18048c3f47ea901aed73a8f1d8ab,2026-09-13
03_data/raw/nyiso/palIntegrated/202602.parquet,70116,0cd025d6ecfa420bf0b3796644507545a8e79b929430c275a70799f265345f05,7392,88e25d5edd4d375f19de6a63c22fad865dc7876531ddea3fae665d899cfd847f,2026-09-13
03_data/raw/nyiso/palIntegrated/202603.parquet,77488,95068926fc32039b39ef0412b2c7102cd42ef2c89fdbc08056a023f7e34077e4,8173,5cefdde8b03e6026fcae57da97c33d1f6e11ef8e8d72fc442baa735f84d69be4,2026-09-13
03_data/raw/nyiso/palIntegrated/202604.parquet,74438,25471fd8af9b7dda67cbe20730c627c444b8af1784c3da790aee124e33fe66ca,7920,62eb88fc117fc3ef03af4964cb0fa31dc022593e3964572731c947f24b908105,2026-09-13
03_data/raw/nyiso/palIntegrated/202605.parquet,76799,c88ff38a2be4d031fde1ce420359f1ed747b6dea2b258c3133c8e5dbeb789663,8184,045b9d301092d4799c5303023faac7c2b4783fe44a1af8f51043db923ba9fce4,2026-09-13
03_data/raw/nyiso/palIntegrated/202606.parquet,74956,d75038c592e340dc51ed5548c2576c53e7c555e7e3021968996b980f0e9f84b0,7920,3595700224cbde9ee0a50413655f04b28465c2824dce6eb6487b93eb792a10e2,2026-09-13
03_data/raw/nyiso/palIntegrated/202607.parquet,77624,cf8f9535db3bf22dc48d994aa73fd25150edb6a55a78060ca817776b94cbf221,8184,61bc24ffbfd0634f2c156622df329d0f724a1e7c852ef0ed9b8f66a7d8b1101e,2026-09-13
03_data/raw/nyiso/palIntegrated/202608.parquet,88512,6aed1c062691294b7dab8e45201ee93abb91d893e5d03bbfb7afd6a072f75360,8184,e757cbdacb24cae978615ff7ea4309056866179a275b3952ea3cf804cbd01588,2026-09-13
03_data/raw/nyiso/realtime_zone/202601.parquet,892610,6103c79b1bce85940bf3c40d0293f518826e1ef812c18831965e00ff6c717984,136845,ff77cecec1057e4d91a1b81e28e226ee3460ddeae67a3de0671f2483eeb21f97,2026-09-13
03_data/raw/nyiso/realtime_zone/202602.parquet,768594,aadf97918b8cbfe05de4fff774fb45812c88c9e4dcbd8a32351d4d0918a854f5,122985,3f3c19ddfe31b258dac3601fc67bf197322317b8f7a5d72791f888b3e2fc9e31,2026-09-13
03_data/raw/nyiso/realtime_zone/202603.parquet,714506,3c0898ef5f13ee8d0324559d99f68a8c75cc023367fb42f1dc783202df782328,136770,01ed076368201a029b84806c1657b810e1415f53c9608eed32aec30c2cf00cdf,2026-09-13
03_data/raw/nyiso/realtime_zone/202604.parquet,634566,145f093d659d197dc8f8b916fb835c66004cc6dab177cbfb21d2bedc5a8b6794,131640,f6a97c46a5b0c93dfd0a3281c8c1654bce4801659bb9e0b23ae0d829c0a9d7e2,2026-09-13
03_data/raw/nyiso/realtime_zone/202605.parquet,713253,64be1234b5cd5c507bb5274b1bfbedc03b04c8fbccd1e6e893de60e473dd7860,136725,48a5722f1c7fe0a68763b11293dc12fb9ef280d69c672706683ab2975cbb05c8,2026-09-13
03_data/raw/nyiso/realtime_zone/202606.parquet,685974,f728cab4fc232872be768d7d3ea92b5a4f8dde7391c65cb57bda58e898479b68,132540,addb64e2153886da35e3510487ede9caaff6b23bd8feffd7c27dfa8947d25e73,2026-09-13
03_data/raw/nyiso/realtime_zone/202607.parquet,747723,21695b11bcbaccd3a6ea44b1270452adb87453902734f081c4e3a3b3ebb3ca77,137070,7d0ffb22c1e042933ef5b2080c3bc10f61f5a9443a29e9e29ad6c3b9498f013d,2026-09-13
03_data/raw/nyiso/realtime_zone/202608.parquet,666886,2dadfb8234e7e2622a97f3f01a0518b8bd60ac39d87a0e8a3eb3e9f3dfb5e201,136335,8216dbfde49c8b508953a5a9fbec958e8ccd9d66c466c26fdf87d80be765b33f,2026-09-13
03_data/raw/public/opsd_time_series_60min_singleindex_2020-10-06.csv,130339665,6a7f2bc571314cbf9c321cc03437691cd4be95c3a6f075e60ff99e8035c704c8,,,2026-09-13
03_data/raw/public/uci_electricityloaddiagrams20112014.zip,261335609,f6c4d0e0df12ecdb9ea008dd6eef3518adb52c559d04a9bac2e1b81dcfc8d4e1,,,2026-09-13
03_data/processed/nyiso_learned_baselines_confirm_s0.parquet,13900623,7f8cb9f38930401c7c923e7ea77e8097d71083762378dc28fe55fcf73fe210a5,353496,34a12e82a2f4fb448473b5af5beb01c0e200d3ebe7e14eaa62f82397eb2155a9,2026-09-13
03_data/processed/nyiso_learned_baselines_dev_s0.parquet,14926926,94c72419863e1448ef6475c72269dee27a1fb6272664fb8d898bc447f49b054a,385704,1bfed91ead9acc48b76727602fdee78d52a7c0bf614fe41da283c172f1d0193a,2026-09-13
03_data/processed/nyiso_load_panel.parquet,11401642,cdf9b3efb984156700fd96a0f776128c97e69481412b5e44c5ac38e30901e72d,739112,61794029b2e039192db0c643a8c81bd1f7f7615931a23a77c2227dac75188bb7,2026-09-13
03_data/processed/opsd_load_panel.parquet,23178948,a93d8dd2b5c17280e3f416e2199840a8e075d05538e3a51b8b364943dd7a62b9,2671200,05840b0e2a71f10a0559e883d29b4952c5eccdef782b3ce2233c3d1a111a7504,2026-09-13
03_data/processed/uci_load_panel.parquet,17878864,b14343ff02495cb9ff0bb81da2685622dc3c14ca1ee6656fd2c5bb12042e1f16,3814225,16a853b61204846ab1403c7c5f741f64ea2fbc8e8c9c6cf950c8d5833cb3f8d9,2026-09-13
