unit,baseline,refinement,realised,pred,nested
NYISO-2026,chronos,global->series,0.003952711557761021,0.0012684682478345595,-0.015047814538090563
NYISO-2026,chronos,series->series_x_hour_block,0.00482446339976248,0.0027304450423962026,-0.0004696612590808829
NYISO-2026,chronos,series->series_x_hour,0.004530175024640068,0.002560068104149147,-0.0009656356885647035
NYISO-2026,chronos,series->instance,-0.06358410347764067,-0.1439721671775144,-0.1705304990704299
NYISO-2026,dlinear,global->series,0.0006374512137097493,0.0010425432385573463,-0.006434385574315682
NYISO-2026,dlinear,series->series_x_hour_block,0.0025887410985238504,0.0011153493214089859,-0.004291043691297551
NYISO-2026,dlinear,series->series_x_hour,0.002420989931720969,0.0010095787446985475,-0.0053114396299891896
NYISO-2026,dlinear,series->instance,-0.052666903599388935,-0.10585454201381818,-0.14471263511196483
NYISO-2026,iso,global->series,0.01488177952933533,0.007918257602064431,0.0063311358037843775
NYISO-2026,iso,series->series_x_hour_block,-0.0002653568999183107,0.00016113560149321694,-0.002832259019413497
NYISO-2026,iso,series->series_x_hour,-2.9679735872282822e-05,0.00012945968908863902,-0.0037511213683368103
NYISO-2026,iso,series->instance,-0.01145997121859657,-0.08126950303683883,-0.04579626551295564
NYISO-2026,lag48,global->series,0.003468163270949753,0.0014093274204567989,0.00019844109458966354
NYISO-2026,lag48,series->series_x_hour_block,0.0006418290299496398,-5.8480143315445776e-05,-0.0005513834500191655
NYISO-2026,lag48,series->series_x_hour,0.0007677236186851801,-6.079712562422951e-06,-0.0009433500831367085
NYISO-2026,lag48,series->instance,-0.008377704649724075,-0.03734725085999615,-0.07556762854141742
NYISO-2026,lgbm,global->series,0.0008283323499325069,0.0004828880332206255,-0.005413046009420822
NYISO-2026,lgbm,series->series_x_hour_block,0.0017607962495254958,0.0011837769804700414,0.00031749195319986614
NYISO-2026,lgbm,series->series_x_hour,0.0016778874158874149,0.0011371660434215992,-0.00026381245982071285
NYISO-2026,lgbm,series->instance,-0.01623408569217957,-0.15818593146373477,-0.2629255609544661
NYISO-2026,nhits,global->series,0.00329326803641406,-0.00020794126690664675,-0.009264546811098418
NYISO-2026,nhits,series->series_x_hour_block,0.0036359231113232264,0.0062946524714810855,0.007771738007240513
NYISO-2026,nhits,series->series_x_hour,0.003235828880569107,0.006130763682369751,0.008091708202899563
NYISO-2026,nhits,series->instance,-0.03350960741427951,-0.158667946101842,-0.05907122144058978
NYISO-2026,patchtst,global->series,0.0009094723990951221,0.000781011056644449,-0.005247334191166161
NYISO-2026,patchtst,series->series_x_hour_block,0.004721572212361844,0.0031097612732527116,0.0008271035729747794
NYISO-2026,patchtst,series->series_x_hour,0.004906937567915325,0.0032564424200933763,-0.00018831487232248521
NYISO-2026,patchtst,series->instance,-0.041031161128090965,-0.1072099028516433,-0.07729163229091314
NYISO-2026,snaive168,global->series,0.0013702454841898865,0.0005708196189720514,-0.0018745545315124533
NYISO-2026,snaive168,series->series_x_hour_block,0.0005320644076917315,0.0001779331243291988,-0.00029088015733092816
NYISO-2026,snaive168,series->series_x_hour,0.00043876609766060437,0.00012345645219152528,-0.0006801981940932816
NYISO-2026,snaive168,series->instance,-0.03228172282857105,-0.021567437220721904,-0.1010925027378614
NYISO-2026,tide,global->series,0.00016163259876693218,0.0013394845744658268,-0.004986445226222194
NYISO-2026,tide,series->series_x_hour_block,0.004624882359174449,0.0031028867019189817,-4.117954070935158e-05
NYISO-2026,tide,series->series_x_hour,0.004885337858928187,0.0032181774168314617,-0.0006917067388394038
NYISO-2026,tide,series->instance,-0.039947126468275924,-0.10232019475179924,-0.06939208204665077
OPSD-2019,lag48,global->series,0.0008069984009472287,0.0008952655030675448,0.0006690211461550451
OPSD-2019,lag48,series->series_x_hour_block,0.0018350688193837605,0.0012912125890887653,0.0013876604555543971
OPSD-2019,lag48,series->series_x_hour,0.002800061294471753,0.0021320346602042004,0.001643276478504608
OPSD-2019,lag48,series->instance,0.0034059918737454013,-0.015632752225318958,-0.011885126184431426
OPSD-2019,snaive168,global->series,0.005083919795108179,0.004290740960122599,0.0041796349857855485
OPSD-2019,snaive168,series->series_x_hour_block,0.000618017395386161,0.0008707268726955793,-0.0058924790409471154
OPSD-2019,snaive168,series->series_x_hour,6.990067638128012e-05,0.00024357158184991083,-0.007463870070297527
OPSD-2019,snaive168,series->instance,0.0030692968235212503,-0.040280513579670545,-0.0754849508359221
OPSD-2019,tso,global->series,0.002114724609278548,-0.0005924588483970805,0.0003234775557056694
OPSD-2019,tso,series->series_x_hour_block,-0.0004210637630754267,0.0017299389710644427,0.0005611147330649908
OPSD-2019,tso,series->series_x_hour,0.00015979610172797267,0.00260425444524486,0.000797471479874731
OPSD-2019,tso,series->instance,0.007457140333903677,-0.020193950784103208,-0.020113329263378908
OPSD-2020,lag48,global->series,0.0010836066881517827,7.638641739623536e-05,4.151393757036075e-05
OPSD-2020,lag48,series->series_x_hour_block,-1.9193142970014927e-05,0.00012416468792777024,0.00013769634943440508
OPSD-2020,lag48,series->series_x_hour,5.161845863408041e-05,0.00023640867930899796,0.00020983798114960708
OPSD-2020,lag48,series->instance,-0.0007553297179410595,-0.0005815302525224172,-0.001239766338245442
OPSD-2020,snaive168,global->series,0.0062617283258697325,0.0004601681059280741,-2.9061634221713187e-05
OPSD-2020,snaive168,series->series_x_hour_block,-0.0006788237456199621,2.9290623292639343e-05,1.824319034960499e-05
OPSD-2020,snaive168,series->series_x_hour,-0.0014927210556877847,4.339550867114382e-05,-2.512463742129135e-05
OPSD-2020,snaive168,series->instance,-0.004749078045135864,-0.0002537582504987471,-0.0033463006501138165
OPSD-2020,tso,global->series,-0.000278471164992715,0.00019462512304692185,0.00010810524388342257
OPSD-2020,tso,series->series_x_hour_block,0.00013979792262731753,2.2585053647020614e-05,6.354655150206366e-06
OPSD-2020,tso,series->series_x_hour,0.00031910548520079786,5.2410814755193496e-05,-7.047842258676065e-06
OPSD-2020,tso,series->instance,0.0009149535684554465,-0.0007363304483366183,-0.0008120982304526356
UCI-2014,lag48,global->series,-0.002953706556802314,-0.0012946552375857014,-0.008947963953789885
UCI-2014,lag48,series->series_x_hour_block,0.0005216493650653827,0.005346674870862443,0.005907966930685485
UCI-2014,lag48,series->series_x_hour,0.000814387003299878,0.0036868192256345705,-0.0037342868125920694
UCI-2014,lag48,series->instance,0.06351859091865432,-0.12971148540279592,-0.05021038876892762
UCI-2014,snaive168,global->series,-0.0036843405865999144,-0.0032528008771278384,0.007613169614554197
UCI-2014,snaive168,series->series_x_hour_block,0.0010248451122897109,0.003037695966894008,-0.0016578425014703152
UCI-2014,snaive168,series->series_x_hour,0.0022252757553298977,0.004100396632296705,-0.0009887931219548464
UCI-2014,snaive168,series->instance,0.04915241000207091,-0.12191085027528833,-0.06723350083208841
