unit,baseline,policy,realised,pred,updating
NYISO-2026,chronos,time_rolling_30,0.004528328837240944,0.005218739604725651,-0.00029598295545567587
NYISO-2026,chronos,time_rolling_90,-0.005310918235181448,-0.0005492786286985392,-0.00029598295545567587
NYISO-2026,chronos,time_rolling_180,-0.010565270050982784,-0.0015744618196138211,-0.00029598295545567587
NYISO-2026,chronos,time_forget_0.98,0.0012776950859891617,0.005426169552975664,-0.00029598295545567587
NYISO-2026,chronos,time_forget_0.995,-0.0005817977900825324,0.0011481640953452995,-0.00029598295545567587
NYISO-2026,dlinear,time_rolling_30,-0.010572005595516208,-0.021833190341780842,-0.0013894998927919148
NYISO-2026,dlinear,time_rolling_90,-0.0077704907311463,-0.0038931149367838957,-0.0013894998927919148
NYISO-2026,dlinear,time_rolling_180,-0.0072664529250705346,-0.0003959730445219184,-0.0013894998927919148
NYISO-2026,dlinear,time_forget_0.98,-0.005731720948550787,-0.004584323338997937,-0.0013894998927919148
NYISO-2026,dlinear,time_forget_0.995,-0.002031934359255437,-0.0014935103283158753,-0.0013894998927919148
NYISO-2026,iso,time_rolling_30,-0.012579737009765835,0.00249166902227437,0.004066408521872814
NYISO-2026,iso,time_rolling_90,2.2330103331149943e-05,0.004407433297068406,0.004066408521872814
NYISO-2026,iso,time_rolling_180,0.0029420574261409013,-0.0011455731061323301,0.004066408521872814
NYISO-2026,iso,time_forget_0.98,0.0037154413930526446,0.006129395416360537,0.004066408521872814
NYISO-2026,iso,time_forget_0.995,0.005051271572217408,0.0034956254771485494,0.004066408521872814
NYISO-2026,lag48,time_rolling_30,0.00036839020813037607,2.0886334470878368e-05,8.676437543548347e-05
NYISO-2026,lag48,time_rolling_90,-0.001975521197628154,-0.00022456047481401211,8.676437543548347e-05
NYISO-2026,lag48,time_rolling_180,-0.0012733787817513335,-0.0007741599374743129,8.676437543548347e-05
NYISO-2026,lag48,time_forget_0.98,5.243070203745882e-05,0.0014650503798011103,8.676437543548347e-05
NYISO-2026,lag48,time_forget_0.995,-2.603645156772756e-05,0.000380386844841146,8.676437543548347e-05
NYISO-2026,lgbm,time_rolling_30,0.007401976586421486,-0.0192684085439928,-0.0013011919001195249
NYISO-2026,lgbm,time_rolling_90,-0.0075728051445409185,-0.006057670358983303,-0.0013011919001195249
NYISO-2026,lgbm,time_rolling_180,-0.0102285062395036,-0.00038934778679406605,-0.0013011919001195249
NYISO-2026,lgbm,time_forget_0.98,0.00269157381860504,-0.006691135778057794,-0.0013011919001195249
NYISO-2026,lgbm,time_forget_0.995,-0.002030426851320815,-0.0021867785746133663,-0.0013011919001195249
NYISO-2026,nhits,time_rolling_30,-0.02381798740933364,-0.019278434929629062,-0.002470838580698375
NYISO-2026,nhits,time_rolling_90,-0.014492847647245698,-0.006188890158216228,-0.002470838580698375
NYISO-2026,nhits,time_rolling_180,-0.007353242938473772,-0.0009327661598454129,-0.002470838580698375
NYISO-2026,nhits,time_forget_0.98,-0.011845183804549672,-0.0045305371735785095,-0.002470838580698375
NYISO-2026,nhits,time_forget_0.995,-0.003920254426950184,-0.001679036662966005,-0.002470838580698375
NYISO-2026,patchtst,time_rolling_30,-0.01045797938239398,-0.016606746912394648,-0.0015162511257352752
NYISO-2026,patchtst,time_rolling_90,-0.0075506144287271985,-0.003130608690613129,-0.0015162511257352752
NYISO-2026,patchtst,time_rolling_180,-0.00824033879467181,-0.0004000930404220022,-0.0015162511257352752
NYISO-2026,patchtst,time_forget_0.98,-0.00540088806725284,-0.00308919338587379,-0.0015162511257352752
NYISO-2026,patchtst,time_forget_0.995,-0.0021522197325057183,-0.0010320553106920865,-0.0015162511257352752
NYISO-2026,snaive168,time_rolling_30,-0.008721767634490774,-0.009656823160152447,7.922773543277972e-05
NYISO-2026,snaive168,time_rolling_90,-0.002605710222143833,-0.0024908465463591343,7.922773543277972e-05
NYISO-2026,snaive168,time_rolling_180,-0.0013633942681754486,-0.00023063855845305487,7.922773543277972e-05
NYISO-2026,snaive168,time_forget_0.98,-0.0024607536858151507,-0.0024679340435894703,7.922773543277972e-05
NYISO-2026,snaive168,time_forget_0.995,-0.00033798451245845907,-0.0009248410769822153,7.922773543277972e-05
NYISO-2026,tide,time_rolling_30,-0.00910487345598089,-0.017956565397684154,-0.0013947273372477654
NYISO-2026,tide,time_rolling_90,-0.00819980188032486,-0.003529347833747697,-0.0013947273372477654
NYISO-2026,tide,time_rolling_180,-0.00878530304834531,-0.00016244914229346743,-0.0013947273372477654
NYISO-2026,tide,time_forget_0.98,-0.005934251167851436,-0.0040483495492219515,-0.0013947273372477654
NYISO-2026,tide,time_forget_0.995,-0.0021618519082888202,-0.001264870436978242,-0.0013947273372477654
OPSD-2019,lag48,time_rolling_30,-0.001999973962718246,-0.0009322304956533341,5.1572894030377724e-05
OPSD-2019,lag48,time_rolling_90,-0.00015997254827796177,-0.00042112176370928667,5.1572894030377724e-05
OPSD-2019,lag48,time_rolling_180,-0.0005589808939690332,-0.0002772762367022287,5.1572894030377724e-05
OPSD-2019,lag48,time_forget_0.98,-5.5197121308011156e-05,-0.00017042436609696494,5.1572894030377724e-05
OPSD-2019,lag48,time_forget_0.995,3.071737875278017e-05,-2.6298269149730008e-05,5.1572894030377724e-05
OPSD-2019,snaive168,time_rolling_30,-0.003207357560119431,0.007221478072098287,0.005748295921458995
OPSD-2019,snaive168,time_rolling_90,-0.002579002161058969,-0.003672346292175712,0.005748295921458995
OPSD-2019,snaive168,time_rolling_180,-0.00041354611140030585,-0.0039097088207877976,0.005748295921458995
OPSD-2019,snaive168,time_forget_0.98,0.002688478688144228,0.005471524976542806,0.005748295921458995
OPSD-2019,snaive168,time_forget_0.995,0.000896917021601015,0.0021195275040011338,0.005748295921458995
OPSD-2019,tso,time_rolling_30,-0.004351091576788654,-0.0030188407389721375,0.003189605877769533
OPSD-2019,tso,time_rolling_90,-0.00040248808058279516,-9.342305094433887e-05,0.003189605877769533
OPSD-2019,tso,time_rolling_180,-0.0006907488502091134,3.2584886631204956e-05,0.003189605877769533
OPSD-2019,tso,time_forget_0.98,0.00017048468371511514,0.0010143685011318674,0.003189605877769533
OPSD-2019,tso,time_forget_0.995,0.0009048965230202177,0.0007869987895826469,0.003189605877769533
OPSD-2020,lag48,time_rolling_30,-0.0013350379789079344,-7.812221064276152e-05,-0.005568783421298997
OPSD-2020,lag48,time_rolling_90,-0.0010275968957582098,2.8535142120766538e-05,-0.005568783421298997
OPSD-2020,lag48,time_rolling_180,-0.0009773098981755506,-1.5200217673454985e-06,-0.005568783421298997
OPSD-2020,lag48,time_forget_0.98,-0.0006037470243103366,4.5146904684356215e-05,-0.005568783421298997
OPSD-2020,lag48,time_forget_0.995,-0.0007193838792471325,2.4560684691731753e-05,-0.005568783421298997
OPSD-2020,snaive168,time_rolling_30,-0.0004917191912553567,-2.1888030438822376e-06,-0.018377995103707953
OPSD-2020,snaive168,time_rolling_90,-0.0002371256382669841,0.00010534532084290109,-0.018377995103707953
OPSD-2020,snaive168,time_rolling_180,-0.00015704220053200033,2.0432181260742235e-05,-0.018377995103707953
OPSD-2020,snaive168,time_forget_0.98,-6.054101514875314e-05,0.00021391346715186546,-0.018377995103707953
OPSD-2020,snaive168,time_forget_0.995,-9.71549184321033e-05,9.239544329352534e-05,-0.018377995103707953
OPSD-2020,tso,time_rolling_30,-0.0003182814875453632,-0.0001875987529012609,0.0005646867948126788
OPSD-2020,tso,time_rolling_90,-9.14524768189715e-05,-1.316267233218399e-05,0.0005646867948126788
OPSD-2020,tso,time_rolling_180,-4.8078483718989915e-05,-1.2560469238017035e-05,0.0005646867948126788
OPSD-2020,tso,time_forget_0.98,-5.735611937545939e-05,-2.4944068637565084e-05,0.0005646867948126788
OPSD-2020,tso,time_forget_0.995,1.3464241811801748e-05,4.451887060860026e-06,0.0005646867948126788
UCI-2014,lag48,time_rolling_30,0.004766678420407503,0.0018284807094737462,0.003610465860960333
UCI-2014,lag48,time_rolling_90,0.006288725034844095,0.003842115952749906,0.003610465860960333
UCI-2014,lag48,time_rolling_180,0.0006797334736642711,-0.0025221186652588864,0.003610465860960333
UCI-2014,lag48,time_forget_0.98,0.007383312830362008,0.007653987337808103,0.003610465860960333
UCI-2014,lag48,time_forget_0.995,0.004232341686026414,0.0025567631207621564,0.003610465860960333
UCI-2014,snaive168,time_rolling_30,-0.014545748382157175,0.005212013335312843,-0.0013903526944129688
UCI-2014,snaive168,time_rolling_90,-0.01743726724645908,-0.015298931165975962,-0.0013903526944129688
UCI-2014,snaive168,time_rolling_180,-0.003900074366760387,0.001745143077615906,-0.0013903526944129688
UCI-2014,snaive168,time_forget_0.98,-0.005820201929580667,0.006451241290592462,-0.0013903526944129688
UCI-2014,snaive168,time_forget_0.995,-0.00010374688505997711,0.001064847376626307,-0.0013903526944129688
