model,target,horizon,best_rounds
LightGBM,total_generation_mwh,1,60
XGBoost,total_generation_mwh,1,60
CatBoost,total_generation_mwh,1,60
LightGBM,total_generation_mwh,2,60
XGBoost,total_generation_mwh,2,60
CatBoost,total_generation_mwh,2,60
LightGBM,total_generation_mwh,3,60
XGBoost,total_generation_mwh,3,60
CatBoost,total_generation_mwh,3,60
LightGBM,avg_market_price,1,40
XGBoost,avg_market_price,1,56
CatBoost,avg_market_price,1,60
LightGBM,avg_market_price,2,58
XGBoost,avg_market_price,2,60
CatBoost,avg_market_price,2,60
LightGBM,avg_market_price,3,58
XGBoost,avg_market_price,3,55
CatBoost,avg_market_price,3,59
