model,target,horizon,n_obs,n_states,MASE_pooled,RMSSE_pooled,MAE_pooled,RMSE_pooled,MAPE_floored_pooled,MAE,RMSE,MAPE,sMAPE,MAPE_floored,MASE,RMSSE,MASE_worst_state
Hybrid_Persistence_LGBM,total_generation_mwh,1,6656,16,0.41045564342301727,0.3902753762333037,5.984129792958238,9.668306089139714,4.130623539427717,5.984129792958239,8.173881475115696,4.932515197141811,4.513149423710127,4.130623539427717,0.45225880583923034,0.46461852499340994,0.6352615741374377
Hybrid_Persistence_LGBM,total_generation_mwh,2,6640,16,0.5943145492942322,0.5622606150291516,8.6646522171334,13.928902664666508,6.00221605938972,8.6646522171334,11.582315506047394,7.163206434655481,6.487492252581999,6.0022160593897205,0.6485108299869139,0.6446701374759578,0.8917475376785019
Hybrid_Persistence_LGBM,total_generation_mwh,3,6640,16,0.6940222647195957,0.6493841829168286,10.118314555623396,16.087217980497403,7.104838176215289,10.118314555623396,13.38607566927865,8.43857199104269,7.681022568564685,7.104838176215288,0.7637313177882876,0.7445256269498165,1.0575789139634515
Hybrid_Persistence_LGBM,avg_market_price,1,7488,18,0.0738664538604842,0.32278604968381164,41.00551994301994,407.1077341348518,0.5540885701719085,41.00551994301995,407.1077341348518,0.5540885701719085,0.5220530354541447,0.5540885701719085,0.07653574670504357,0.33832780006160307,0.07653574670504357
Hybrid_Persistence_LGBM,avg_market_price,2,7470,18,0.1480888906311394,0.4570380643245603,82.2086568496207,576.4305209683349,1.1108474467060911,82.2086568496207,576.4305209683349,1.1108474467060914,1.0466219891514423,1.1108474467060914,0.15344034038215962,0.47904388370814044,0.15344034038215962
Hybrid_Persistence_LGBM,avg_market_price,3,7470,18,0.2221333359467091,0.5597550253122444,123.31298527443104,705.98032426955,1.666271170059137,123.31298527443103,705.9803242695501,1.666271170059137,1.5699329837271632,1.666271170059137,0.23016051057323944,0.5867065397430538,0.23016051057323944
Hybrid_SeasonalNaive_LGBM,total_generation_mwh,1,6656,16,0.42917721986579443,0.408340222744804,6.257076078768973,10.115827188759653,4.39922699799786,6.257076078768972,8.522606585254653,5.2944422335532275,4.869635694888972,4.39922699799786,0.4798808579860179,0.48501885143156653,0.6600724499788971
Hybrid_SeasonalNaive_LGBM,total_generation_mwh,2,6640,16,0.60785042519024,0.577862332732058,8.861994949584531,14.31540458473096,6.182780902372329,8.86199494958453,11.847831419961938,7.537917528783868,6.84746108779982,6.182780902372329,0.6939100697530812,0.6653711803966946,1.0464517961466329
Hybrid_SeasonalNaive_LGBM,total_generation_mwh,3,6640,16,0.6949275945467682,0.6577896951354836,10.131513573052066,16.295448040385626,7.089979677460499,10.131513573052066,13.400131482108293,8.783961958588739,7.893174102172515,7.0899796774605,0.8073831020739389,0.7526011648768016,1.4095539141999247
Hybrid_SeasonalNaive_LGBM,avg_market_price,1,7488,18,0.5170651770233894,0.8540116141443047,287.03863960113955,1077.105821331819,3.8786199912033594,287.03863960113966,1077.1058213318188,3.87861999120336,3.654371248179014,3.87861999120336,0.5357502269353049,0.8951312205825849,0.535750226935305
Hybrid_SeasonalNaive_LGBM,avg_market_price,2,7470,18,0.5183111172089878,0.8550399247084273,287.7302989736724,1078.4027583715606,3.8879660634713193,287.73029897367246,1078.4027583715608,3.88796606347132,3.663176962030048,3.88796606347132,0.5370411913375589,0.8962090430327202,0.5370411913375588
Hybrid_SeasonalNaive_LGBM,avg_market_price,3,7470,18,0.5183111172089878,0.8550399247084273,287.7302989736724,1078.4027583715606,3.8879660634713193,287.73029897367246,1078.4027583715608,3.88796606347132,3.663176962030048,3.88796606347132,0.5370411913375589,0.8962090430327202,0.5370411913375588
Hybrid_ETS_LGBM,total_generation_mwh,1,6656,16,0.41146193476708354,0.3900241338707302,5.998800752193209,9.662082052954386,4.164345905137709,5.99880075219321,8.160665782356443,5.060961958922712,4.592450685089624,4.164345905137708,0.46218003047823575,0.46585947487935975,0.633476516775005
Hybrid_ETS_LGBM,total_generation_mwh,2,6640,16,0.5915589472227453,0.5575590854697584,8.624477643540004,13.812431501904298,5.9903016527936535,8.624477643540004,11.50575788571447,7.143206441608333,6.482159261889465,5.990301652793653,0.6496947286475769,0.6418593785899549,0.8860840725459425
Hybrid_ETS_LGBM,total_generation_mwh,3,6640,16,0.6921992718870532,0.6473173878772603,10.09173671244748,16.036017191816036,7.073123138598163,10.091736712447478,13.337840476489795,8.464873434946773,7.6674445435442315,7.073123138598163,0.7667547095839161,0.7423552099857325,1.0493000705881426
Hybrid_ETS_LGBM,avg_market_price,1,7488,18,0.10809183115232175,0.338771210897341,60.00507004662399,427.26871311084824,0.8082426734762085,60.00507004662399,427.26871311084835,0.8082426734762085,0.7698826563783958,0.8082426734762085,0.11199791756057377,0.35508262708185734,0.11199791756057376
Hybrid_ETS_LGBM,avg_market_price,2,7470,18,0.1837864227652329,0.46849347808653646,102.02544497655477,590.878442570844,1.3742945365463082,102.02544497655475,590.878442570844,1.3742945365463082,1.303498023136215,1.3742945365463082,0.19042786495685327,0.49105086152109517,0.19042786495685327
Hybrid_ETS_LGBM,avg_market_price,3,7470,18,0.2591967766917174,0.5691491157850372,143.88803090335645,717.8284412819881,1.9382668421802574,143.88803090335648,717.8284412819881,1.9382668421802565,1.8350081988325952,1.9382668421802565,0.2685633032433079,0.596552944091547,0.26856330324330785
Hybrid_Persistence_XGB,total_generation_mwh,1,6656,16,0.40854776011050303,0.39371588989199896,5.956314311419987,9.753538059132735,4.085505943228381,5.956314311419987,8.253189758960021,4.723358701437624,4.359553136731398,4.08550594322838,0.43463255027414166,0.4689883609416625,0.6471192710008203
Hybrid_Persistence_XGB,total_generation_mwh,2,6640,16,0.5884825391664906,0.5604884601900135,8.57962596370634,13.885001008386007,5.9275922854664636,8.57962596370634,11.573602663626215,6.879750528129075,6.298185437676293,5.9275922854664636,0.6273564409865944,0.6472044127613648,0.893324851403574
Hybrid_Persistence_XGB,total_generation_mwh,3,6640,16,0.6808390300332223,0.640623707375676,9.926113062676732,15.870194401311478,6.969891305187792,9.92611306267673,13.235672523232775,8.100443483112448,7.443870836377202,6.969891305187791,0.7406990036777052,0.7410507978137554,1.0575861172201377
Hybrid_Persistence_XGB,avg_market_price,1,7488,18,0.0738664538604842,0.32278604968381164,41.00551994301994,407.1077341348518,0.5540885701719085,41.00551994301995,407.1077341348518,0.5540885701719085,0.5220530354541447,0.5540885701719085,0.07653574670504357,0.33832780006160307,0.07653574670504357
Hybrid_Persistence_XGB,avg_market_price,2,7470,18,0.1480888906311394,0.4570380643245603,82.2086568496207,576.4305209683349,1.1108474467060911,82.2086568496207,576.4305209683349,1.1108474467060914,1.0466219891514423,1.1108474467060914,0.15344034038215962,0.47904388370814044,0.15344034038215962
Hybrid_Persistence_XGB,avg_market_price,3,7470,18,0.2221333359467091,0.5597550253122444,123.31298527443104,705.98032426955,1.666271170059137,123.31298527443103,705.9803242695501,1.666271170059137,1.5699329837271632,1.666271170059137,0.23016051057323944,0.5867065397430538,0.23016051057323944
Persistence,total_generation_mwh,1,6656,16,0.46637340360398455,0.45218090675274725,6.799368028846154,11.20189404810633,4.464680252545342,6.799368028846153,9.31620451668914,5.09325359296009,4.743814995977949,4.464680252545342,0.47749813170898653,0.511181211932043,0.6960695449256014
Persistence,total_generation_mwh,2,6640,16,0.6752355011688989,0.6495913540844078,9.844417891566266,16.092350239366336,6.525915248376986,9.844417891566266,13.269321425601124,7.454557771769887,6.898877791292058,6.525915248376986,0.6940627677070652,0.7196994950327313,0.972565526549436
Persistence,total_generation_mwh,3,6640,16,0.7845460639069486,0.7487373455670572,11.438082409638556,18.548497492152443,7.720274980099258,11.438082409638556,15.323345245183237,8.771990196281601,8.16121323597266,7.720274980099258,0.8188417792048712,0.8328201631741134,1.1662841335364387
Persistence,avg_market_price,1,7488,18,0.0738664538604842,0.32278604968381164,41.00551994301994,407.1077341348518,0.5540885701719085,41.00551994301995,407.1077341348518,0.5540885701719085,0.5220530354541447,0.5540885701719085,0.07653574670504357,0.33832780006160307,0.07653574670504357
Persistence,avg_market_price,2,7470,18,0.1480888906311394,0.4570380643245603,82.2086568496207,576.4305209683349,1.1108474467060911,82.2086568496207,576.4305209683349,1.1108474467060914,1.0466219891514423,1.1108474467060914,0.15344034038215962,0.47904388370814044,0.15344034038215962
Persistence,avg_market_price,3,7470,18,0.2221333359467091,0.5597550253122444,123.31298527443104,705.98032426955,1.666271170059137,123.31298527443103,705.9803242695501,1.666271170059137,1.5699329837271632,1.666271170059137,0.23016051057323944,0.5867065397430538,0.23016051057323944
SeasonalNaive,total_generation_mwh,1,6656,16,0.8959700821763276,0.8439512984671046,13.062559495192309,20.90723621012959,9.280244552684302,13.062559495192309,17.261110783643886,11.202915720528603,10.02394390363445,9.280244552684303,0.9766601070866721,0.965774817993204,1.3267089162955685
SeasonalNaive,total_generation_mwh,2,6640,16,0.8968779436221083,0.8446523697810671,13.075795421686747,20.92460387528726,9.291583147937645,13.075795421686749,17.27233075096456,11.218871208306368,10.036252160439899,9.291583147937647,0.9777288490366973,0.9663959756425864,1.3252918043090365
SeasonalNaive,total_generation_mwh,3,6640,16,0.896575838782201,0.8445335349699332,13.071390963855423,20.9216599761892,9.289824351377947,13.071390963855421,17.26805019748048,11.21709636169797,10.034319008428689,9.289824351377948,0.9772426455582106,0.9658517364144396,1.3191051856833473
SeasonalNaive,avg_market_price,1,7488,18,0.5170651770233894,0.8540116141443047,287.03863960113955,1077.105821331819,3.8786199912033594,287.03863960113966,1077.1058213318188,3.87861999120336,3.654371248179014,3.87861999120336,0.5357502269353049,0.8951312205825849,0.535750226935305
SeasonalNaive,avg_market_price,2,7470,18,0.5183111172089878,0.8550399247084273,287.7302989736724,1078.4027583715606,3.8879660634713193,287.73029897367246,1078.4027583715608,3.88796606347132,3.663176962030048,3.88796606347132,0.5370411913375589,0.8962090430327202,0.5370411913375588
SeasonalNaive,avg_market_price,3,7470,18,0.5183111172089878,0.8550399247084273,287.7302989736724,1078.4027583715606,3.8879660634713193,287.73029897367246,1078.4027583715608,3.88796606347132,3.663176962030048,3.88796606347132,0.5370411913375589,0.8962090430327202,0.5370411913375588
ETS,total_generation_mwh,1,6656,16,0.4669385444828847,0.4521523761975667,6.807607351230521,11.20118725962523,4.501434258551118,6.807607351230521,9.317218395855223,5.166910553003566,4.796297080051215,4.501434258551118,0.48099433638796457,0.5109353482555656,0.696165472355248
ETS,total_generation_mwh,2,6640,16,0.6753804141484071,0.6494801355174109,9.846530612129273,16.089595017761276,6.533973839174287,9.846530612129271,13.264006995075857,7.47252926148008,6.914027505624192,6.533973839174287,0.6954658645657307,0.7176081545135049,0.9726504094465221
ETS,total_generation_mwh,3,6640,16,0.7843544423008838,0.7485490556308732,11.435288712974371,18.543832978715546,7.71312379469337,11.435288712974371,15.31262412335264,8.80576178703815,8.17106040858594,7.713123794693368,0.819049571221131,0.8306121989238622,1.166333677544974
ETS,avg_market_price,1,7488,18,0.10916983440906605,0.3352528656391902,60.60350251133334,422.8312674177864,0.8086745831344109,60.60350251133333,422.8312674177865,0.808674583134411,0.7712675379489229,0.808674583134411,0.11311487634082368,0.35139487783676654,0.11311487634082368
ETS,avg_market_price,2,7470,18,0.1892068655653113,0.4659776604683557,105.03449798671312,587.705415697355,1.4017660194829145,105.03449798671312,587.705415697355,1.4017660194829142,1.331231863188047,1.4017660194829142,0.1960441848895732,0.488413910385973,0.19604418488957323
ETS,avg_market_price,3,7470,18,0.268906733369704,0.5671155600897112,149.27832380894347,715.2636580388086,1.9924974712083057,149.2783238089434,715.2636580388086,1.992497471208306,1.8884381494777085,1.992497471208306,0.27862414610205627,0.594421475196357,0.27862414610205627
ARIMA,total_generation_mwh,1,6656,16,0.46013280969870207,0.44193333506816596,6.708384936001048,10.948030582075857,4.430073581527627,6.708384936001048,9.134302818396517,5.0969939898174665,4.772243321270822,4.430073581527626,0.48298039042098473,0.515300275551688,0.6980397975532566
ARIMA,total_generation_mwh,2,6640,16,0.6657846519028361,0.6377951040393405,9.706631727414255,15.800121307988507,6.4585138458790174,9.706631727414255,13.04933865488398,7.443725229967798,6.959065840287529,6.458513845879018,0.7031011308485977,0.7249871075837735,0.9729002818593347
ARIMA,total_generation_mwh,3,6640,16,0.7769047985225127,0.739742625608001,11.326678596399283,18.325670967482687,7.64249768113348,11.326678596399281,15.14449206627514,8.748834298371815,8.257003052625272,7.642497681133479,0.8305866055072313,0.838981642815787,1.167151651402837
ARIMA,avg_market_price,1,7488,18,0.10125339995323702,0.33528347355372073,56.20884845674408,422.8698710648254,0.7595240961627723,56.208848456744064,422.86987106482536,0.7595240961627725,0.7225692025073995,0.7595240961627725,0.10491236775062128,0.35142695948464975,0.1049123677506213
ARIMA,avg_market_price,2,7470,18,0.17554182936508117,0.4659697235824409,97.44861988988481,587.6954054517324,1.3167779980607965,97.4486198898848,587.6954054517323,1.3167779980607968,1.2476213276915806,1.3167779980607968,0.18188533882784877,0.48840559134878553,0.18188533882784877
ARIMA,avg_market_price,3,7470,18,0.2495862746806565,0.5670711414066716,138.55294831469828,715.207635824022,1.8722017214138718,138.55294831469826,715.2076358240217,1.872201721413872,1.7709323222673339,1.872201721413872,0.2586055090189345,0.5943749178084858,0.2586055090189344
LightGBM,total_generation_mwh,1,6656,16,0.5758403618588392,0.49298794522500344,8.395312674105373,12.212808296268436,6.662960971121897,8.395312674105373,10.692588468547363,8.26645359297153,7.3510897387961975,6.662960971121897,0.7173441487455214,0.6513189497310293,1.745714312867504
LightGBM,total_generation_mwh,2,6640,16,0.7372410452852982,0.6400971341340969,10.748411367648472,15.857149583247182,8.180131978857535,10.748411367648474,13.6576521538653,10.242171317632682,8.940933804856627,8.180131978857535,0.8898764401425927,0.8075562750002458,1.9930425944970616
LightGBM,total_generation_mwh,3,6640,16,0.8234628515235022,0.7178351569918647,12.005459450139949,17.782956450714376,9.020621808115392,12.00545945013995,15.16389177884263,11.431967354504717,9.895937283360617,9.020621808115392,0.9941749738428212,0.8863858584366802,2.1145758826467227
LightGBM,avg_market_price,1,7488,18,1.1798412208353384,0.7485794232043393,654.965822536148,944.1314861630987,7.109964246922634,654.9658225361482,944.131471667638,7.109964246922635,7.45828398139237,7.109964246922635,1.222476836380662,0.7846225875739022,1.2226566115015234
LightGBM,avg_market_price,2,7470,18,1.3527715809299066,0.9262488226021611,750.9647362379592,1168.2136194671848,8.799149312520248,750.9647362379591,1168.2136194671848,8.799149312520251,9.10761243900182,8.799149312520251,1.4016563359517145,0.9708465615772724,1.4016563359517147
LightGBM,avg_market_price,3,7470,18,1.425473268222859,0.9669049433762867,791.3236587579581,1219.490374529184,8.876594315348363,791.3236587579579,1219.4903745291845,8.876594315348362,9.432316266931306,8.876594315348362,1.476985225222509,1.0134602244478417,1.476985225222509
