config,target,horizon,n_models,rounds
A-pooled-global,total_generation_mwh,1,1,44.0
B-state-specific,total_generation_mwh,1,18,28.77777777777778
C-global+state,total_generation_mwh,1,1,44.0
D-global+state+regime,total_generation_mwh,1,1,60.0
A-pooled-global,total_generation_mwh,2,1,37.0
B-state-specific,total_generation_mwh,2,18,29.77777777777778
C-global+state,total_generation_mwh,2,1,50.0
D-global+state+regime,total_generation_mwh,2,1,47.0
A-pooled-global,total_generation_mwh,3,1,30.0
B-state-specific,total_generation_mwh,3,18,27.444444444444443
C-global+state,total_generation_mwh,3,1,34.0
D-global+state+regime,total_generation_mwh,3,1,37.0
A-pooled-global,avg_market_price,1,1,1.0
B-state-specific,avg_market_price,1,18,1.0
C-global+state,avg_market_price,1,1,1.0
D-global+state+regime,avg_market_price,1,1,1.0
A-pooled-global,avg_market_price,2,1,1.0
B-state-specific,avg_market_price,2,18,1.1666666666666667
C-global+state,avg_market_price,2,1,1.0
D-global+state+regime,avg_market_price,2,1,1.0
A-pooled-global,avg_market_price,3,1,1.0
B-state-specific,avg_market_price,3,18,1.0
C-global+state,avg_market_price,3,1,1.0
D-global+state+regime,avg_market_price,3,1,6.0
