target,horizon,rows_compared,cols_compared,offending_cols,passed
total_generation_mwh,1,39618,82,0,True
total_generation_mwh,2,39564,82,0,True
total_generation_mwh,3,39510,82,0,True
avg_market_price,1,39618,82,0,True
avg_market_price,2,39564,82,0,True
avg_market_price,3,39510,82,0,True
grid_stress_index,1,39618,82,0,True
grid_stress_index,2,39564,82,0,True
grid_stress_index,3,39510,82,0,True
fcfs_priority_score,1,39618,82,0,True
fcfs_priority_score,2,39564,82,0,True
fcfs_priority_score,3,39510,82,0,True
palmp,1,39618,82,0,True
palmp,2,39564,82,0,True
palmp,3,39510,82,0,True
log_carbon,1,39618,82,0,True
log_carbon,2,39564,82,0,True
log_carbon,3,39510,82,0,True
