seed,split,system_mean_crore,system_cvar90_crore,J,seconds,selected_on_validation
0,validation,12.234464572959661,26.411863743696784,19.323164158328222,328.7,False
0,dev_test,15.594671270145156,38.757557707542155,27.176114488843655,328.7,False
1,validation,12.170388997377591,26.469208599109347,19.31979879824347,328.3,True
1,dev_test,15.636995341492701,39.07215301701493,27.354574179253813,328.3,True
2,validation,13.010590574758988,27.050404238913686,20.030497406836336,329.3,False
2,dev_test,15.974275722230328,37.981241657000574,26.97775868961545,329.3,False
3,validation,12.570725608459261,27.505709440360583,20.038217524409923,333.4,False
3,dev_test,15.735517461388262,39.19610849638839,27.465812978888323,333.4,False
4,validation,12.454249060833577,26.273495223770993,19.363872142302284,326.8,False
4,dev_test,15.662110828098035,37.89395562466001,26.778033226379023,326.8,False
