h,block,skill_base,skill_with,skill_perm,voc,voc_vs_perm,p_vs_base,p_vs_perm,states_improved,n_states
1,renewables,0.06166203104832308,0.05984365233527825,0.0631609512191374,-0.001818378713044834,-0.003317298883859149,0.5615227406742798,0.4388363517043271,5,11
1,coal,0.06166203104832308,0.06231552121819956,0.06800732704104684,0.0006534901698764806,-0.005691805822847278,0.7539077886686274,0.07996045034718163,7,11
1,outage,0.06166203104832308,0.06125947346942152,0.06451878337847146,-0.0004025575789015634,-0.0032593099090499414,0.920963645013835,0.5035690723957975,6,11
3,renewables,-0.014245992727040363,-0.01113378959233072,-0.018847410926638723,0.003112203134709642,0.007713621334308002,0.6422984518204515,0.5171540934350912,4,11
3,coal,-0.014245992727040363,-0.024704996457554862,-0.022006000192579298,-0.0104590037305145,-0.0026989962649755644,0.402687715555922,0.8752225826972562,4,11
3,outage,-0.014245992727040363,-0.007925077859227633,-0.0033258502021372995,0.00632091486781273,-0.004599227657090333,0.1839575975244281,0.24484584690992037,6,11
7,renewables,-0.11505588794694371,-0.08035382657837367,-0.12021899958737253,0.03470206136857004,0.03986517300899886,0.1506257439738862,0.01972617846616372,8,11
7,coal,-0.11505588794694371,-0.11447819819479771,-0.12775538323313715,0.0005776897521460045,0.01327718503833944,0.9818165048372612,0.6926468684850292,6,11
7,outage,-0.11505588794694371,-0.10089476464062114,-0.11327339981373558,0.014161123306322576,0.012378635173114438,0.2732981298298737,0.33136131428289484,5,11
