tid,target,H,design,unit,error,diff_vs_fixed,lo,hi,n_days,n_series,n_rows
T1,energy met,1,base,GWh per year (all areas),98346.16165494603,22910.56965312475,19275.339874259076,27109.397618946423,516,34,17542
T1,energy met,1,fixed,GWh per year (all areas),75435.5920018213,0.0,0.0,0.0,516,34,17542
T1,energy met,1,regime,GWh per year (all areas),75420.17560434912,-15.416397472185665,-215.8542817043943,194.3705256543626,516,34,17542
T1,energy met,1,instance,GWh per year (all areas),75722.51306897294,286.921067151645,-167.1237020204583,667.7214268458737,516,34,17542
T1,energy met,1,otg,GWh per year (all areas),75624.30340458955,188.71140276824883,-199.85332000644854,562.9536278165897,516,34,17542
T1,energy met,1,rule_regime,GWh per year (all areas),75435.5920018213,0.0,0.0,0.0,516,34,17542
T1,energy met,1,rule_instance,GWh per year (all areas),75435.5920018213,0.0,0.0,0.0,516,34,17542
T1,energy met,1,rule_otg,GWh per year (all areas),75435.5920018213,0.0,0.0,0.0,516,34,17542
T1,energy met,2,base,GWh per year (all areas),111237.44378184827,20417.514166320412,16390.26441092254,25101.442785954998,517,34,17576
T1,energy met,2,fixed,GWh per year (all areas),90819.92961552787,0.0,0.0,0.0,517,34,17576
T1,energy met,2,regime,GWh per year (all areas),90502.80783058803,-317.12178493983095,-567.8426640030546,-48.19252540008101,517,34,17576
T1,energy met,2,instance,GWh per year (all areas),91746.25572543681,926.3261099089445,334.098946618637,1515.690629209926,517,34,17576
T1,energy met,2,otg,GWh per year (all areas),91154.42713096463,334.4975154367655,-207.27631260244763,869.8885042626995,517,34,17576
T1,energy met,2,rule_regime,GWh per year (all areas),90819.92961552787,0.0,0.0,0.0,517,34,17576
T1,energy met,2,rule_instance,GWh per year (all areas),90819.92961552787,0.0,0.0,0.0,517,34,17576
T1,energy met,2,rule_otg,GWh per year (all areas),90819.92961552787,0.0,0.0,0.0,517,34,17576
T1,energy met,3,base,GWh per year (all areas),120737.5683361223,18447.793891362086,14180.087835851607,23151.935864329003,518,34,17610
T1,energy met,3,fixed,GWh per year (all areas),102289.77444476019,0.0,0.0,0.0,518,34,17610
T1,energy met,3,regime,GWh per year (all areas),102000.66287628707,-289.11156847315476,-519.5398184769816,-56.689380478552685,518,34,17610
T1,energy met,3,instance,GWh per year (all areas),103034.56485596209,744.7904112018894,-147.30622109762308,1583.9864577585085,518,34,17610
T1,energy met,3,otg,GWh per year (all areas),103008.58224061968,718.8077958594494,-61.56270544220585,1565.5011728179454,518,34,17610
T1,energy met,3,rule_regime,GWh per year (all areas),102289.77444476019,0.0,0.0,0.0,518,34,17610
T1,energy met,3,rule_instance,GWh per year (all areas),102289.77444476019,0.0,0.0,0.0,518,34,17610
T1,energy met,3,rule_otg,GWh per year (all areas),102289.77444476019,0.0,0.0,0.0,518,34,17610
T2,actual drawal,1,base,GWh per year (all areas),86318.49158897602,13374.097644248297,10273.385540224153,17002.608298508014,516,34,17543
T2,actual drawal,1,fixed,GWh per year (all areas),72944.39394472772,0.0,0.0,0.0,516,34,17543
T2,actual drawal,1,regime,GWh per year (all areas),72943.74077391096,-0.6531708167583173,-133.24785454213284,123.2890203759091,516,34,17543
T2,actual drawal,1,instance,GWh per year (all areas),72983.2366714823,38.84272675457872,-221.19985030426514,268.8052993287591,516,34,17543
T2,actual drawal,1,otg,GWh per year (all areas),73568.05272399464,623.6587792669069,259.5151786532493,1035.09951565355,516,34,17543
T2,actual drawal,1,rule_regime,GWh per year (all areas),72944.39394472772,0.0,0.0,0.0,516,34,17543
T2,actual drawal,1,rule_instance,GWh per year (all areas),72944.39394472772,0.0,0.0,0.0,516,34,17543
T2,actual drawal,1,rule_otg,GWh per year (all areas),72944.39394472772,0.0,0.0,0.0,516,34,17543
T2,actual drawal,2,base,GWh per year (all areas),95983.9342337382,11179.589326496745,7828.905118268846,15183.787300013106,517,34,17577
T2,actual drawal,2,fixed,GWh per year (all areas),84804.34490724144,0.0,0.0,0.0,517,34,17577
T2,actual drawal,2,regime,GWh per year (all areas),84710.06201929659,-94.28288794485967,-222.06449338897946,28.90691660830461,517,34,17577
T2,actual drawal,2,instance,GWh per year (all areas),85092.93110633407,288.5861990926421,-18.126693327848812,561.4088617921342,517,34,17577
T2,actual drawal,2,otg,GWh per year (all areas),85696.79105031442,892.4461430729859,329.93521408872795,1538.4660783263457,517,34,17577
T2,actual drawal,2,rule_regime,GWh per year (all areas),84804.34490724144,0.0,0.0,0.0,517,34,17577
T2,actual drawal,2,rule_instance,GWh per year (all areas),84804.34490724144,0.0,0.0,0.0,517,34,17577
T2,actual drawal,2,rule_otg,GWh per year (all areas),84804.34490724144,0.0,0.0,0.0,517,34,17577
T2,actual drawal,3,base,GWh per year (all areas),102801.07095008054,10365.205162579958,6706.719076505846,14614.365375167137,518,34,17611
T2,actual drawal,3,fixed,GWh per year (all areas),92435.86578750059,0.0,0.0,0.0,518,34,17611
T2,actual drawal,3,regime,GWh per year (all areas),92386.75886279458,-49.106924706009885,-176.11276442994085,85.17219689665889,518,34,17611
T2,actual drawal,3,instance,GWh per year (all areas),92902.93117306594,467.0653855653579,105.4417489044182,776.0483971349331,518,34,17611
T2,actual drawal,3,otg,GWh per year (all areas),93615.67357155141,1179.8077840508395,360.2387008910858,2179.2260095552774,518,34,17611
T2,actual drawal,3,rule_regime,GWh per year (all areas),92435.86578750059,0.0,0.0,0.0,518,34,17611
T2,actual drawal,3,rule_instance,GWh per year (all areas),92435.86578750059,0.0,0.0,0.0,518,34,17611
T2,actual drawal,3,rule_otg,GWh per year (all areas),92435.86578750059,0.0,0.0,0.0,518,34,17611
T3,conventional generation,1,base,GWh per year (all areas),106128.2355679609,14600.517304588686,10741.289384058065,18865.09740636751,516,27,13916
T3,conventional generation,1,fixed,GWh per year (all areas),91527.71826337221,0.0,0.0,0.0,516,27,13916
T3,conventional generation,1,regime,GWh per year (all areas),91238.4813135983,-289.2369497738995,-487.63220985201514,-103.09638136158706,516,27,13916
T3,conventional generation,1,instance,GWh per year (all areas),91707.53457456958,179.8163111973826,-232.0739341462353,614.0946381935394,516,27,13916
T3,conventional generation,1,otg,GWh per year (all areas),91471.68239868221,-56.035864689984024,-546.1620280692883,415.5476809870365,516,27,13916
T3,conventional generation,1,rule_regime,GWh per year (all areas),91527.71826337221,0.0,0.0,0.0,516,27,13916
T3,conventional generation,1,rule_instance,GWh per year (all areas),91527.71826337221,0.0,0.0,0.0,516,27,13916
T3,conventional generation,1,rule_otg,GWh per year (all areas),91527.71826337221,0.0,0.0,0.0,516,27,13916
T3,conventional generation,2,base,GWh per year (all areas),114949.6521526871,13106.369353296986,9068.243317511586,17478.264171975992,517,27,13943
T3,conventional generation,2,fixed,GWh per year (all areas),101843.28279939012,0.0,0.0,0.0,517,27,13943
T3,conventional generation,2,regime,GWh per year (all areas),101632.84142861191,-210.44137077818343,-508.1390349909596,42.23913231321764,517,27,13943
T3,conventional generation,2,instance,GWh per year (all areas),101822.02165448225,-21.261144907840862,-419.25865681681796,423.34316522431914,517,27,13943
T3,conventional generation,2,otg,GWh per year (all areas),101794.97846680651,-48.30433258358139,-711.384627941195,605.679353727102,517,27,13943
T3,conventional generation,2,rule_regime,GWh per year (all areas),101843.28279939012,0.0,0.0,0.0,517,27,13943
T3,conventional generation,2,rule_instance,GWh per year (all areas),101843.28279939012,0.0,0.0,0.0,517,27,13943
T3,conventional generation,2,rule_otg,GWh per year (all areas),101843.28279939012,0.0,0.0,0.0,517,27,13943
T3,conventional generation,3,base,GWh per year (all areas),121564.26794285906,13033.500012184018,8799.477714842338,17584.720691760445,518,27,13970
T3,conventional generation,3,fixed,GWh per year (all areas),108530.76793067505,0.0,0.0,0.0,518,27,13970
T3,conventional generation,3,regime,GWh per year (all areas),108452.80511440434,-77.96281627071038,-298.03483522973704,132.35002656003152,518,27,13970
T3,conventional generation,3,instance,GWh per year (all areas),108314.94872444733,-215.81920622771375,-677.293509914611,270.27401107801984,518,27,13970
T3,conventional generation,3,otg,GWh per year (all areas),108525.73826323333,-5.029667441734922,-709.95726359929,753.2281521640793,518,27,13970
T3,conventional generation,3,rule_regime,GWh per year (all areas),108530.76793067505,0.0,0.0,0.0,518,27,13970
T3,conventional generation,3,rule_instance,GWh per year (all areas),108530.76793067505,0.0,0.0,0.0,518,27,13970
T3,conventional generation,3,rule_otg,GWh per year (all areas),108530.76793067505,0.0,0.0,0.0,518,27,13970
T4,RE generation,1,base,GWh per year (all areas),54691.35790800734,5425.21696991708,1391.639792437562,9577.506633138051,231,16,3696
T4,RE generation,1,fixed,GWh per year (all areas),49266.14093809025,0.0,0.0,0.0,231,16,3696
T4,RE generation,1,regime,GWh per year (all areas),49731.256047344374,465.115109254128,308.1440950958485,601.1245357105024,231,16,3696
T4,RE generation,1,instance,GWh per year (all areas),49608.45452478002,342.31358668975656,-87.05425535863701,748.9386730610314,231,16,3696
T4,RE generation,1,otg,GWh per year (all areas),49160.96001243869,-105.18092565156886,-1343.7103212560635,1070.3543309920149,231,16,3696
T4,RE generation,1,rule_regime,GWh per year (all areas),49266.14093809025,0.0,0.0,0.0,231,16,3696
T4,RE generation,1,rule_instance,GWh per year (all areas),49266.14093809025,0.0,0.0,0.0,231,16,3696
T4,RE generation,1,rule_otg,GWh per year (all areas),49266.14093809025,0.0,0.0,0.0,231,16,3696
T4,RE generation,2,base,GWh per year (all areas),58340.95323057468,5052.792416344875,880.2018261111563,9141.895712349678,231,16,3696
T4,RE generation,2,fixed,GWh per year (all areas),53288.160814229814,0.0,0.0,0.0,231,16,3696
T4,RE generation,2,regime,GWh per year (all areas),53783.13549857323,494.9746843434272,345.4043569919292,633.1268244113045,231,16,3696
T4,RE generation,2,instance,GWh per year (all areas),53701.86973774957,413.7089235197645,3.608839849817737,795.1731028148826,231,16,3696
T4,RE generation,2,otg,GWh per year (all areas),53680.55878889219,392.3979746623856,-948.7042359637629,1710.3172510999955,231,16,3696
T4,RE generation,2,rule_regime,GWh per year (all areas),53783.13549857323,494.9746843434272,345.4043569919292,633.1268244113045,231,16,3696
T4,RE generation,2,rule_instance,GWh per year (all areas),53288.160814229814,0.0,0.0,0.0,231,16,3696
T4,RE generation,2,rule_otg,GWh per year (all areas),53288.160814229814,0.0,0.0,0.0,231,16,3696
T4,RE generation,3,base,GWh per year (all areas),60960.438129621405,6064.899962263426,1314.5561119121412,10620.564660310522,231,16,3696
T4,RE generation,3,fixed,GWh per year (all areas),54895.53816735798,0.0,0.0,0.0,231,16,3696
T4,RE generation,3,regime,GWh per year (all areas),55310.38868557439,414.8505182164274,269.87309699229235,569.4045737150398,231,16,3696
T4,RE generation,3,instance,GWh per year (all areas),55174.54571536843,279.0075480104739,-184.7690384535132,699.8129741142086,231,16,3696
T4,RE generation,3,otg,GWh per year (all areas),55583.90514962609,688.366982268114,-866.8277618276161,2172.555518104372,231,16,3696
T4,RE generation,3,rule_regime,GWh per year (all areas),55310.38868557439,414.8505182164274,269.87309699229235,569.4045737150398,231,16,3696
T4,RE generation,3,rule_instance,GWh per year (all areas),54895.53816735798,0.0,0.0,0.0,231,16,3696
T4,RE generation,3,rule_otg,GWh per year (all areas),54895.53816735798,0.0,0.0,0.0,231,16,3696
T5,DAM price,1,base,Rs/MWh (mean absolute error),1007.5676095512889,-477.4473896778436,-692.3503902371142,-260.0672747992881,516,13,6708
T5,DAM price,1,fixed,Rs/MWh (mean absolute error),1485.0149992291326,0.0,0.0,0.0,516,13,6708
T5,DAM price,1,regime,Rs/MWh (mean absolute error),1503.4252980915319,18.41029886239934,7.93320436442125,29.357984920678767,516,13,6708
T5,DAM price,1,instance,Rs/MWh (mean absolute error),1542.4080441696235,57.39304494049077,26.591159306713912,88.71731859027307,516,13,6708
T5,DAM price,1,otg,Rs/MWh (mean absolute error),956.4154800540289,-528.5995191751038,-693.2489360681428,-346.7552623668322,516,13,6708
T5,DAM price,1,rule_regime,Rs/MWh (mean absolute error),1503.4252980915319,18.41029886239934,7.93320436442125,29.357984920678767,516,13,6708
T5,DAM price,1,rule_instance,Rs/MWh (mean absolute error),1485.0149992291326,0.0,0.0,0.0,516,13,6708
T5,DAM price,1,rule_otg,Rs/MWh (mean absolute error),956.4154800540289,-528.5995191751038,-693.2489360681428,-346.7552623668322,516,13,6708
T5,DAM price,2,base,Rs/MWh (mean absolute error),971.6269682280871,-612.6524753070802,-819.5067927874366,-385.8513139401152,517,13,6721
T5,DAM price,2,fixed,Rs/MWh (mean absolute error),1584.2794435351675,0.0,0.0,0.0,517,13,6721
T5,DAM price,2,regime,Rs/MWh (mean absolute error),1574.3752545312116,-9.9041890039558,-19.446808755204835,0.3087736032477843,517,13,6721
T5,DAM price,2,instance,Rs/MWh (mean absolute error),1620.0104447715769,35.73100123640943,-0.35757108544813504,72.35870518318731,517,13,6721
T5,DAM price,2,otg,Rs/MWh (mean absolute error),939.5602328200337,-644.7192107151335,-813.5658819204868,-451.92170425448785,517,13,6721
T5,DAM price,2,rule_regime,Rs/MWh (mean absolute error),1584.2794435351675,0.0,0.0,0.0,517,13,6721
T5,DAM price,2,rule_instance,Rs/MWh (mean absolute error),1584.2794435351675,0.0,0.0,0.0,517,13,6721
T5,DAM price,2,rule_otg,Rs/MWh (mean absolute error),939.5602328200337,-644.7192107151335,-813.5658819204868,-451.92170425448785,517,13,6721
T5,DAM price,3,base,Rs/MWh (mean absolute error),962.7439509025354,-652.1205134755792,-848.6469837146005,-439.73590058374197,518,13,6734
T5,DAM price,3,fixed,Rs/MWh (mean absolute error),1614.8644643781145,0.0,0.0,0.0,518,13,6734
T5,DAM price,3,regime,Rs/MWh (mean absolute error),1619.1552490990418,4.2907847209271965,-6.702475730088312,15.92630836969768,518,13,6734
T5,DAM price,3,instance,Rs/MWh (mean absolute error),1639.4085797864223,24.544115408307842,-9.968427417034416,60.67641398715541,518,13,6734
T5,DAM price,3,otg,Rs/MWh (mean absolute error),942.7007142450709,-672.1637501330437,-834.7264913898082,-486.12790753763676,518,13,6734
T5,DAM price,3,rule_regime,Rs/MWh (mean absolute error),1614.8644643781145,0.0,0.0,0.0,518,13,6734
T5,DAM price,3,rule_instance,Rs/MWh (mean absolute error),1614.8644643781145,0.0,0.0,0.0,518,13,6734
T5,DAM price,3,rule_otg,Rs/MWh (mean absolute error),942.7007142450709,-672.1637501330437,-834.7264913898082,-486.12790753763676,518,13,6734
