seed,p_between,n_val,between,within,snr,phi,mis,drift,n_series,V,W,lam,rho,base_te,oracle_rung,unimodal,resid_R2,oracle_gate_risk,risk_rung0_none,skill_rung0_none,valrisk_rung0_none,risk_rung1_global,skill_rung1_global,valrisk_rung1_global,risk_rung2_series,skill_rung2_series,valrisk_rung2_series,risk_rung3_cell,skill_rung3_cell,valrisk_rung3_cell,risk_rung4_shrunk,skill_rung4_shrunk,valrisk_rung4_shrunk,risk_rung5_instance,skill_rung5_instance,valrisk_rung5_instance,sel_srm_c0.0,regret_srm_c0.0,correct_srm_c0.0,sel_srm_c0.5,regret_srm_c0.5,correct_srm_c0.5,sel_srm_c1.0,regret_srm_c1.0,correct_srm_c1.0,sel_rho_rule,regret_rho_rule,correct_rho_rule,sel_val_argmin,regret_val_argmin,correct_val_argmin,regret_fixed_rung0_none,regret_fixed_rung1_global,regret_fixed_rung2_series,regret_fixed_rung3_cell,regret_fixed_rung4_shrunk,regret_fixed_rung5_instance,config_id,config_name,p_n_val
0,0.0,3000,0.0,0.0,0.3,0.0,0,0.0,12,1308644194831.2034,270560420906.2659,0.1713270200770769,0.2067486502251014,1.289757572374924,rung1_global,False,0.18608860895875545,0.6329974917017576,1.289757572374924,0.0,1.3115078139348828,1.0415968867292367,0.19240878360476,1.062046186035943,1.0425190825456858,0.19169376875530186,1.0602134741312483,1.0493027027643171,0.18643416000096813,1.051345575119538,1.0484241501469198,0.18711533655400014,0.9814288458776537,1.089146927502758,0.1555413584451898,0.7930791578442631,rung5_instance,0.03686742515957018,0,rung5_instance,0.03686742515957018,0,rung5_instance,0.03686742515957018,0,rung3_cell,0.00597462360379183,0,rung5_instance,0.03686742515957018,0,0.19240878360475996,0.0,0.0007150148494581343,0.00597462360379183,0.005293447050759782,0.03686742515957018,0,between=0.0,
1,0.0,3000,0.0,0.0,0.3,0.0,0,0.0,12,979804305058.5012,198183320692.2976,0.1682388815977452,0.20226826894832298,1.2742078234681802,rung1_global,False,0.17084786313063727,0.6291042482763636,1.2742078234681802,0.0,1.2890415053508744,1.0459530053232156,0.17913468583460213,1.0427382978418138,1.0514555514821893,0.17481628026713614,1.0377572383235334,1.0695649062398873,0.16060403449045635,1.0209044247656534,1.0644416731142188,0.16462475468327697,0.9510688870753358,1.093193279354163,0.14206045574365245,0.7622655194447798,rung5_instance,0.03707423009094963,0,rung5_instance,0.03707423009094963,0,rung5_instance,0.03707423009094963,0,rung3_cell,0.018530651344145825,0,rung5_instance,0.03707423009094963,0,0.17913468583460213,0.0,0.004318405567465998,0.018530651344145825,0.014509931151325194,0.03707423009094963,0,between=0.0,
2,0.0,3000,0.0,0.0,0.3,0.0,0,0.0,12,1508631202516.0208,367633478767.5842,0.19593902845097308,0.24368677921712292,1.2906770523227704,rung1_global,False,0.18631815588640643,0.6281116808953173,1.2906770523227704,0.0,1.366238626426289,1.0432284090127746,0.1917200300917059,1.0982616270621104,1.0485455525471419,0.1876003755857253,1.094015413614681,1.0568653861783717,0.18115427536549045,1.0839474257707298,1.0548528461402726,0.18271356553376084,1.0021505428885769,1.0876669681083557,0.1572896053657009,0.7988842145204949,rung5_instance,0.034430424726004986,0,rung5_instance,0.034430424726004986,0,rung5_instance,0.034430424726004986,0,rung3_cell,0.01056575472621541,0,rung5_instance,0.034430424726004986,0,0.1917200300917059,0.0,0.004119654505980628,0.01056575472621541,0.009006464557945076,0.034430424726004986,0,between=0.0,
3,0.0,3000,0.0,0.0,0.3,0.0,0,0.0,12,1319443459648.4011,308784327384.7862,0.1896444280363411,0.2340261912147941,1.3034706527136015,rung1_global,False,0.1877341341736758,0.65082834145051,1.3034706527136015,0.0,1.3205084343322486,1.0528283795926445,0.19228838992206143,1.0736932011469273,1.0554107241774324,0.19030726009807053,1.0708750950126145,1.0653315485099255,0.18269617632580482,1.0605263278279102,1.0634511748220339,0.18413876629434534,0.9875132042873065,1.1005490027701677,0.15567795831918885,0.817408711850745,rung5_instance,0.03661043160287269,0,rung5_instance,0.03661043160287269,0,rung5_instance,0.03661043160287269,0,rung3_cell,0.009592213596256683,0,rung5_instance,0.03661043160287269,0,0.1922883899220615,0.0,0.001981129823990975,0.009592213596256683,0.00814962362771615,0.03661043160287269,0,between=0.0,
4,0.0,3000,0.0,0.0,0.3,0.0,0,0.0,12,666779354230.7714,146424221466.90485,0.18005850667993226,0.21959921304976043,1.305588415733055,rung1_global,False,0.18857469863229814,0.6374501224382426,1.305588415733055,0.0,1.2972515683088222,1.0517454147604341,0.1944280432590193,1.0369419249984553,1.0548904403782946,0.1920191480972967,1.0339023441278758,1.062840529859625,0.18592987112032022,1.0251963874148724,1.0628139733338369,0.18595021177704496,0.9512150599518515,1.1074785407993377,0.15173991477435378,0.7447742508362792,rung5_instance,0.04268812848466553,0,rung5_instance,0.04268812848466553,0,rung5_instance,0.04268812848466553,0,rung3_cell,0.008498172138699082,0,rung5_instance,0.04268812848466553,0,0.1944280432590193,0.0,0.002408895161722617,0.008498172138699082,0.008477831481974358,0.04268812848466553,0,between=0.0,
5,0.0,3000,0.0,0.0,0.3,0.0,0,0.0,12,487382368298.0661,97213429541.00423,0.16629170086468104,0.19946029209155117,1.3007719288763422,rung1_global,False,0.18668327724099043,0.6393297735421108,1.3007719288763422,0.0,1.2912122330496745,1.0504119471786437,0.192470314080324,1.0306797721546808,1.0538284070282071,0.18984382762738017,1.027509121285257,1.0678772389964815,0.17904344697924435,1.0173840757124122,1.0648969765089153,0.181334596120309,0.9487843284487091,1.095358138692894,0.15791683816615942,0.7607161331017145,rung5_instance,0.03455347591416464,0,rung5_instance,0.03455347591416464,0,rung5_instance,0.03455347591416464,0,rung3_cell,0.013426867101079695,0,rung5_instance,0.03455347591416464,0,0.192470314080324,0.0,0.002626486452943887,0.013426867101079695,0.011135717960014991,0.03455347591416464,0,between=0.0,
6,0.0,3000,0.0,0.0,0.3,0.0,0,0.0,12,562008382677.2719,113387718444.68864,0.16788328842338626,0.20175449680045163,1.3157219727400589,rung1_global,False,0.19301353192615378,0.6305389862328266,1.3157219727400589,0.0,1.2754215010984096,1.0552616769799432,0.1979599802667228,1.0401769884402912,1.0561844621169183,0.19725862758272583,1.0390589135638943,1.0678245498405452,0.18841170705939836,1.02897395202306,1.0672274791438936,0.18886550406896574,0.9630205643451697,1.1047369122916917,0.16035687236337626,0.7716941661539793,rung5_instance,0.03760310790334658,0,rung5_instance,0.03760310790334658,0,rung5_instance,0.03760310790334658,0,rung3_cell,0.009548273207324456,0,rung5_instance,0.03760310790334658,0,0.1979599802667228,0.0,0.0007013526839970088,0.009548273207324456,0.009094476197757021,0.03760310790334658,0,between=0.0,
7,0.0,3000,0.0,0.0,0.3,0.0,0,0.0,12,755081157830.3557,159452335436.94168,0.17435374058010294,0.21117244654218464,1.3125865728788277,rung1_global,False,0.18619009670908848,0.6625635068518901,1.3125865728788277,0.0,1.341709204153113,1.063945298717697,0.18942847603247903,1.1045889192167406,1.075972744030577,0.1802653125799526,1.0965109360411323,1.0836624069878096,0.17440690817743987,1.0902430140112644,1.0797170502075104,0.17741269603312848,1.019504346956154,1.1086142594236732,0.15539722687227608,0.8331098459212938,rung5_instance,0.034031249160202934,0,rung5_instance,0.034031249160202934,0,rung5_instance,0.034031249160202934,0,rung3_cell,0.015021567855039178,0,rung5_instance,0.034031249160202934,0,0.18942847603247903,0.0,0.009163163452526386,0.015021567855039178,0.012015779999350525,0.034031249160202934,0,between=0.0,
8,0.0,3000,0.0,0.0,0.3,0.0,0,0.0,12,534107921048.0405,114703912452.61063,0.17679072194742193,0.2147579317444602,1.2950848675203803,rung1_global,False,0.1877627919860243,0.629427222174208,1.2950848675203803,0.0,1.2774371012783867,1.045001756339065,0.19310171669300258,1.007888484564607,1.0513884432479959,0.1881702353135939,1.0036416354152353,1.064916617495628,0.17772445327497455,0.9931211451970227,1.0629716239523845,0.17922628036910726,0.9217120639598257,1.0967699134511781,0.15312892540309242,0.7430174697311224,rung5_instance,0.03997279128991018,0,rung5_instance,0.03997279128991018,0,rung5_instance,0.03997279128991018,0,rung3_cell,0.015377263418028118,0,rung5_instance,0.03997279128991018,0,0.19310171669300263,0.0,0.004931481379408786,0.015377263418028118,0.013875436323895391,0.03997279128991018,0,between=0.0,
9,0.0,3000,0.0,0.0,0.3,0.0,0,0.0,12,728847142775.9045,143836891635.35098,0.16482127088802376,0.19734850175515592,1.2879186524437074,rung1_global,False,0.1794598210299021,0.6453877808744497,1.2879186524437074,0.0,1.299650230987043,1.0486463999976314,0.18578211596833294,1.0702501260237334,1.05267203494911,0.18265642558110207,1.0641318901751093,1.055842854523772,0.18019445364782394,1.0588982354597993,1.0547578584666022,0.18103689509791943,0.990031410845568,1.0974731956053068,0.14787071875777857,0.790298435866406,rung5_instance,0.037911397210554386,0,rung5_instance,0.037911397210554386,0,rung5_instance,0.037911397210554386,0,rung3_cell,0.005587662320509041,0,rung5_instance,0.037911397210554386,0,0.18578211596833297,0.0,0.0031256903872309023,0.005587662320509041,0.004745220870413542,0.037911397210554386,0,between=0.0,
0,0.3,3000,0.3,0.0,0.3,0.0,0,0.0,12,1262377150517.5288,306353525880.6853,0.19528752161847765,0.24267987245736464,1.2907480028973104,rung3_cell,True,0.16996300692514832,0.6506018860289802,1.2907480028973104,0.0,1.319944100261583,1.0618470176931352,0.17733979420488488,1.0709712128050037,1.0574798863959556,0.1807232054419171,1.0594592220503147,1.0539115298590782,0.18348777027476404,1.0414995758385297,1.0549671484924452,0.18266993547587418,0.966555047579604,1.1037745194820263,0.14485669007086532,0.7994380362613761,rung5_instance,0.03863108020389873,0,rung5_instance,0.03863108020389873,0,rung5_instance,0.03863108020389873,0,rung3_cell,0.0,1,rung5_instance,0.03863108020389873,0,0.18348777027476407,0.006147976069879138,0.0027645648328469756,0.0,0.0008178347988898566,0.03863108020389873,1,between=0.3,
1,0.3,3000,0.3,0.0,0.3,0.0,0,0.0,12,1312330605727.172,292799656089.3093,0.18241488747334192,0.223114247897211,1.2882368994246816,rung4_shrunk,False,0.16467907195790854,0.6502947769071988,1.2882368994246816,0.0,1.3098732041714236,1.066882542932544,0.17182736854610603,1.0729235618701984,1.068365661988679,0.17067609034813058,1.0584860506074074,1.069049933943997,0.17014492099905854,1.0299737413820809,1.0663862244511835,0.17221263812003462,0.957087771200852,1.1189092981751805,0.13144135315881866,0.7857011200760565,rung5_instance,0.040771284961215966,0,rung5_instance,0.040771284961215966,0,rung5_instance,0.040771284961215966,0,rung3_cell,0.002067717120976015,0,rung5_instance,0.040771284961215966,0,0.1722126381200346,0.00038526957392859946,0.001536547771904007,0.002067717120976015,0.0,0.040771284961215966,1,between=0.3,
2,0.3,3000,0.3,0.0,0.3,0.0,0,0.0,12,1788849854468.5396,487759103464.7869,0.2142480823353905,0.2726663181073396,1.3218451071271589,rung3_cell,False,0.18940715834109045,0.6425965728720967,1.3218451071271589,0.0,1.4028188405734443,1.0652917253982406,0.194087325622062,1.1237410752213104,1.0673908729737518,0.19249928208791944,1.1131809251643603,1.0587843426489907,0.19901027969146334,1.0893043041863846,1.0598355435729008,0.19821502696613102,1.002586848516768,1.1111237869589508,0.15941453278605444,0.8138901998327639,rung5_instance,0.03959574690540888,0,rung5_instance,0.03959574690540888,0,rung5_instance,0.03959574690540888,0,rung3_cell,0.0,1,rung5_instance,0.03959574690540888,0,0.19901027969146332,0.004922954069401335,0.00651099760354386,0.0,0.0007952527253323381,0.03959574690540888,1,between=0.3,
3,0.3,3000,0.3,0.0,0.3,0.0,0,0.0,12,1913611673580.7124,503362612997.0944,0.20826146798185655,0.26304323909940003,1.3322917040734534,rung3_cell,True,0.18264580609357262,0.6703466346892776,1.3322917040734534,0.0,1.3314180693393807,1.0833746100182537,0.1868337791897533,1.1011233640891331,1.0771169904141078,0.19153066320172552,1.0936925611132502,1.0692218890797933,0.1974566186889326,1.071905101885262,1.0709604335665557,0.19615169088562434,0.9951297206073833,1.124359157338104,0.15607133640448267,0.8230681429332616,rung5_instance,0.041385282284449904,0,rung5_instance,0.041385282284449904,0,rung5_instance,0.041385282284449904,0,rung3_cell,0.0,1,rung5_instance,0.041385282284449904,0,0.19745661868893258,0.010622839499179335,0.005925955487207026,0.0,0.0013049278033082383,0.041385282284449904,1,between=0.3,
4,0.3,3000,0.3,0.0,0.3,0.0,0,0.0,12,847710809243.958,180328734744.29306,0.17541030965084545,0.21272435455331942,1.3166413106822605,rung4_shrunk,False,0.17529467825866907,0.664786671806363,1.3166413106822605,0.0,1.310728752879637,1.0791020888782004,0.18041300988875364,1.080131053225755,1.0811551533852295,0.17885369036082133,1.0693068680332118,1.0694313946121585,0.18775798242423536,1.0377814046115146,1.067128790674498,0.18950682922022977,0.966770290212184,1.1347369776694383,0.13815785023376081,0.7857893341403208,rung5_instance,0.05134897898646893,0,rung5_instance,0.05134897898646893,0,rung5_instance,0.05134897898646893,0,rung3_cell,0.0017488467959944271,0,rung5_instance,0.05134897898646893,0,0.18950682922022974,0.009093819331476129,0.010653138859408358,0.0017488467959944271,0.0,0.05134897898646893,1,between=0.3,
5,0.3,3000,0.3,0.0,0.3,0.0,0,0.0,12,511994999666.2316,102653721078.88802,0.16701201452830503,0.20049750709637348,1.2625500892227008,rung2_series,False,0.152713126006922,0.6661666722807807,1.2625500892227008,0.0,1.262130688161097,1.0616616757094806,0.1591132226974843,1.0416015444596445,1.0611706942728265,0.15950210345623217,1.0308536145912803,1.0656289003333865,0.15597099122661373,1.0116064527915256,1.0634605550025131,0.1576884243402642,0.9450564351592755,1.1004754549766036,0.1283708548512953,0.7713268093457049,rung5_instance,0.031131248604936837,0,rung5_instance,0.031131248604936837,0,rung5_instance,0.031131248604936837,0,rung3_cell,0.003531112229618353,0,rung5_instance,0.031131248604936837,0,0.15950210345623214,0.0003888807587478168,0.0,0.003531112229618353,0.0018136791159679001,0.031131248604936837,1,between=0.3,
6,0.3,3000,0.3,0.0,0.3,0.0,0,0.0,12,595736813166.8867,120574295530.9436,0.16832671456140552,0.20239524042501386,1.3634990699021634,rung2_series,False,0.20549674475704904,0.6319506757427463,1.3634990699021634,0.0,1.3290584126280234,1.0764124297793656,0.21055140150803142,1.0602623903414523,1.0686382929841927,0.21625300920750035,1.0482893156705788,1.0715567620930828,0.21411258302510516,1.0299156851089792,1.0714273744621157,0.21420747684192043,0.9624725113576353,1.1240538812371887,0.17561081921541455,0.7728900888909914,rung5_instance,0.04064218999208586,0,rung5_instance,0.04064218999208586,0,rung5_instance,0.04064218999208586,0,rung3_cell,0.0021404261823952443,0,rung5_instance,0.04064218999208586,0,0.21625300920750037,0.005701607699468941,0.0,0.0021404261823952443,0.0020455323655799293,0.04064218999208586,1,between=0.3,
7,0.3,3000,0.3,0.0,0.3,0.0,0,0.0,12,558713141838.6113,108449282735.19612,0.16255304366770207,0.19410548027975785,1.2644723236105715,rung1_global,False,0.13781190454841208,0.705392070153858,1.2644723236105715,0.0,1.2883474006184834,1.0843580092507925,0.142442274928945,1.1105206474385425,1.093259060538849,0.13540293438992834,1.0997137943937227,1.0883663464677886,0.13927230660132617,1.0857751262748172,1.0875455676512142,0.13992141437636296,1.0184978800529259,1.123928232866748,0.11114841196564451,0.8414152441888497,rung5_instance,0.03129386296330052,0,rung5_instance,0.03129386296330052,0,rung5_instance,0.03129386296330052,0,rung3_cell,0.0031699683276188435,0,rung5_instance,0.03129386296330052,0,0.14244227492894504,0.0,0.007039340539016682,0.0031699683276188435,0.0025208605525821105,0.03129386296330052,1,between=0.3,
8,0.3,3000,0.3,0.0,0.3,0.0,0,0.0,12,816764537213.4653,175151848182.12933,0.17657924676007394,0.2144459513138149,1.333034084255114,rung3_cell,False,0.1905111485846246,0.6405540089280486,1.333034084255114,0.0,1.32088154811312,1.071317311911663,0.19633164330505148,1.043851445455006,1.0722772347203806,0.19561153958073152,1.0313590730085975,1.0620689665060323,0.2032694594605916,1.0049144807537327,1.0633305248725224,0.2023230782829527,0.9332168212146732,1.1247217454031198,0.15626932672797866,0.7515861800076986,rung5_instance,0.04700013273261288,0,rung5_instance,0.04700013273261288,0,rung5_instance,0.04700013273261288,0,rung3_cell,0.0,1,rung5_instance,0.04700013273261288,0,0.20326945946059158,0.0069378161555400655,0.0076579198798600555,0.0,0.0009463811776388734,0.04700013273261288,1,between=0.3,
9,0.3,3000,0.3,0.0,0.3,0.0,0,0.0,12,994950592408.0172,209696304110.6644,0.17407283803799053,0.21076051987983588,1.3142452718548363,rung3_cell,True,0.17203725597425656,0.6642460625496739,1.3142452718548363,0.0,1.3347643354443135,1.0789843040282905,0.1790084186451092,1.1066413099777033,1.071994798314801,0.18432668446898004,1.0809536947364706,1.0663388376871679,0.18863026519988169,1.0646352117608846,1.0667131148384332,0.18834548034329468,0.9990930130564923,1.124231618162668,0.14458005500297222,0.8300860509454773,rung5_instance,0.04405021019690954,0,rung5_instance,0.04405021019690954,0,rung5_instance,0.04405021019690954,0,rung3_cell,0.0,1,rung5_instance,0.04405021019690954,0,0.18863026519988174,0.00962184655477259,0.004303580730901733,0.0,0.0002847848565870344,0.04405021019690954,1,between=0.3,
0,0.8,3000,0.8,0.0,0.3,0.0,0,0.0,12,3190154966813.406,931484180622.6492,0.22599847956172897,0.2919871261154105,1.3727716234492144,rung3_cell,True,0.1672531336371209,0.7033759938485599,1.3727716234492144,0.0,1.4105812521229006,1.1357059484918528,0.17269126991546668,1.1435747964785048,1.1071728528491906,0.19347629719551063,1.1061468065344016,1.0662354445344657,0.22329728680182692,1.0562535669037938,1.0742612641789524,0.2174508521091275,0.9963103971666242,1.1620844172307536,0.15347578768352588,0.8922384416497346,rung5_instance,0.06982149911830095,0,rung5_instance,0.06982149911830095,0,rung5_instance,0.06982149911830095,0,rung3_cell,0.0,1,rung5_instance,0.06982149911830095,0,0.22329728680182687,0.05060601688636022,0.02982098960631626,0.0,0.005846434692699336,0.06982149911830095,2,between=0.8,
1,0.8,3000,0.8,0.0,0.3,0.0,0,0.0,12,5196924232348.14,1712456928800.559,0.2478451960979758,0.3295135453662012,1.4097399551732792,rung3_cell,True,0.16768104147295693,0.7076538066565172,1.4097399551732792,0.0,1.449914978516057,1.1657255818909795,0.1730917623401732,1.1876637531033307,1.154119557852649,0.18132450341822814,1.1520895347806615,1.0959058876422347,0.22261841013966954,1.0719840706916395,1.1023766006257179,0.21802840546558933,0.9936831631056966,1.1909178661813238,0.15522159827346227,0.8760741940798753,rung5_instance,0.06739681186620733,0,rung5_instance,0.06739681186620733,0,rung5_instance,0.06739681186620733,0,rung3_cell,0.0,1,rung5_instance,0.06739681186620733,0,0.22261841013966957,0.049526647799496365,0.041293906721441384,0.0,0.00459000467408031,0.06739681186620733,2,between=0.8,
2,0.8,3000,0.8,0.0,0.3,0.0,0,0.0,12,2707504048990.2295,685727031077.5782,0.20208674708469168,0.2532690694713169,1.454652110359351,rung3_cell,True,0.1984090917348449,0.6861963394067344,1.454652110359351,0.0,1.554014312007628,1.159952749610502,0.20259095535636196,1.2355516962828006,1.1476253898323978,0.21106539380821898,1.2004870723140817,1.0829241846156716,0.2555442109466636,1.129880816099758,1.0887562008453016,0.2515349937681389,1.0575222669474278,1.1912198560831384,0.18109639576375103,0.8950311740551969,rung5_instance,0.07444781518291262,0,rung5_instance,0.07444781518291262,0,rung5_instance,0.07444781518291262,0,rung3_cell,0.0,1,rung5_instance,0.07444781518291262,0,0.25554421094666363,0.05295325559030162,0.04447881713844465,0.0,0.004009217178524703,0.07444781518291262,2,between=0.8,
3,0.8,3000,0.8,0.0,0.3,0.0,0,0.0,12,4290179363244.168,978275460341.494,0.18568546055704596,0.22802670413335285,1.5096322556582145,rung3_cell,True,0.1937072607697451,0.7372743328665471,1.5096322556582145,0.0,1.4719807929913589,1.2138853636908573,0.19590657980370763,1.205262330963803,1.1810739738922458,0.21764127027261615,1.1762783840397995,1.1162997480796504,0.26054855816992817,1.108689355406907,1.1229491649322854,0.25614389814248606,1.0496586962534984,1.2395686565832869,0.17889363324260532,0.9073050519530486,rung5_instance,0.08165492492732279,0,rung5_instance,0.08165492492732279,0,rung5_instance,0.08165492492732279,0,rung3_cell,0.0,1,rung5_instance,0.08165492492732279,0,0.2605485581699281,0.06464197836622049,0.04290728789731192,0.0,0.004404660027442094,0.08165492492732279,2,between=0.8,
4,0.8,3000,0.8,0.0,0.3,0.0,0,0.0,12,1083135058773.2322,221001606349.84076,0.1694619990834968,0.20403882651545693,1.4550085713914223,rung3_cell,True,0.16687776511303865,0.7386282773625994,1.4550085713914223,0.0,1.4515320771195692,1.2053657959900757,0.17157477990841907,1.2158733259946255,1.1958946768944347,0.17808410176525447,1.1892230730609277,1.1039728670568805,0.24126023120183193,1.0818149662864698,1.1063842005382165,0.2396029670944253,1.0295980181755804,1.2457426308724302,0.1438245414038155,0.8828165945054106,rung5_instance,0.09743568979801648,0,rung5_instance,0.09743568979801648,0,rung5_instance,0.09743568979801648,0,rung3_cell,0.0,1,rung5_instance,0.09743568979801648,0,0.241260231201832,0.06968545129341286,0.06317612943657755,0.0,0.001657264107406658,0.09743568979801648,2,between=0.8,
5,0.8,3000,0.8,0.0,0.3,0.0,0,0.0,12,801918979068.3762,166161570087.65994,0.1716402320370119,0.2072049351927011,1.2932977747970054,rung3_cell,True,0.10912973287294458,0.7461450852856617,1.2932977747970054,0.0,1.3057165824034964,1.1438629054466058,0.1155456015331463,1.1170558735792204,1.1242093762236018,0.13074204708961434,1.0779705883144197,1.087333214682237,0.15925532706270706,1.0230217499542515,1.0884420254134333,0.158397975605986,0.9743646592421252,1.1689842111227942,0.09612137753327787,0.8411698008427456,rung5_instance,0.06313394952942916,0,rung5_instance,0.06313394952942916,0,rung5_instance,0.06313394952942916,0,rung3_cell,0.0,1,rung5_instance,0.06313394952942916,0,0.1592553270627071,0.043709725529560824,0.02851327997309274,0.0,0.0008573514567210351,0.06313394952942916,2,between=0.8,
6,0.8,3000,0.8,0.0,0.3,0.0,0,0.0,12,2873548617587.459,630873941897.0603,0.1800222236869341,0.2195452473070465,1.5411596020471483,rung3_cell,True,0.23726288790156724,0.6631486644140329,1.5411596020471483,0.0,1.5155634521082557,1.1712135677528255,0.24004394729975875,1.1598284496259947,1.1296676292846446,0.26700153067593513,1.1161212962619855,1.09336594192226,0.29055631845661944,1.048294819361882,1.0976940738168373,0.2877479578631884,0.9859813517100096,1.2049279193284594,0.21816798355735945,0.8497636260761993,rung5_instance,0.07238833489926005,0,rung5_instance,0.07238833489926005,0,rung5_instance,0.07238833489926005,0,rung3_cell,0.0,1,rung5_instance,0.07238833489926005,0,0.2905563184566195,0.050512371156860754,0.023554787780684323,0.0,0.002808360593431087,0.07238833489926005,2,between=0.8,
7,0.8,3000,0.8,0.0,0.3,0.0,0,0.0,12,1153285481872.8115,253077509739.83615,0.179951770097162,0.21944047134701244,1.2751175718312309,rung3_cell,False,0.1061002515469962,0.7714088564850593,1.2751175718312309,0.0,1.3007593029060633,1.1341470758816459,0.11055490024118597,1.1641221514080775,1.1378996629281772,0.10761196609187285,1.1380154698617015,1.0996690946271506,0.13759396080795439,1.0890554654403073,1.1011931752375255,0.1363987136840471,1.0378457857198808,1.1553181704837077,0.09395165119987803,0.9108212791132564,rung5_instance,0.043642309608076336,0,rung5_instance,0.043642309608076336,0,rung5_instance,0.043642309608076336,0,rung3_cell,0.0,1,rung5_instance,0.043642309608076336,0,0.13759396080795436,0.027039060566768396,0.029981994716081525,0.0,0.00119524712390727,0.043642309608076336,2,between=0.8,
8,0.8,3000,0.8,0.0,0.3,0.0,0,0.0,12,3779219387586.233,851243907791.3964,0.18383558047877252,0.22524331627518487,1.5213450839830034,rung3_cell,True,0.21707464036745983,0.6840252766071248,1.5213450839830034,0.0,1.5245032620197636,1.1850430868815143,0.22105569646370005,1.1610996992843068,1.171360843452097,0.23004921382768695,1.1320141181785235,1.0813747149661317,0.2891982717458119,1.0373336728542482,1.0872827981378737,0.2853148114882127,0.9784274719372245,1.2209811317079868,0.19743315007048867,0.8333524925837278,rung5_instance,0.09176512167532323,0,rung5_instance,0.09176512167532323,0,rung5_instance,0.09176512167532323,0,rung3_cell,0.0,1,rung5_instance,0.09176512167532323,0,0.2891982717458119,0.06814257528211184,0.05914905791812494,0.0,0.0038834602575992336,0.09176512167532323,2,between=0.8,
9,0.8,3000,0.8,0.0,0.3,0.0,0,0.0,12,1454219118312.5889,314043188849.4277,0.17759988864630227,0.21595314275184982,1.4817641690028756,rung3_cell,True,0.18477978074151202,0.7223271481740847,1.4817641690028756,0.0,1.504397132802994,1.200271780714604,0.18997111293202373,1.2433321199075795,1.1531743337536635,0.22175582466022925,1.1688719107557424,1.101451420909898,0.25666213021529716,1.115004629696069,1.104263086249298,0.25476461818320906,1.0569597274058027,1.2151857703715252,0.17990609046157402,0.9155658436201282,rung5_instance,0.0767560397537231,0,rung5_instance,0.0767560397537231,0,rung5_instance,0.0767560397537231,0,rung3_cell,0.0,1,rung5_instance,0.0767560397537231,0,0.2566621302152971,0.06669101728327334,0.03490630555506781,0.0,0.0018975120320880558,0.0767560397537231,2,between=0.8,
0,,300,0.3,0.0,0.3,0.0,0,0.0,12,41738305105006.914,10811937615394.89,0.20574477025578658,0.259041127525274,1.2739073927856188,rung1_global,True,0.15907794580884504,0.6468437142794145,1.2739073927856188,0.0,1.4066238815108176,1.071923589529159,0.15855454203369312,1.0670040055372148,1.0970603307448783,0.1388225416088008,1.0444550504682748,1.0970603307448783,0.1388225416088008,1.0444550504682748,1.1159277941394903,0.12401183911860247,0.9226010762161493,1.1331657554418344,0.11048027363749613,0.712502064383036,rung5_instance,0.048074268396197,0,rung5_instance,0.048074268396197,0,rung1_global,0.0,1,rung3_cell,0.019732000424892315,0,rung5_instance,0.048074268396197,0,0.15855454203369312,0.0,0.019732000424892315,0.019732000424892315,0.03454270291509061,0.048074268396197,3,n_val=300,300.0
1,,300,0.3,0.0,0.3,0.0,0,0.0,12,51295796771895.79,13750463182272.11,0.21139513927412265,0.2680621814574442,1.3309099336536354,rung1_global,True,0.17741383900693974,0.6667641870437893,1.3309099336536354,0.0,1.3759967140215397,1.0920425668151754,0.17947673302183376,1.1686278025346033,1.0940094887238798,0.17799885547432404,1.1619384330488849,1.0940094887238798,0.17799885547432404,1.1619384330488849,1.1197251490836022,0.1586769917557722,0.9706989893515389,1.1884823368642436,0.10701520304863699,0.7458853099775208,rung5_instance,0.07246152997319677,0,rung5_instance,0.07246152997319677,0,rung1_global,0.0,1,rung3_cell,0.001477877547509751,0,rung5_instance,0.07246152997319677,0,0.17947673302183376,0.0,0.001477877547509751,0.001477877547509751,0.020799741266061572,0.07246152997319677,3,n_val=300,300.0
2,,300,0.3,0.0,0.3,0.0,0,0.0,12,39295738531827.2,10421150088754.617,0.20960986051006547,0.26519797001178913,1.3183012735784942,rung1_global,True,0.19089700784966046,0.6357841538061876,1.3183012735784942,0.0,1.499498957167154,1.0686902675163628,0.18934291505656287,1.1429764901798043,1.0807165554228593,0.1802203509298883,1.111509222719436,1.0807165554228593,0.1802203509298883,1.111509222719436,1.099516397833457,0.16595969383474196,0.946167634015707,1.1440804654091061,0.13215553353481202,0.7328853845629466,rung5_instance,0.05718738152175083,0,rung5_instance,0.05718738152175083,0,rung1_global,0.0,1,rung3_cell,0.009122564126674526,0,rung5_instance,0.05718738152175083,0,0.18934291505656287,0.0,0.009122564126674526,0.009122564126674526,0.02338322122182096,0.05718738152175083,3,n_val=300,300.0
3,,300,0.3,0.0,0.3,0.0,0,0.0,12,31884884727900.26,7830464536644.827,0.1971646902683866,0.24558547422920204,1.3180552166535813,rung1_global,True,0.1755909627757355,0.6638171487667138,1.3180552166535813,0.0,1.3036321729928841,1.0957300741718168,0.16867665305117274,0.9498633132335521,1.1058110496770304,0.161028281892028,0.942852524246855,1.1058110496770304,0.161028281892028,0.942852524246855,1.1190549214574697,0.15098024170895874,0.8280719801949136,1.1514267819115223,0.12641991977021494,0.6151196217500611,rung5_instance,0.04225673328095783,0,rung5_instance,0.04225673328095783,0,rung1_global,0.0,1,rung3_cell,0.007648371159144787,0,rung5_instance,0.04225673328095783,0,0.16867665305117277,0.0,0.007648371159144787,0.007648371159144787,0.01769641134221408,0.04225673328095783,3,n_val=300,300.0
4,,300,0.3,0.0,0.3,0.0,0,0.0,12,38500898500543.555,9210284693853.947,0.19304247090932483,0.23922259096690734,1.2992332468975196,rung1_global,True,0.16508544408297454,0.6593210246027016,1.2992332468975196,0.0,1.3302913456503604,1.0776922733603638,0.17051670596190527,1.0619993006127537,1.080641479746101,0.16824674682040408,1.0585617660443294,1.080641479746101,0.16824674682040408,1.0585617660443294,1.1133110827445123,0.14310145202716817,0.9337773974704974,1.1664226605219445,0.10222228125143629,0.6770839461344103,rung5_instance,0.06829442471046895,0,rung5_instance,0.06829442471046895,0,rung1_global,0.0,1,rung3_cell,0.0022699591415011595,0,rung5_instance,0.06829442471046895,0,0.1705167059619053,0.0,0.0022699591415011595,0.0022699591415011595,0.02741525393473713,0.06829442471046895,3,n_val=300,300.0
5,,300,0.3,0.0,0.3,0.0,0,0.0,12,21475342985477.094,5718027287010.437,0.21027284333327237,0.26626011472214006,1.2744466731327133,rung1_global,True,0.15133838307526903,0.6714814934929233,1.2744466731327133,0.0,1.0861934163083027,1.0786269871904017,0.15365074904308695,0.9441864604950492,1.087384068757322,0.1467794677635066,0.9259904226683049,1.087384068757322,0.1467794677635066,0.9259904226683049,1.1101706240306268,0.12889990029812703,0.8044320041842253,1.1638856303215126,0.08675219225880282,0.6010555815193712,rung5_instance,0.06689855678428416,0,rung5_instance,0.06689855678428416,0,rung1_global,0.0,1,rung3_cell,0.006871281279580321,0,rung5_instance,0.06689855678428416,0,0.15365074904308693,0.0,0.006871281279580321,0.006871281279580321,0.02475084874495987,0.06689855678428416,3,n_val=300,300.0
6,,300,0.3,0.0,0.3,0.0,0,0.0,12,27418454731110.58,7389663357118.81,0.2122971238602433,0.2695142169603769,1.3600680859233099,rung1_global,True,0.1999787989582651,0.6352636479594905,1.3600680859233099,0.0,1.281359235061322,1.079574027460219,0.20623530642781884,1.0462216719693973,1.079574027460219,0.20623530642781884,1.0462216719693973,1.079574027460219,0.20623530642781884,1.0462216719693973,1.1003561667145798,0.19095508665834138,0.9212715664054281,1.1821815833245561,0.13079235108879994,0.6748813396738944,rung5_instance,0.07544295533901885,0,rung5_instance,0.07544295533901885,0,rung1_global,0.0,1,rung3_cell,0.0,0,rung5_instance,0.07544295533901885,0,0.20623530642781882,0.0,0.0,0.0,0.015280219769477504,0.07544295533901885,3,n_val=300,300.0
7,,300,0.3,0.0,0.3,0.0,0,0.0,12,41039525732796.19,11875181255577.998,0.22442118517611892,0.28935961231365076,1.2574214146507001,rung1_global,True,0.14697078250840956,0.6896619907475298,1.2574214146507001,0.0,1.2846250894147628,1.0694743060619107,0.1494702622358307,1.0781840084518741,1.0747580843871107,0.14526818784482964,1.0719354267081358,1.0747580843871107,0.14526818784482964,1.0719354267081358,1.101334644785898,0.12413242533185387,0.9389165194213823,1.130722534380323,0.10076087363723862,0.7379494846761124,rung5_instance,0.048709388598592106,0,rung5_instance,0.048709388598592106,0,rung1_global,0.0,1,rung3_cell,0.00420207439100103,0,rung5_instance,0.048709388598592106,0,0.1494702622358307,0.0,0.00420207439100103,0.00420207439100103,0.02533783690397686,0.048709388598592106,3,n_val=300,300.0
8,,300,0.3,0.0,0.3,0.0,0,0.0,12,40345277913944.0,10065462410984.58,0.19966900597187057,0.24948303572115904,1.3444915008352165,rung1_global,True,0.18410455185392416,0.6511442643859436,1.3444915008352165,0.0,1.3127886672820077,1.0894568642938456,0.18968854498740972,1.096745172348241,1.0922947006315755,0.1875778315050507,1.0903520673454061,1.0922947006315755,0.1875778315050507,1.0903520673454061,1.121147554105938,0.16611778251519949,0.9602735177582277,1.1800989763691145,0.12227115185479354,0.6721307424420924,rung5_instance,0.06741739313261619,0,rung5_instance,0.06741739313261619,0,rung1_global,0.0,1,rung3_cell,0.0021107134823589698,0,rung5_instance,0.06741739313261619,0,0.18968854498740967,0.0,0.0021107134823589698,0.0021107134823589698,0.02357076247221023,0.06741739313261619,3,n_val=300,300.0
9,,300,0.3,0.0,0.3,0.0,0,0.0,12,36256218870581.664,10078123955918.234,0.2175087276764887,0.27796952550106196,1.3371283637183344,rung2_series,True,0.16779518366318646,0.6712945627242073,1.3371283637183344,0.0,1.529105717930642,1.1084671234745396,0.17100919137480974,1.2717207618333197,1.1056513118325093,0.17311505624046852,1.2428815135903528,1.1056513118325093,0.17311505624046852,1.2428815135903528,1.1387978119673463,0.14832573830044515,1.0894531607083286,1.202328403168804,0.10081302903086575,0.8553871567735003,rung5_instance,0.07230202720960277,0,rung5_instance,0.07230202720960277,0,rung1_global,0.0021058648656587867,0,rung3_cell,0.0,0,rung5_instance,0.07230202720960277,0,0.17311505624046852,0.0021058648656587867,0.0,0.0,0.024789317940023366,0.07230202720960277,3,n_val=300,300.0
0,,3000,0.3,0.0,0.3,0.0,0,0.0,12,1262377150517.5288,306353525880.6853,0.19528752161847765,0.24267987245736464,1.2907480028973104,rung3_cell,True,0.16996300692514832,0.6506018860289802,1.2907480028973104,0.0,1.319944100261583,1.0618470176931352,0.17733979420488488,1.0709712128050037,1.0574798863959556,0.1807232054419171,1.0594592220503147,1.0539115298590782,0.18348777027476404,1.0414995758385297,1.0549671484924452,0.18266993547587418,0.966555047579604,1.1037745194820263,0.14485669007086532,0.7994380362613761,rung5_instance,0.03863108020389873,0,rung5_instance,0.03863108020389873,0,rung5_instance,0.03863108020389873,0,rung3_cell,0.0,1,rung5_instance,0.03863108020389873,0,0.18348777027476407,0.006147976069879138,0.0027645648328469756,0.0,0.0008178347988898566,0.03863108020389873,4,n_val=3000,3000.0
1,,3000,0.3,0.0,0.3,0.0,0,0.0,12,1312330605727.172,292799656089.3093,0.18241488747334192,0.223114247897211,1.2882368994246816,rung4_shrunk,False,0.16467907195790854,0.6502947769071988,1.2882368994246816,0.0,1.3098732041714236,1.066882542932544,0.17182736854610603,1.0729235618701984,1.068365661988679,0.17067609034813058,1.0584860506074074,1.069049933943997,0.17014492099905854,1.0299737413820809,1.0663862244511835,0.17221263812003462,0.957087771200852,1.1189092981751805,0.13144135315881866,0.7857011200760565,rung5_instance,0.040771284961215966,0,rung5_instance,0.040771284961215966,0,rung5_instance,0.040771284961215966,0,rung3_cell,0.002067717120976015,0,rung5_instance,0.040771284961215966,0,0.1722126381200346,0.00038526957392859946,0.001536547771904007,0.002067717120976015,0.0,0.040771284961215966,4,n_val=3000,3000.0
2,,3000,0.3,0.0,0.3,0.0,0,0.0,12,1788849854468.5396,487759103464.7869,0.2142480823353905,0.2726663181073396,1.3218451071271589,rung3_cell,False,0.18940715834109045,0.6425965728720967,1.3218451071271589,0.0,1.4028188405734443,1.0652917253982406,0.194087325622062,1.1237410752213104,1.0673908729737518,0.19249928208791944,1.1131809251643603,1.0587843426489907,0.19901027969146334,1.0893043041863846,1.0598355435729008,0.19821502696613102,1.002586848516768,1.1111237869589508,0.15941453278605444,0.8138901998327639,rung5_instance,0.03959574690540888,0,rung5_instance,0.03959574690540888,0,rung5_instance,0.03959574690540888,0,rung3_cell,0.0,1,rung5_instance,0.03959574690540888,0,0.19901027969146332,0.004922954069401335,0.00651099760354386,0.0,0.0007952527253323381,0.03959574690540888,4,n_val=3000,3000.0
3,,3000,0.3,0.0,0.3,0.0,0,0.0,12,1913611673580.7124,503362612997.0944,0.20826146798185655,0.26304323909940003,1.3322917040734534,rung3_cell,True,0.18264580609357262,0.6703466346892776,1.3322917040734534,0.0,1.3314180693393807,1.0833746100182537,0.1868337791897533,1.1011233640891331,1.0771169904141078,0.19153066320172552,1.0936925611132502,1.0692218890797933,0.1974566186889326,1.071905101885262,1.0709604335665557,0.19615169088562434,0.9951297206073833,1.124359157338104,0.15607133640448267,0.8230681429332616,rung5_instance,0.041385282284449904,0,rung5_instance,0.041385282284449904,0,rung5_instance,0.041385282284449904,0,rung3_cell,0.0,1,rung5_instance,0.041385282284449904,0,0.19745661868893258,0.010622839499179335,0.005925955487207026,0.0,0.0013049278033082383,0.041385282284449904,4,n_val=3000,3000.0
4,,3000,0.3,0.0,0.3,0.0,0,0.0,12,847710809243.958,180328734744.29306,0.17541030965084545,0.21272435455331942,1.3166413106822605,rung4_shrunk,False,0.17529467825866907,0.664786671806363,1.3166413106822605,0.0,1.310728752879637,1.0791020888782004,0.18041300988875364,1.080131053225755,1.0811551533852295,0.17885369036082133,1.0693068680332118,1.0694313946121585,0.18775798242423536,1.0377814046115146,1.067128790674498,0.18950682922022977,0.966770290212184,1.1347369776694383,0.13815785023376081,0.7857893341403208,rung5_instance,0.05134897898646893,0,rung5_instance,0.05134897898646893,0,rung5_instance,0.05134897898646893,0,rung3_cell,0.0017488467959944271,0,rung5_instance,0.05134897898646893,0,0.18950682922022974,0.009093819331476129,0.010653138859408358,0.0017488467959944271,0.0,0.05134897898646893,4,n_val=3000,3000.0
5,,3000,0.3,0.0,0.3,0.0,0,0.0,12,511994999666.2316,102653721078.88802,0.16701201452830503,0.20049750709637348,1.2625500892227008,rung2_series,False,0.152713126006922,0.6661666722807807,1.2625500892227008,0.0,1.262130688161097,1.0616616757094806,0.1591132226974843,1.0416015444596445,1.0611706942728265,0.15950210345623217,1.0308536145912803,1.0656289003333865,0.15597099122661373,1.0116064527915256,1.0634605550025131,0.1576884243402642,0.9450564351592755,1.1004754549766036,0.1283708548512953,0.7713268093457049,rung5_instance,0.031131248604936837,0,rung5_instance,0.031131248604936837,0,rung5_instance,0.031131248604936837,0,rung3_cell,0.003531112229618353,0,rung5_instance,0.031131248604936837,0,0.15950210345623214,0.0003888807587478168,0.0,0.003531112229618353,0.0018136791159679001,0.031131248604936837,4,n_val=3000,3000.0
6,,3000,0.3,0.0,0.3,0.0,0,0.0,12,595736813166.8867,120574295530.9436,0.16832671456140552,0.20239524042501386,1.3634990699021634,rung2_series,False,0.20549674475704904,0.6319506757427463,1.3634990699021634,0.0,1.3290584126280234,1.0764124297793656,0.21055140150803142,1.0602623903414523,1.0686382929841927,0.21625300920750035,1.0482893156705788,1.0715567620930828,0.21411258302510516,1.0299156851089792,1.0714273744621157,0.21420747684192043,0.9624725113576353,1.1240538812371887,0.17561081921541455,0.7728900888909914,rung5_instance,0.04064218999208586,0,rung5_instance,0.04064218999208586,0,rung5_instance,0.04064218999208586,0,rung3_cell,0.0021404261823952443,0,rung5_instance,0.04064218999208586,0,0.21625300920750037,0.005701607699468941,0.0,0.0021404261823952443,0.0020455323655799293,0.04064218999208586,4,n_val=3000,3000.0
7,,3000,0.3,0.0,0.3,0.0,0,0.0,12,558713141838.6113,108449282735.19612,0.16255304366770207,0.19410548027975785,1.2644723236105715,rung1_global,False,0.13781190454841208,0.705392070153858,1.2644723236105715,0.0,1.2883474006184834,1.0843580092507925,0.142442274928945,1.1105206474385425,1.093259060538849,0.13540293438992834,1.0997137943937227,1.0883663464677886,0.13927230660132617,1.0857751262748172,1.0875455676512142,0.13992141437636296,1.0184978800529259,1.123928232866748,0.11114841196564451,0.8414152441888497,rung5_instance,0.03129386296330052,0,rung5_instance,0.03129386296330052,0,rung5_instance,0.03129386296330052,0,rung3_cell,0.0031699683276188435,0,rung5_instance,0.03129386296330052,0,0.14244227492894504,0.0,0.007039340539016682,0.0031699683276188435,0.0025208605525821105,0.03129386296330052,4,n_val=3000,3000.0
8,,3000,0.3,0.0,0.3,0.0,0,0.0,12,816764537213.4653,175151848182.12933,0.17657924676007394,0.2144459513138149,1.333034084255114,rung3_cell,False,0.1905111485846246,0.6405540089280486,1.333034084255114,0.0,1.32088154811312,1.071317311911663,0.19633164330505148,1.043851445455006,1.0722772347203806,0.19561153958073152,1.0313590730085975,1.0620689665060323,0.2032694594605916,1.0049144807537327,1.0633305248725224,0.2023230782829527,0.9332168212146732,1.1247217454031198,0.15626932672797866,0.7515861800076986,rung5_instance,0.04700013273261288,0,rung5_instance,0.04700013273261288,0,rung5_instance,0.04700013273261288,0,rung3_cell,0.0,1,rung5_instance,0.04700013273261288,0,0.20326945946059158,0.0069378161555400655,0.0076579198798600555,0.0,0.0009463811776388734,0.04700013273261288,4,n_val=3000,3000.0
9,,3000,0.3,0.0,0.3,0.0,0,0.0,12,994950592408.0172,209696304110.6644,0.17407283803799053,0.21076051987983588,1.3142452718548363,rung3_cell,True,0.17203725597425656,0.6642460625496739,1.3142452718548363,0.0,1.3347643354443135,1.0789843040282905,0.1790084186451092,1.1066413099777033,1.071994798314801,0.18432668446898004,1.0809536947364706,1.0663388376871679,0.18863026519988169,1.0646352117608846,1.0667131148384332,0.18834548034329468,0.9990930130564923,1.124231618162668,0.14458005500297222,0.8300860509454773,rung5_instance,0.04405021019690954,0,rung5_instance,0.04405021019690954,0,rung5_instance,0.04405021019690954,0,rung3_cell,0.0,1,rung5_instance,0.04405021019690954,0,0.18863026519988174,0.00962184655477259,0.004303580730901733,0.0,0.0002847848565870344,0.04405021019690954,4,n_val=3000,3000.0
