part,dataset,config,seed,oracle_rung,sel_nested_argmin,sel_nested_parsimony,n_blocks,regret_nested_argmin,correct_nested_argmin,regret_nested_parsimony,correct_nested_parsimony,regret_fixed_none,skill_rung0_none,regret_fixed_global,skill_rung1_global,regret_fixed_series,skill_rung2_series,regret_fixed_cell,skill_rung3_cell,regret_fixed_shrunk,skill_rung4_shrunk,regret_fixed_instance,skill_rung5_instance,n_val,baseline,h
A_synthetic,synthetic,between=0.0,0,rung1_global,rung1_global,rung1_global,30,0.0,1,0.0,1,0.19240878360475996,0.0,0.0,0.19240878360476,0.0007150148494581343,0.19169376875530186,0.00597462360379183,0.18643416000096813,0.009973160718117723,0.18243562288664228,0.042412186699124325,0.1499965969056356,3000,,
A_synthetic,synthetic,between=0.0,1,rung1_global,rung1_global,rung1_global,30,0.0,1,0.0,1,0.17913468583460213,0.0,0.0,0.17913468583460213,0.004318405567465998,0.17481628026713614,0.018530651344145825,0.16060403449045635,0.011291787048060675,0.16784289878654146,0.031829905458306974,0.14730478037629513,3000,,
A_synthetic,synthetic,between=0.0,2,rung1_global,rung1_global,rung1_global,30,0.0,1,0.0,1,0.1917200300917059,0.0,0.0,0.1917200300917059,0.004119654505980628,0.1876003755857253,0.01056575472621541,0.18115427536549045,0.010393658943792992,0.18132637114791295,0.03614290440776162,0.15557712568394433,3000,,
A_synthetic,synthetic,between=0.0,3,rung1_global,rung1_global,rung1_global,30,0.0,1,0.0,1,0.1922883899220615,0.0,0.0,0.19228838992206143,0.001981129823990975,0.19030726009807053,0.009592213596256683,0.18269617632580482,0.011486665710633745,0.1808017242114277,0.035873712977810675,0.15641467694425082,3000,,
A_synthetic,synthetic,between=0.0,4,rung1_global,rung1_global,rung1_global,30,0.0,1,0.0,1,0.1944280432590193,0.0,0.0,0.1944280432590193,0.002408895161722617,0.1920191480972967,0.008498172138699082,0.18592987112032022,0.008602393164420852,0.1858256500945985,0.03188238558545715,0.16254565767356222,3000,,
A_synthetic,synthetic,between=0.1,0,rung1_global,rung1_global,rung1_global,30,0.0,1,0.0,1,0.18653519167301777,0.0,0.0,0.1865351916730178,0.0011369629467321218,0.18539822872628564,0.006242168682632121,0.18029302299038563,0.011331291752472298,0.17520389992054552,0.03987806572573858,0.1466571259472792,3000,,
A_synthetic,synthetic,between=0.1,1,rung1_global,rung1_global,rung1_global,30,0.0,1,0.0,1,0.17496406003638587,0.0,0.0,0.17496406003638587,0.0032566623221612534,0.1717073977142246,0.013803748713621678,0.1611603113227642,0.01150495630105903,0.1634591037353268,0.03598853318845243,0.13897552684793346,3000,,
A_synthetic,synthetic,between=0.1,2,rung1_global,rung1_global,rung1_global,30,0.0,1,0.0,1,0.19254205126304638,0.0,0.0,0.19254205126304635,0.0029695304315174296,0.18957252083152898,0.006943015493915035,0.1855990357691314,0.010566380874948645,0.1819756703880977,0.03655318940098405,0.1559888618620623,3000,,
A_synthetic,synthetic,between=0.1,3,rung1_global,rung1_global,rung1_global,30,0.0,1,0.0,1,0.19223167024676235,0.0,0.0,0.19223167024676235,0.0009802627580280257,0.19125140748873437,0.007722574406661073,0.18450909584010133,0.0099540636259434,0.18227760662081893,0.04084382843638246,0.1513878418103799,3000,,
A_synthetic,synthetic,between=0.1,4,rung1_global,rung1_global,rung1_global,30,0.0,1,0.0,1,0.19179446146453133,0.0,0.0,0.19179446146453138,0.0023830278638930125,0.18941143360063828,0.006103581443183358,0.18569088002134793,0.008600324375423454,0.18319413708910792,0.03422848431861419,0.15756597714591714,3000,,
A_synthetic,synthetic,between=0.3,0,rung3_cell,rung1_global,rung1_global,30,0.006147976069879138,0,0.006147976069879138,0,0.18348777027476407,0.0,0.006147976069879138,0.17733979420488488,0.0027645648328469756,0.1807232054419171,0.0,0.18348777027476404,0.01363213380919759,0.16985563646556645,0.03987369720974877,0.14361407306501528,3000,,
A_synthetic,synthetic,between=0.3,1,rung1_global,rung3_cell,rung1_global,30,0.0016824475470474155,0,0.0,1,0.171827368546106,0.0,0.0,0.17182736854610603,0.0011512781979754075,0.17067609034813058,0.0016824475470474155,0.17014492099905854,0.010011367662944224,0.16181600088316173,0.03358601034028458,0.1382413582058214,3000,,
A_synthetic,synthetic,between=0.3,2,rung3_cell,rung2_series,rung1_global,30,0.00651099760354386,0,0.004922954069401335,0,0.19901027969146332,0.0,0.004922954069401335,0.194087325622062,0.00651099760354386,0.19249928208791944,0.0,0.19901027969146334,0.011691623203194303,0.18731865648826906,0.03475193084280602,0.1642583488486573,3000,,
A_synthetic,synthetic,between=0.3,3,rung3_cell,rung1_global,rung1_global,30,0.010622839499179335,0,0.010622839499179335,0,0.19745661868893258,0.0,0.010622839499179335,0.1868337791897533,0.005925955487207026,0.19153066320172552,0.0,0.1974566186889326,0.01635555225515955,0.181101066433773,0.04711403084282016,0.15034258784611243,3000,,
A_synthetic,synthetic,between=0.3,4,rung3_cell,rung3_cell,rung1_global,30,0.0,1,0.007344972535481702,0,0.1877579824242353,0.0,0.007344972535481702,0.18041300988875364,0.008904292063413932,0.17885369036082133,0.0,0.18775798242423536,0.0136474490104107,0.17411053341382465,0.03688233961838583,0.15087564280584942,3000,,
A_synthetic,synthetic,between=0.6,0,rung3_cell,rung3_cell,rung2_series,30,0.0,1,0.019825661605440727,0,0.20339794144386436,0.0,0.03386834464284274,0.16952959680102164,0.019825661605440727,0.1835722798384236,0.0,0.20339794144386436,0.03339164671934411,0.17000629472452022,0.06561634492759805,0.1377815965162663,3000,,
A_synthetic,synthetic,between=0.6,1,rung3_cell,rung3_cell,rung3_cell,30,0.0,1,0.0,1,0.19877669237526163,0.0,0.029942133160263153,0.16883455921499846,0.025052807480440937,0.1737238848948207,0.0,0.19877669237526163,0.032940759188581255,0.16583593318668033,0.058226898763984264,0.1405497936112774,3000,,
A_synthetic,synthetic,between=0.6,2,rung3_cell,rung3_cell,rung3_cell,30,0.0,1,0.0,1,0.22862037050909167,0.0,0.035563454454418275,0.19305691605467346,0.032138512922312595,0.19648185758677905,0.0,0.22862037050909167,0.03780053691022969,0.190819833598862,0.0631471649766106,0.16547320553248113,3000,,
A_synthetic,synthetic,between=0.6,3,rung3_cell,rung3_cell,rung1_global,30,0.0,1,0.04302446809468764,0,0.23085513976154584,0.0,0.04302446809468764,0.18783067166685818,0.02798170450340453,0.20287343525814128,0.0,0.2308551397615458,0.041454951419974836,0.18940018834157102,0.0675598913654885,0.16329524839605736,3000,,
A_synthetic,synthetic,between=0.6,4,rung3_cell,rung3_cell,rung3_cell,30,0.0,1,0.0,1,0.21516035076531925,0.0,0.04936031615795157,0.1658000346073677,0.047188486814884675,0.16797186395043462,0.0,0.21516035076531925,0.05194639857463971,0.16321395219067958,0.07162128074055325,0.14353907002476596,3000,,
A_synthetic,synthetic,between=1.0,0,rung3_cell,rung3_cell,rung3_cell,30,0.0,1,0.0,1,0.24472655058501225,0.0,0.0611005673138228,0.1836259832711894,0.033884371191701984,0.2108421793933103,0.0,0.24472655058501225,0.0479416425333203,0.1967849080516919,0.07268313232850773,0.1720434182565045,3000,,
A_synthetic,synthetic,between=1.0,1,rung3_cell,rung3_cell,rung3_cell,30,0.0,1,0.0,1,0.2457392953338329,0.0,0.06775736877902559,0.17798192655480727,0.05380829491609472,0.19193100041773814,0.0,0.24573929533383287,0.053237078235100474,0.1925022170987324,0.06242446894104346,0.1833148263927894,3000,,
A_synthetic,synthetic,between=1.0,2,rung3_cell,rung3_cell,rung3_cell,30,0.0,1,0.0,1,0.28501930924299246,0.0,0.06629298901766181,0.21872632022533067,0.052978213603441765,0.23204109563955067,0.0,0.28501930924299246,0.05701669079677673,0.22800261844621572,0.06859821169416425,0.2164210975488282,3000,,
A_synthetic,synthetic,between=1.0,3,rung3_cell,rung3_cell,rung3_cell,30,0.0,1,0.0,1,0.2928384596272095,0.0,0.08343745881525667,0.2094010008119528,0.05232166708507513,0.24051679254213443,0.0,0.29283845962720956,0.06356819414501517,0.2292702654821943,0.08058042986450904,0.21225802976270047,3000,,
A_synthetic,synthetic,between=1.0,4,rung3_cell,rung3_cell,rung3_cell,30,0.0,1,0.0,1,0.26421037044001067,0.0,0.08888824654130263,0.17532212389870805,0.079735694079516,0.18447467636049464,0.0,0.2642103704400106,0.08293102636717209,0.18127934407283852,0.0944686970720728,0.16974167336793788,3000,,
A_synthetic,synthetic,within=0.0,0,rung3_cell,rung1_global,rung1_global,30,0.006147976069879138,0,0.006147976069879138,0,0.18348777027476407,0.0,0.006147976069879138,0.17733979420488488,0.0027645648328469756,0.1807232054419171,0.0,0.18348777027476404,0.01363213380919759,0.16985563646556645,0.03987369720974877,0.14361407306501528,3000,,
A_synthetic,synthetic,within=0.0,1,rung1_global,rung3_cell,rung1_global,30,0.0016824475470474155,0,0.0,1,0.171827368546106,0.0,0.0,0.17182736854610603,0.0011512781979754075,0.17067609034813058,0.0016824475470474155,0.17014492099905854,0.010011367662944224,0.16181600088316173,0.03358601034028458,0.1382413582058214,3000,,
A_synthetic,synthetic,within=0.0,2,rung3_cell,rung2_series,rung1_global,30,0.00651099760354386,0,0.004922954069401335,0,0.19901027969146332,0.0,0.004922954069401335,0.194087325622062,0.00651099760354386,0.19249928208791944,0.0,0.19901027969146334,0.011691623203194303,0.18731865648826906,0.03475193084280602,0.1642583488486573,3000,,
A_synthetic,synthetic,within=0.0,3,rung3_cell,rung1_global,rung1_global,30,0.010622839499179335,0,0.010622839499179335,0,0.19745661868893258,0.0,0.010622839499179335,0.1868337791897533,0.005925955487207026,0.19153066320172552,0.0,0.1974566186889326,0.01635555225515955,0.181101066433773,0.04711403084282016,0.15034258784611243,3000,,
A_synthetic,synthetic,within=0.0,4,rung3_cell,rung3_cell,rung1_global,30,0.0,1,0.007344972535481702,0,0.1877579824242353,0.0,0.007344972535481702,0.18041300988875364,0.008904292063413932,0.17885369036082133,0.0,0.18775798242423536,0.0136474490104107,0.17411053341382465,0.03688233961838583,0.15087564280584942,3000,,
A_synthetic,synthetic,within=0.5,0,rung3_cell,rung1_global,rung1_global,30,0.007704969972861497,0,0.007704969972861497,0,0.1802303283682165,0.0,0.007704969972861497,0.172525358395355,0.004501511872883465,0.175728816495333,0.0,0.1802303283682165,0.015177110560110958,0.16505321780810556,0.04558079836366322,0.13464953000455326,3000,,
A_synthetic,synthetic,within=0.5,1,rung1_global,rung3_cell,rung1_global,30,0.005579461299601994,0,0.0,1,0.1648697939411033,0.0,0.0,0.16486979394110335,0.0019494573703231727,0.1629203365707801,0.005579461299601994,0.15929033264150128,0.007260172639092604,0.15760962130201073,0.03340563916703559,0.1314641547740677,3000,,
A_synthetic,synthetic,within=0.5,2,rung3_cell,rung1_global,rung1_global,30,0.003927087177290246,0,0.003927087177290246,0,0.19079482542622772,0.0,0.003927087177290246,0.18686773824893743,0.005202782873410201,0.18559204255281758,0.0,0.19079482542622772,0.012512629415429695,0.1782821960107981,0.035637655804911066,0.15515716962131665,3000,,
A_synthetic,synthetic,within=0.5,3,rung3_cell,rung1_global,rung1_global,30,0.008013802810479143,0,0.008013802810479143,0,0.1924896688612315,0.0,0.008013802810479143,0.1844758660507524,0.0037619193900315525,0.18872774947119997,0.0,0.19248966886123153,0.018512022821367026,0.17397764603986443,0.045384764931755854,0.14710490392947562,3000,,
A_synthetic,synthetic,within=0.5,4,rung3_cell,rung3_cell,rung1_global,30,0.0,1,0.007522323063450371,0,0.1804078832582058,0.0,0.007522323063450371,0.17288556019475543,0.00954755694262304,0.1708603263155828,0.0,0.18040788325820578,0.016661005855864067,0.16374687740234173,0.041318683397158,0.13908919986104784,3000,,
A_synthetic,synthetic,within=1.0,0,rung3_cell,rung1_global,rung1_global,30,0.007561221484584961,0,0.007561221484584961,0,0.16893129121231001,0.0,0.007561221484584961,0.16137006972772505,0.00419443860391519,0.16473685260839488,0.0,0.16893129121231,0.01368354986650773,0.15524774134580233,0.04529803447269344,0.12363325673961656,3000,,
A_synthetic,synthetic,within=1.0,1,rung1_global,rung3_cell,rung1_global,30,0.005447987735759376,0,0.0,1,0.15258071993244512,0.0,0.0,0.15258071993244515,0.0005601430652065999,0.15202057686723858,0.005447987735759376,0.14713273219668577,0.006066435336182973,0.14651428459626215,0.030995369805436157,0.121585350127009,3000,,
A_synthetic,synthetic,within=1.0,2,rung3_cell,rung2_series,rung1_global,30,0.005554919170834987,0,0.0029101036353687926,0,0.17478057079879428,0.0,0.0029101036353687926,0.17187046716342547,0.005554919170834987,0.16922565162795933,0.0,0.17478057079879428,0.015831446439582116,0.15894912435921216,0.037138573358681586,0.13764199744011274,3000,,
A_synthetic,synthetic,within=1.0,3,rung3_cell,rung1_global,rung1_global,30,0.004492443614894755,0,0.004492443614894755,0,0.17648478255601624,0.0,0.004492443614894755,0.17199233894112154,0.0012626124239209942,0.1752221701320953,0.0,0.1764847825560163,0.01451845248301302,0.1619663300730032,0.043682979783621546,0.13280180277239473,3000,,
A_synthetic,synthetic,within=1.0,4,rung3_cell,rung3_cell,rung1_global,30,0.0,1,0.005789849137746084,0,0.16667530104357992,0.0,0.005789849137746084,0.1608854519058338,0.00779255811940703,0.15888274292417293,0.0,0.16667530104357986,0.018290531865283365,0.14838476917829657,0.04102563700098048,0.12564966404259947,3000,,
A_synthetic,synthetic,within=2.0,0,rung3_cell,rung1_global,rung1_global,30,0.006000491073002213,0,0.006000491073002213,0,0.1756727377370063,0.0,0.006000491073002213,0.16967224666400416,0.0030719550635101077,0.1726007826734962,0.0,0.1756727377370063,0.011555850707944175,0.16411688702906213,0.042428014085778586,0.13324472365122775,3000,,
A_synthetic,synthetic,within=2.0,1,rung1_global,rung3_cell,rung3_cell,30,0.009222981096038311,0,0.009222981096038311,0,0.16234306437984045,0.0,0.0,0.16234306437984047,0.002417804706451146,0.15992525967338933,0.009222981096038311,0.1531200832838021,0.008925585241358789,0.1534174791384817,0.04208055027034142,0.12026251410949906,3000,,
A_synthetic,synthetic,within=2.0,2,rung3_cell,rung1_global,rung1_global,30,0.0027512327562084346,0,0.0027512327562084346,0,0.18592573802466064,0.0,0.0027512327562084346,0.18317450526845225,0.0037112025689356076,0.18221453545572508,0.0,0.18592573802466061,0.013697184977218672,0.172228553047442,0.03467591619058862,0.15124982183407198,3000,,
A_synthetic,synthetic,within=2.0,3,rung2_series,rung1_global,rung1_global,30,0.003206921936580024,0,0.003206921936580024,0,0.18341040207194384,0.0,0.003206921936580024,0.1802034801353638,0.0,0.1834104020719438,0.0018835695538921575,0.18152683251805168,0.010763672089406928,0.17264672998253694,0.039729249005306104,0.14368115306663776,3000,,
A_synthetic,synthetic,within=2.0,4,rung3_cell,rung3_cell,rung1_global,30,0.0,1,0.0057004412711361314,0,0.1748703052305407,0.0,0.0057004412711361314,0.1691698639594046,0.008323599840429897,0.16654670539011085,0.0,0.1748703052305407,0.01834140022884919,0.15652890500169148,0.04701309068706846,0.1278572145434722,3000,,
A_synthetic,synthetic,n_val=300,0,rung1_global,rung1_global,rung0_none,3,0.0,1,0.15855454203369312,0,0.15855454203369312,0.0,0.0,0.15855454203369312,0.019732000424892315,0.1388225416088008,0.019732000424892315,0.1388225416088008,0.039137315613379645,0.1194172264203135,0.07747252268583445,0.08108201934785864,300,,
A_synthetic,synthetic,n_val=300,1,rung1_global,rung1_global,rung0_none,3,0.0,1,0.17947673302183376,0,0.17947673302183376,0.0,0.0,0.17947673302183376,0.001477877547509751,0.17799885547432404,0.001477877547509751,0.17799885547432404,0.04533062568017736,0.13414610734165644,0.0807950592230017,0.09868167379883208,300,,
A_synthetic,synthetic,n_val=300,2,rung1_global,rung1_global,rung0_none,3,0.0,1,0.18934291505656287,0,0.18934291505656287,0.0,0.0,0.18934291505656287,0.009122564126674526,0.1802203509298883,0.009122564126674526,0.1802203509298883,0.03871893105545635,0.15062398400110655,0.06907515745567892,0.12026775760088393,300,,
A_synthetic,synthetic,n_val=300,3,rung1_global,rung1_global,rung0_none,3,0.0,1,0.16867665305117277,0,0.16867665305117277,0.0,0.0,0.16867665305117274,0.007648371159144787,0.161028281892028,0.007648371159144787,0.161028281892028,0.036958167966726074,0.13171848508444672,0.052835668836204615,0.11584098421496813,300,,
A_synthetic,synthetic,n_val=300,4,rung1_global,rung1_global,rung0_none,3,0.0,1,0.1705167059619053,0,0.1705167059619053,0.0,0.0,0.17051670596190527,0.0022699591415011595,0.16824674682040408,0.0022699591415011595,0.16824674682040408,0.04832915222835369,0.12218755373355161,0.0888795165994677,0.08163718936243758,300,,
A_synthetic,synthetic,n_val=600,0,rung1_global,rung1_global,rung1_global,6,0.0,1,0.0,1,0.17533326507091002,0.0,0.0,0.17533326507090996,0.004294992271390018,0.17103827279952,0.004294992271390018,0.17103827279952,0.023228648305659783,0.15210461676525022,0.06317105721447724,0.11216220785643272,600,,
A_synthetic,synthetic,n_val=600,1,rung1_global,rung1_global,rung1_global,6,0.0,1,0.0,1,0.176647795365283,0.0,0.0,0.17664779536528297,0.0037081287006985003,0.1729396666645845,0.0037081287006985003,0.1729396666645845,0.02178197058324598,0.15486582478203703,0.06435159015347271,0.11229620521181027,600,,
A_synthetic,synthetic,n_val=600,2,rung1_global,rung1_global,rung1_global,6,0.0,1,0.0,1,0.19968991947322742,0.0,0.0,0.19968991947322745,0.01142077275337069,0.18826914671985673,0.01142077275337069,0.18826914671985673,0.03438500516920971,0.16530491430401772,0.06985185472520375,0.12983806474802373,600,,
A_synthetic,synthetic,n_val=600,3,rung1_global,rung4_shrunk,rung1_global,6,0.035689517726181036,0,0.0,1,0.1795400855132394,0.0,0.0,0.1795400855132394,0.011803076302353312,0.16773700921088608,0.011803076302353312,0.16773700921088608,0.035689517726181036,0.1438505677870584,0.07078618875929117,0.1087538967539482,600,,
A_synthetic,synthetic,n_val=600,4,rung1_global,rung1_global,rung1_global,6,0.0,1,0.0,1,0.1811904548556115,0.0,0.0,0.18119045485561147,0.009076921513899387,0.1721135333417121,0.009076921513899387,0.1721135333417121,0.03299625581117804,0.14819419904443343,0.06814004876491732,0.11305040609069417,600,,
A_synthetic,synthetic,n_val=1500,0,rung2_series,rung1_global,rung1_global,15,0.00012263035897401562,0,0.00012263035897401562,0,0.17005995103581112,0.0,0.00012263035897401562,0.1699373206768371,0.0,0.17005995103581106,0.010480927556830553,0.15957902347898056,0.01227178216116269,0.15778816887464842,0.050136413915215054,0.11992353712059611,1500,,
A_synthetic,synthetic,n_val=1500,1,rung1_global,rung1_global,rung1_global,15,0.0,1,0.0,1,0.17654380944415832,0.0,0.0,0.17654380944415826,0.004127355715668252,0.17241645372849002,0.003365275361733544,0.17317853408242478,0.020416773325445253,0.15612703611871304,0.05608695480532358,0.12045685463883471,1500,,
A_synthetic,synthetic,n_val=1500,2,rung1_global,rung1_global,rung1_global,15,0.0,1,0.0,1,0.19313842544679613,0.0,0.0,0.19313842544679616,0.007454532579963466,0.18568389286683262,0.00900101201723357,0.18413741342956258,0.024542860974411936,0.16859556447238422,0.052624827303405515,0.1405135981433906,1500,,
A_synthetic,synthetic,n_val=1500,3,rung1_global,rung1_global,rung1_global,15,0.0,1,0.0,1,0.19089901840392356,0.0,0.0,0.19089901840392354,0.0029110993107643803,0.18798791909315915,0.003831247307824322,0.18706777109609918,0.018750041736592938,0.17214897666733064,0.04541029777008353,0.14548872063384,1500,,
A_synthetic,synthetic,n_val=1500,4,rung3_cell,rung1_global,rung1_global,15,0.0073795081793546526,0,0.0073795081793546526,0,0.18835071304829626,0.0,0.0073795081793546526,0.18097120486894158,0.008140355796917973,0.18021035725137824,0.0,0.1883507130482962,0.024446067416135336,0.1639046456321609,0.05507507482890161,0.1332756382193947,1500,,
A_synthetic,synthetic,n_val=3000,0,rung3_cell,rung1_global,rung1_global,30,0.006147976069879138,0,0.006147976069879138,0,0.18348777027476407,0.0,0.006147976069879138,0.17733979420488488,0.0027645648328469756,0.1807232054419171,0.0,0.18348777027476404,0.01363213380919759,0.16985563646556645,0.03987369720974877,0.14361407306501528,3000,,
A_synthetic,synthetic,n_val=3000,1,rung1_global,rung3_cell,rung1_global,30,0.0016824475470474155,0,0.0,1,0.171827368546106,0.0,0.0,0.17182736854610603,0.0011512781979754075,0.17067609034813058,0.0016824475470474155,0.17014492099905854,0.010011367662944224,0.16181600088316173,0.03358601034028458,0.1382413582058214,3000,,
A_synthetic,synthetic,n_val=3000,2,rung3_cell,rung2_series,rung1_global,30,0.00651099760354386,0,0.004922954069401335,0,0.19901027969146332,0.0,0.004922954069401335,0.194087325622062,0.00651099760354386,0.19249928208791944,0.0,0.19901027969146334,0.011691623203194303,0.18731865648826906,0.03475193084280602,0.1642583488486573,3000,,
A_synthetic,synthetic,n_val=3000,3,rung3_cell,rung1_global,rung1_global,30,0.010622839499179335,0,0.010622839499179335,0,0.19745661868893258,0.0,0.010622839499179335,0.1868337791897533,0.005925955487207026,0.19153066320172552,0.0,0.1974566186889326,0.01635555225515955,0.181101066433773,0.04711403084282016,0.15034258784611243,3000,,
A_synthetic,synthetic,n_val=3000,4,rung3_cell,rung3_cell,rung1_global,30,0.0,1,0.007344972535481702,0,0.1877579824242353,0.0,0.007344972535481702,0.18041300988875364,0.008904292063413932,0.17885369036082133,0.0,0.18775798242423536,0.0136474490104107,0.17411053341382465,0.03688233961838583,0.15087564280584942,3000,,
A_synthetic,synthetic,n_val=8000,0,rung3_cell,rung3_cell,rung1_global,80,0.0,1,0.010318558731887011,0,0.18562979952207434,0.0,0.010318558731887011,0.17531124079018734,0.0058926376440689,0.17973716187800548,0.0,0.18562979952207437,0.009201689709282621,0.17642810981279178,0.025421559376960123,0.16020824014511426,8000,,
A_synthetic,synthetic,n_val=8000,1,rung3_cell,rung3_cell,rung3_cell,80,0.0,1,0.0,1,0.1943199148027657,0.0,0.009598083743397063,0.18472183105936868,0.006305141641457815,0.18801477316130788,0.0,0.19431991480276567,0.007381650918681149,0.18693826388408452,0.020601847719958055,0.17371806708280768,8000,,
A_synthetic,synthetic,n_val=8000,2,rung3_cell,rung3_cell,rung3_cell,80,0.0,1,0.0,1,0.1947665059595476,0.0,0.005601752470672735,0.18916475348887485,0.004150951059681544,0.19061555489986604,0.0,0.1947665059595476,0.007086622767047861,0.18767988319249973,0.020166590323306987,0.17459991563624055,8000,,
A_synthetic,synthetic,n_val=8000,3,rung3_cell,rung3_cell,rung3_cell,80,0.0,1,0.0,1,0.19898947777030618,0.0,0.016562611962288747,0.18242686580801748,0.012465767647210916,0.18652371012309532,0.0,0.19898947777030618,0.014034518453920885,0.18495495931638528,0.028080628929057914,0.17090884884124824,8000,,
A_synthetic,synthetic,n_val=8000,4,rung3_cell,rung3_cell,rung3_cell,80,0.0,1,0.0,1,0.1846124109863993,0.0,0.011485125779593897,0.17312728520680543,0.009786640845132165,0.1748257701412671,0.0,0.18461241098639936,0.012237465374215299,0.17237494561218403,0.02609347758760332,0.15851893339879597,8000,,
A_synthetic,synthetic,n_val=20000,0,rung3_cell,rung4_shrunk,rung3_cell,200,0.005082419892000248,0,0.0,1,0.1789305455102951,0.0,0.010364699890037661,0.16856584562025745,0.006333300801981503,0.1725972447083136,0.0,0.17893054551029508,0.005082419892000248,0.17384812561829488,0.004124393405740633,0.17480615210455452,20000,,
A_synthetic,synthetic,n_val=20000,1,rung3_cell,rung3_cell,rung3_cell,200,0.0,1,0.0,1,0.1845684799003389,0.0,0.013110164586534924,0.17145831531380396,0.00868874313393296,0.1758797367664059,0.0,0.18456847990033887,0.005387812463613637,0.17918066743672523,0.007593576821006036,0.17697490307933283,20000,,
A_synthetic,synthetic,n_val=20000,2,rung3_cell,rung3_cell,rung3_cell,200,0.0,1,0.0,1,0.20502769019129827,0.0,0.009925797012415942,0.19510189317888238,0.008541475539037538,0.19648621465226068,0.0,0.2050276901912983,0.004227586587334051,0.20080010360396416,0.006176399734814251,0.19885129045648398,20000,,
A_synthetic,synthetic,n_val=20000,3,rung3_cell,rung3_cell,rung3_cell,200,0.0,1,0.0,1,0.20218089460313118,0.0,0.020479479624524073,0.18170141497860715,0.014937462794591705,0.18724343180853942,0.0,0.20218089460313116,0.009829920292860388,0.19235097431027082,0.010620357336899653,0.19156053726623157,20000,,
A_synthetic,synthetic,n_val=20000,4,rung3_cell,rung3_cell,rung3_cell,200,0.0,1,0.0,1,0.19384756348253693,0.0,0.01631184003084438,0.17753572345169255,0.013884020623965225,0.17996354285857175,0.0,0.19384756348253696,0.01108180493661573,0.18276575854592125,0.010895894403649103,0.18295166907888782,20000,,
A_synthetic,synthetic,snr=0.02,0,rung1_global,rung0_none,rung0_none,30,0.004069744183820625,0,0.004069744183820625,0,0.004069744183820625,0.0,0.0,0.004069744183820667,0.0022791523011400088,0.0017905918826806033,0.004952284420360692,-0.000882540236539997,0.0080683453750241,-0.0039986011912034325,0.024845413368109744,-0.02077566918428908,3000,,
A_synthetic,synthetic,snr=0.02,1,rung1_global,rung1_global,rung0_none,30,0.0,1,0.0022781113712515865,0,0.0022781113712515865,0.0,0.0,0.0022781113712515566,0.0032291642731912076,-0.0009510529019396419,0.007465936403409501,-0.005187825032157978,0.010249249699698544,-0.00797113832844687,0.024945057948759394,-0.022666946577507785,3000,,
A_synthetic,synthetic,snr=0.02,2,rung1_global,rung1_global,rung0_none,30,0.0,1,0.00514026161874305,0,0.00514026161874305,0.0,0.0,0.005140261618743036,0.0025985634451672047,0.002541698173575857,0.0065094816719217016,-0.0013692200531787435,0.009510365344424329,-0.004370103725681362,0.02036602051169724,-0.015225758892954078,3000,,
A_synthetic,synthetic,snr=0.02,3,rung1_global,rung1_global,rung1_global,30,0.0,1,0.0,1,0.0040040471540228485,0.0,0.0,0.004004047154022805,0.0005288867818674396,0.0034751603721554503,0.004833752531666629,-0.000829705377643819,0.0073103385419203476,-0.0033062913878973976,0.02368943906468918,-0.019685391910666317,3000,,
A_synthetic,synthetic,snr=0.02,4,rung1_global,rung1_global,rung1_global,30,0.0,1,0.0,1,0.005700363705238515,0.0,0.0,0.00570036370523852,0.0036429508401591517,0.002057412865079322,0.005790316502346757,-8.995279710832804e-05,0.00821824551874728,-0.00251788181350876,0.01943334032873224,-0.013732976623493709,3000,,
A_synthetic,synthetic,snr=0.1,0,rung1_global,rung1_global,rung1_global,30,0.0,1,0.0,1,0.05262903622862581,0.0,0.0,0.0526290362286258,0.0008076077940268017,0.051821428434599026,0.006295696650268883,0.04633333957835695,0.01171089168745355,0.04091814454117226,0.03186530133808683,0.020763734890538954,3000,,
A_synthetic,synthetic,snr=0.1,1,rung1_global,rung1_global,rung1_global,30,0.0,1,0.0,1,0.04558223820453087,0.0,0.0,0.04558223820453089,0.0022734022838365366,0.043308835920694344,0.00954594343785831,0.03603629476667258,0.014403954193376435,0.03117828401115441,0.028917077628480982,0.01666516057604983,3000,,
A_synthetic,synthetic,snr=0.1,2,rung1_global,rung1_global,rung1_global,30,0.0,1,0.0,1,0.058287403152662724,0.0,0.0,0.058287403152662676,0.003664025411942152,0.05462337774072057,0.005548195123706729,0.05273920802895604,0.009513326312978555,0.048774076839684155,0.024319749491764884,0.03396765366089782,3000,,
A_synthetic,synthetic,snr=0.1,3,rung2_series,rung1_global,rung1_global,30,0.0009705123929962244,0,0.0009705123929962244,0,0.0570691049167589,0.0,0.0009705123929962244,0.0560985925237627,0.0,0.05706910491675887,0.004688827901429106,0.05238027701532977,0.009871594407292607,0.0471975105094663,0.029972234838069805,0.027096870078689106,3000,,
A_synthetic,synthetic,snr=0.1,4,rung1_global,rung1_global,rung1_global,30,0.0,1,0.0,1,0.055397663848716104,0.0,0.0,0.05539766384871614,0.00407303610330344,0.05132462774541269,0.004857009275055242,0.05054065457366086,0.014256212067073747,0.04114145178164241,0.028403710365591757,0.02699395348312439,3000,,
A_synthetic,synthetic,snr=0.3,0,rung3_cell,rung1_global,rung1_global,30,0.006147976069879138,0,0.006147976069879138,0,0.18348777027476407,0.0,0.006147976069879138,0.17733979420488488,0.0027645648328469756,0.1807232054419171,0.0,0.18348777027476404,0.01363213380919759,0.16985563646556645,0.03987369720974877,0.14361407306501528,3000,,
A_synthetic,synthetic,snr=0.3,1,rung1_global,rung3_cell,rung1_global,30,0.0016824475470474155,0,0.0,1,0.171827368546106,0.0,0.0,0.17182736854610603,0.0011512781979754075,0.17067609034813058,0.0016824475470474155,0.17014492099905854,0.010011367662944224,0.16181600088316173,0.03358601034028458,0.1382413582058214,3000,,
A_synthetic,synthetic,snr=0.3,2,rung3_cell,rung2_series,rung1_global,30,0.00651099760354386,0,0.004922954069401335,0,0.19901027969146332,0.0,0.004922954069401335,0.194087325622062,0.00651099760354386,0.19249928208791944,0.0,0.19901027969146334,0.011691623203194303,0.18731865648826906,0.03475193084280602,0.1642583488486573,3000,,
A_synthetic,synthetic,snr=0.3,3,rung3_cell,rung1_global,rung1_global,30,0.010622839499179335,0,0.010622839499179335,0,0.19745661868893258,0.0,0.010622839499179335,0.1868337791897533,0.005925955487207026,0.19153066320172552,0.0,0.1974566186889326,0.01635555225515955,0.181101066433773,0.04711403084282016,0.15034258784611243,3000,,
A_synthetic,synthetic,snr=0.3,4,rung3_cell,rung3_cell,rung1_global,30,0.0,1,0.007344972535481702,0,0.1877579824242353,0.0,0.007344972535481702,0.18041300988875364,0.008904292063413932,0.17885369036082133,0.0,0.18775798242423536,0.0136474490104107,0.17411053341382465,0.03688233961838583,0.15087564280584942,3000,,
A_synthetic,synthetic,snr=1.0,0,rung3_cell,rung3_cell,rung3_cell,30,0.0,1,0.0,1,0.4627472205071061,0.0,0.02266425062982414,0.4400829698772819,0.013984104980729654,0.4487631155263764,0.0,0.46274722050710604,0.02379289656124391,0.4389543239458622,0.04881502596688522,0.4139321945402209,3000,,
A_synthetic,synthetic,snr=1.0,1,rung3_cell,rung3_cell,rung3_cell,30,0.0,1,0.0,1,0.455835747095933,0.0,0.023966719910061114,0.43186902718587195,0.019393936766943454,0.43644181032898954,0.0,0.455835747095933,0.0218700418472876,0.4339657052486454,0.04078399881643717,0.41505174827949587,3000,,
A_synthetic,synthetic,snr=1.0,2,rung3_cell,rung3_cell,rung3_cell,30,0.0,1,0.0,1,0.48304079600956146,0.0,0.0241677524845602,0.45887304352500125,0.02189805996235595,0.46114273604720557,0.0,0.4830407960095615,0.027043149443437855,0.4559976465661236,0.05075924718273143,0.43228154882683,3000,,
A_synthetic,synthetic,snr=1.0,3,rung3_cell,rung3_cell,rung1_global,30,0.0,1,0.033477162208047376,0,0.4819316556684373,0.0,0.033477162208047376,0.4484544934603899,0.023243899160538636,0.4586877565078987,0.0,0.4819316556684373,0.03279032838672587,0.4491413272817114,0.058581330109903115,0.42335032555853425,3000,,
A_synthetic,synthetic,snr=1.0,4,rung3_cell,rung3_cell,rung3_cell,30,0.0,1,0.0,1,0.4681659368392659,0.0,0.036383866382861736,0.43178207045640415,0.03334687054833491,0.4348190662909309,0.0,0.4681659368392659,0.0393588345142694,0.4288071023249965,0.054511380134811695,0.41365455670445417,3000,,
A_synthetic,synthetic,snr=3.0,0,rung3_cell,rung3_cell,rung3_cell,30,0.0,1,0.0,1,0.7255126348469542,0.0,0.032657608892577836,0.6928550259543763,0.022500769126956338,0.7030118657199977,0.0,0.725512634846954,0.02700192168268454,0.6985107131642696,0.03869346677911562,0.6868191680678385,3000,,
A_synthetic,synthetic,snr=3.0,1,rung3_cell,rung3_cell,rung3_cell,30,0.0,1,0.0,1,0.7234998136524593,0.0,0.04435432431473047,0.6791454893377289,0.035290507869469225,0.6882093057829901,0.0,0.7234998136524593,0.027608056155428166,0.6958917574970311,0.03206297744127244,0.6914368362111869,3000,,
A_synthetic,synthetic,snr=3.0,2,rung3_cell,rung3_cell,rung3_cell,30,0.0,1,0.0,1,0.7409787599960211,0.0,0.03549533366736546,0.7054834263286558,0.030574748969733587,0.7104040110262877,0.0,0.7409787599960213,0.029766862798395362,0.7112118971976259,0.03442996115976505,0.7065487988362562,3000,,
A_synthetic,synthetic,snr=3.0,3,rung3_cell,rung3_cell,rung3_cell,30,0.0,1,0.0,1,0.7378427540488672,0.0,0.04894716229519774,0.6888955917536694,0.03689143814225195,0.7009513159066152,0.0,0.7378427540488672,0.040413363358735827,0.6974293906901313,0.044434154721297865,0.6934085993275694,3000,,
A_synthetic,synthetic,snr=3.0,4,rung3_cell,rung3_cell,rung3_cell,30,0.0,1,0.0,1,0.7287743002684843,0.0,0.061055372644311795,0.6677189276241726,0.0545982521738345,0.6741760480946498,0.0,0.7287743002684843,0.05097595970121904,0.6777983405672653,0.051966937360035034,0.6768073629084492,3000,,
A_synthetic,synthetic,phi=0.0,0,rung3_cell,rung1_global,rung1_global,30,0.006147976069879138,0,0.006147976069879138,0,0.18348777027476407,0.0,0.006147976069879138,0.17733979420488488,0.0027645648328469756,0.1807232054419171,0.0,0.18348777027476404,0.01363213380919759,0.16985563646556645,0.03987369720974877,0.14361407306501528,3000,,
A_synthetic,synthetic,phi=0.0,1,rung1_global,rung3_cell,rung1_global,30,0.0016824475470474155,0,0.0,1,0.171827368546106,0.0,0.0,0.17182736854610603,0.0011512781979754075,0.17067609034813058,0.0016824475470474155,0.17014492099905854,0.010011367662944224,0.16181600088316173,0.03358601034028458,0.1382413582058214,3000,,
A_synthetic,synthetic,phi=0.0,2,rung3_cell,rung2_series,rung1_global,30,0.00651099760354386,0,0.004922954069401335,0,0.19901027969146332,0.0,0.004922954069401335,0.194087325622062,0.00651099760354386,0.19249928208791944,0.0,0.19901027969146334,0.011691623203194303,0.18731865648826906,0.03475193084280602,0.1642583488486573,3000,,
A_synthetic,synthetic,phi=0.0,3,rung3_cell,rung1_global,rung1_global,30,0.010622839499179335,0,0.010622839499179335,0,0.19745661868893258,0.0,0.010622839499179335,0.1868337791897533,0.005925955487207026,0.19153066320172552,0.0,0.1974566186889326,0.01635555225515955,0.181101066433773,0.04711403084282016,0.15034258784611243,3000,,
A_synthetic,synthetic,phi=0.0,4,rung3_cell,rung3_cell,rung1_global,30,0.0,1,0.007344972535481702,0,0.1877579824242353,0.0,0.007344972535481702,0.18041300988875364,0.008904292063413932,0.17885369036082133,0.0,0.18775798242423536,0.0136474490104107,0.17411053341382465,0.03688233961838583,0.15087564280584942,3000,,
A_synthetic,synthetic,phi=0.5,0,rung2_series,rung3_cell,rung1_global,30,0.0009617406292026459,0,0.00403233888328092,0,0.18434434677728467,0.0,0.00403233888328092,0.1803120078940037,0.0,0.18434434677728473,0.0009617406292026459,0.183382606148082,0.009614516450540966,0.17472983032674372,0.03853891910352988,0.14580542767375482,3000,,
A_synthetic,synthetic,phi=0.5,1,rung3_cell,rung2_series,rung1_global,30,0.0005389434360420084,0,0.0004789687373252713,0,0.1738368613780954,0.0,0.0004789687373252713,0.17335789264077017,0.0005389434360420084,0.1732979179420534,0.0,0.1738368613780954,0.009894865269732609,0.1639419961083628,0.03946630794766232,0.13437055343043314,3000,,
A_synthetic,synthetic,phi=0.5,2,rung3_cell,rung3_cell,rung1_global,30,0.0,1,0.003970620739012114,0,0.19299884883557833,0.0,0.003970620739012114,0.18902822809656616,0.00396340474953201,0.18903544408604633,0.0,0.19299884883557827,0.014053602772288601,0.17894524606328976,0.04270704696558382,0.15029180186999447,3000,,
A_synthetic,synthetic,phi=0.5,3,rung3_cell,rung1_global,rung1_global,30,0.009519075183509404,0,0.009519075183509404,0,0.19201856856480046,0.0,0.009519075183509404,0.182499493381291,0.0063585560693410585,0.18566001249545938,0.0,0.19201856856480048,0.015421447636689203,0.1765971209281113,0.041281936739561854,0.15073663182523866,3000,,
A_synthetic,synthetic,phi=0.5,4,rung3_cell,rung3_cell,rung3_cell,30,0.0,1,0.0,1,0.18261719682221944,0.0,0.006998782033434255,0.17561841478878515,0.008250768628523435,0.17436642819369597,0.0,0.18261719682221944,0.01469747350721159,0.16791972331500782,0.0408734860006167,0.14174371082160275,3000,,
A_synthetic,synthetic,phi=0.9,0,rung2_series,rung3_cell,rung3_cell,30,0.0028398233115909735,0,0.0028398233115909735,0,0.17704959570070883,0.0,0.005005174634883301,0.17204442106582551,0.0,0.17704959570070877,0.0028398233115909735,0.17420977238911783,0.010461970475297174,0.1665876252254116,0.03521545141704096,0.1418341442836678,3000,,
A_synthetic,synthetic,phi=0.9,1,rung3_cell,rung1_global,rung1_global,30,0.004821230731765715,0,0.004821230731765715,0,0.17304851865420737,0.0,0.004821230731765715,0.16822728792244168,0.0034033383293855424,0.1696451803248218,0.0,0.17304851865420734,0.009580957140446749,0.16346756151376063,0.0345189852265814,0.13852953342762597,3000,,
A_synthetic,synthetic,phi=0.9,2,rung3_cell,rung1_global,rung1_global,30,0.0010225287441244981,0,0.0010225287441244981,0,0.187804275006657,0.0,0.0010225287441244981,0.18678174626253252,0.0001280221355404218,0.18767625287111656,0.0,0.18780427500665697,0.007103930570633175,0.18070034443602379,0.03708976999089164,0.15071450501576533,3000,,
A_synthetic,synthetic,phi=0.9,3,rung3_cell,rung3_cell,rung1_global,30,0.0,1,0.00512134893374052,0,0.1860784792621608,0.0,0.00512134893374052,0.1809571303284203,0.0033017177464503772,0.18277676151571043,0.0,0.1860784792621608,0.01369165044396069,0.1723868288182001,0.0399754433262997,0.14610303593586105,3000,,
A_synthetic,synthetic,phi=0.9,4,rung3_cell,rung3_cell,rung1_global,30,0.0,1,0.005360080517073302,0,0.18085379731050785,0.0,0.005360080517073302,0.1754937167934345,0.007430507526155819,0.17342328978435206,0.0,0.18085379731050788,0.018959062392944957,0.1618947349175629,0.04483217817224069,0.13602161913826716,3000,,
A_synthetic,synthetic,mis=0,0,rung3_cell,rung1_global,rung1_global,30,0.006147976069879138,0,0.006147976069879138,0,0.18348777027476407,0.0,0.006147976069879138,0.17733979420488488,0.0027645648328469756,0.1807232054419171,0.0,0.18348777027476404,0.01363213380919759,0.16985563646556645,0.03987369720974877,0.14361407306501528,3000,,
A_synthetic,synthetic,mis=0,1,rung1_global,rung3_cell,rung1_global,30,0.0016824475470474155,0,0.0,1,0.171827368546106,0.0,0.0,0.17182736854610603,0.0011512781979754075,0.17067609034813058,0.0016824475470474155,0.17014492099905854,0.010011367662944224,0.16181600088316173,0.03358601034028458,0.1382413582058214,3000,,
A_synthetic,synthetic,mis=0,2,rung3_cell,rung2_series,rung1_global,30,0.00651099760354386,0,0.004922954069401335,0,0.19901027969146332,0.0,0.004922954069401335,0.194087325622062,0.00651099760354386,0.19249928208791944,0.0,0.19901027969146334,0.011691623203194303,0.18731865648826906,0.03475193084280602,0.1642583488486573,3000,,
A_synthetic,synthetic,mis=0,3,rung3_cell,rung1_global,rung1_global,30,0.010622839499179335,0,0.010622839499179335,0,0.19745661868893258,0.0,0.010622839499179335,0.1868337791897533,0.005925955487207026,0.19153066320172552,0.0,0.1974566186889326,0.01635555225515955,0.181101066433773,0.04711403084282016,0.15034258784611243,3000,,
A_synthetic,synthetic,mis=0,4,rung3_cell,rung3_cell,rung1_global,30,0.0,1,0.007344972535481702,0,0.1877579824242353,0.0,0.007344972535481702,0.18041300988875364,0.008904292063413932,0.17885369036082133,0.0,0.18775798242423536,0.0136474490104107,0.17411053341382465,0.03688233961838583,0.15087564280584942,3000,,
A_synthetic,synthetic,mis=2,0,rung3_cell,rung1_global,rung1_global,30,0.005124169398700776,0,0.005124169398700776,0,0.17482055042817232,0.0,0.005124169398700776,0.1696963810294716,0.0020662664697000594,0.17275428395847225,0.0,0.17482055042817235,0.014349124947337472,0.16047142548083482,0.04419388846462868,0.13062666196354367,3000,,
A_synthetic,synthetic,mis=2,1,rung1_global,rung2_series,rung1_global,30,0.002762180478287567,0,0.0,1,0.12061277366142259,0.0,0.0,0.12061277366142265,0.002762180478287567,0.11785059318313507,0.005085352868186723,0.11552742079323586,0.008688435901860796,0.11192433775956179,0.030458692168505355,0.09015408149291726,3000,,
A_synthetic,synthetic,mis=2,2,rung3_cell,rung2_series,rung1_global,30,0.005899119470849663,0,0.0037410025833918142,0,0.1884509219329441,0.0,0.0037410025833918142,0.18470991934955228,0.005899119470849663,0.18255180246209446,0.0,0.1884509219329441,0.011110912232745893,0.17734000970019825,0.04314463241641191,0.14530628951653224,3000,,
A_synthetic,synthetic,mis=2,3,rung1_global,rung1_global,rung1_global,30,0.0,1,0.0,1,0.0014758026303585898,0.0,0.0,0.0014758026303586247,0.002264711992221276,-0.0007889093618627108,0.006380027436993142,-0.0049042248066346605,0.009420727797645627,-0.007944925167286954,0.02157065423499223,-0.020094851604633535,3000,,
A_synthetic,synthetic,mis=2,4,rung3_cell,rung3_cell,rung1_global,30,0.0,1,0.008434556732786086,0,0.1786859416904444,0.0,0.008434556732786086,0.17025138495765835,0.009210687261027653,0.1694752544294168,0.0,0.17868594169044438,0.012347860988044657,0.16633808070239975,0.03191727240836386,0.14676866928208054,3000,,
A_synthetic,synthetic,mis=4,0,rung1_global,rung1_global,rung1_global,30,0.0,1,0.0,1,0.04827618315393685,0.0,0.0,0.04827618315393689,0.0018465480620113663,0.046429635091925436,0.0014290627977211943,0.04684712035621563,0.009344940840285157,0.03893124231365164,0.021281278501781256,0.026994904652155594,3000,,
A_synthetic,synthetic,mis=4,1,rung1_global,rung1_global,rung1_global,30,0.0,1,0.0,1,0.021975789388964807,0.0,0.0,0.021975789388964828,0.0028697253802260347,0.01910606400873882,0.011081725743691076,0.010894063645273677,0.008132096764579832,0.013843692624385007,0.0246036308204903,-0.0026278414315255016,3000,,
A_synthetic,synthetic,mis=4,2,rung1_global,rung2_series,rung1_global,30,0.006716865425022787,0,0.0,1,0.04784469181235612,0.0,0.0,0.047844691812356066,0.006716865425022787,0.041127826387333366,0.012040647931571327,0.03580404388078484,0.0029790310079215784,0.04486566080443455,0.02208463226043838,0.025760059551917736,3000,,
A_synthetic,synthetic,mis=4,3,rung0_none,rung2_series,rung0_none,30,0.003222378493833967,0,0.0,1,0.0,0.0,0.000740107192864928,-0.0007401071928649916,0.003222378493833967,-0.0032223784938338884,0.010619571517351531,-0.0106195715173516,0.012928406547051543,-0.01292840654705163,0.026976568336792482,-0.026976568336792406,3000,,
A_synthetic,synthetic,mis=4,4,rung1_global,rung3_cell,rung1_global,30,0.0029283574767818323,0,0.0,1,0.062022365092287216,0.0,0.0,0.0620223650922872,0.002435395378295747,0.05958696971399147,0.0029283574767818323,0.05909400761550543,0.007264409304376298,0.05475795578791087,0.020755116890740083,0.041267248201547146,3000,,
A_synthetic,synthetic,drift=0.0,0,rung3_cell,rung1_global,rung1_global,30,0.006147976069879138,0,0.006147976069879138,0,0.18348777027476407,0.0,0.006147976069879138,0.17733979420488488,0.0027645648328469756,0.1807232054419171,0.0,0.18348777027476404,0.01363213380919759,0.16985563646556645,0.03987369720974877,0.14361407306501528,3000,,
A_synthetic,synthetic,drift=0.0,1,rung1_global,rung3_cell,rung1_global,30,0.0016824475470474155,0,0.0,1,0.171827368546106,0.0,0.0,0.17182736854610603,0.0011512781979754075,0.17067609034813058,0.0016824475470474155,0.17014492099905854,0.010011367662944224,0.16181600088316173,0.03358601034028458,0.1382413582058214,3000,,
A_synthetic,synthetic,drift=0.0,2,rung3_cell,rung2_series,rung1_global,30,0.00651099760354386,0,0.004922954069401335,0,0.19901027969146332,0.0,0.004922954069401335,0.194087325622062,0.00651099760354386,0.19249928208791944,0.0,0.19901027969146334,0.011691623203194303,0.18731865648826906,0.03475193084280602,0.1642583488486573,3000,,
A_synthetic,synthetic,drift=0.0,3,rung3_cell,rung1_global,rung1_global,30,0.010622839499179335,0,0.010622839499179335,0,0.19745661868893258,0.0,0.010622839499179335,0.1868337791897533,0.005925955487207026,0.19153066320172552,0.0,0.1974566186889326,0.01635555225515955,0.181101066433773,0.04711403084282016,0.15034258784611243,3000,,
A_synthetic,synthetic,drift=0.0,4,rung3_cell,rung3_cell,rung1_global,30,0.0,1,0.007344972535481702,0,0.1877579824242353,0.0,0.007344972535481702,0.18041300988875364,0.008904292063413932,0.17885369036082133,0.0,0.18775798242423536,0.0136474490104107,0.17411053341382465,0.03688233961838583,0.15087564280584942,3000,,
A_synthetic,synthetic,drift=0.5,0,rung3_cell,rung1_global,rung1_global,30,0.005985560242940848,0,0.005985560242940848,0,0.1747912750043095,0.0,0.005985560242940848,0.16880571476136863,0.0027156165698573958,0.17207565843445205,0.0,0.17479127500430947,0.00992401080791374,0.16486726419639575,0.03528457530638631,0.13950669969792318,3000,,
A_synthetic,synthetic,drift=0.5,1,rung1_global,rung3_cell,rung1_global,30,0.0010937165350217808,0,0.0,1,0.15533619862291037,0.0,0.0,0.15533619862291037,0.0009237612910658129,0.15441243733184462,0.0010937165350217808,0.1542424820878886,0.0066491145022434745,0.1486870841206669,0.03079960835833986,0.12453659026457053,3000,,
A_synthetic,synthetic,drift=0.5,2,rung3_cell,rung2_series,rung1_global,30,0.0065195413934105075,0,0.005325464306848703,0,0.19193578573478245,0.0,0.005325464306848703,0.18661032142793377,0.0065195413934105075,0.18541624434137194,0.0,0.19193578573478243,0.014956843547137872,0.17697894218764454,0.0367615020723693,0.15517428366241315,3000,,
A_synthetic,synthetic,drift=0.5,3,rung3_cell,rung1_global,rung1_global,30,0.010206459173934255,0,0.010206459173934255,0,0.18177817507855903,0.0,0.010206459173934255,0.17157171590462472,0.0055271957214225505,0.17625097935713652,0.0,0.18177817507855898,0.013420617052529931,0.16835755802602914,0.04758267526751516,0.13419549981104384,3000,,
A_synthetic,synthetic,drift=0.5,4,rung3_cell,rung3_cell,rung1_global,30,0.0,1,0.006399622893359046,0,0.175069743174928,0.0,0.006399622893359046,0.1686701202815689,0.008204327368934611,0.16686541580599334,0.0,0.17506974317492796,0.016097610175813175,0.15897213299911483,0.04139985599894499,0.13366988717598305,3000,,
A_synthetic,synthetic,drift=2.0,0,rung3_cell,rung1_global,rung1_global,30,0.0034792745164848827,0,0.0034792745164848827,0,0.09580161325675596,0.0,0.0034792745164848827,0.09232233874027107,0.0016148250379164433,0.09418678821883952,0.0,0.09580161325675596,0.000723158265787447,0.09507845499096856,0.01518174792027384,0.08061986533648213,3000,,
A_synthetic,synthetic,drift=2.0,1,rung4_shrunk,rung3_cell,rung1_global,30,0.0005851812817864011,0,0.0007626471403692485,0,0.07343899272611876,0.0,0.0007626471403692485,0.07267634558574954,0.0010060819963958008,0.07243291072972291,0.0005851812817864011,0.07285381144433234,0.0,0.07343899272611876,0.01587762966715821,0.057561363058960535,3000,,
A_synthetic,synthetic,drift=2.0,2,rung3_cell,rung2_series,rung1_global,30,0.004067704278402527,0,0.003915627623210405,0,0.10877113394345035,0.0,0.003915627623210405,0.10485550632023999,0.004067704278402527,0.10470342966504786,0.0,0.1087711339434504,0.014197429720795535,0.09457370422265476,0.02587672952151218,0.08289440442193818,3000,,
A_synthetic,synthetic,drift=2.0,3,rung3_cell,rung1_global,rung1_global,30,0.005773296944907849,0,0.005773296944907849,0,0.09049004380595799,0.0,0.005773296944907849,0.08471674686105013,0.0028678338366911658,0.08762220996926684,0.0,0.09049004380595793,0.004027862211303725,0.08646218159465424,0.03051214239770676,0.05997790140825121,3000,,
A_synthetic,synthetic,drift=2.0,4,rung3_cell,rung3_cell,rung1_global,30,0.0,1,0.0025859067140651094,0,0.09032229753426407,0.0,0.0025859067140651094,0.08773639082019902,0.004076184425894937,0.08624611310836916,0.0,0.09032229753426413,0.013681518063059674,0.0766407794712044,0.032534523089057965,0.05778777444520611,3000,,
A_synthetic,synthetic,"n_series=4,n_regimes=2",0,rung3_cell,rung3_cell,rung3_cell,30,0.0,1,0.0,1,0.17559736283628216,0.0,0.007023379099968648,0.1685739837363135,0.007545042579796286,0.16805232025648587,0.0,0.17559736283628213,0.017728714961207315,0.15786864787507482,0.037112796804380906,0.1384845660319013,3000,,
A_synthetic,synthetic,"n_series=4,n_regimes=2",1,rung3_cell,rung3_cell,rung1_global,30,0.0,1,0.0024814874572718576,0,0.2096360694576214,0.0,0.0024814874572718576,0.20715458200034953,0.0016019809735455892,0.20803408848407579,0.0,0.20963606945762137,0.009378559016042344,0.20025751044157902,0.03939198776775548,0.17024408168986593,3000,,
A_synthetic,synthetic,"n_series=4,n_regimes=2",2,rung3_cell,rung1_global,rung1_global,30,0.0057758147309178815,0,0.0057758147309178815,0,0.21202737164102697,0.0,0.0057758147309178815,0.2062515569101091,0.004989638804096321,0.2070377328369306,0.0,0.21202737164102703,0.01200001823224178,0.2000273534087852,0.03694394870128066,0.17508342293974632,3000,,
A_synthetic,synthetic,"n_series=4,n_regimes=2",3,rung3_cell,rung3_cell,rung1_global,30,0.0,1,0.01642505818371604,0,0.2161134192992834,0.0,0.01642505818371604,0.19968836111556731,0.0055912437359907224,0.21052217556329267,0.0,0.2161134192992834,0.0154989874303572,0.20061443186892625,0.04492621191250241,0.17118720738678095,3000,,
A_synthetic,synthetic,"n_series=4,n_regimes=2",4,rung3_cell,rung1_global,rung1_global,30,0.0038051327193172205,0,0.0038051327193172205,0,0.2016317380970895,0.0,0.0038051327193172205,0.1978266053777723,0.001996805914094578,0.19963493218299488,0.0,0.20163173809708945,0.015194889176888932,0.18643684892020063,0.04087947231976,0.16075226577732948,3000,,
A_synthetic,synthetic,"n_series=12,n_regimes=3",0,rung3_cell,rung1_global,rung1_global,30,0.006147976069879138,0,0.006147976069879138,0,0.18348777027476407,0.0,0.006147976069879138,0.17733979420488488,0.0027645648328469756,0.1807232054419171,0.0,0.18348777027476404,0.01363213380919759,0.16985563646556645,0.03987369720974877,0.14361407306501528,3000,,
A_synthetic,synthetic,"n_series=12,n_regimes=3",1,rung1_global,rung3_cell,rung1_global,30,0.0016824475470474155,0,0.0,1,0.171827368546106,0.0,0.0,0.17182736854610603,0.0011512781979754075,0.17067609034813058,0.0016824475470474155,0.17014492099905854,0.010011367662944224,0.16181600088316173,0.03358601034028458,0.1382413582058214,3000,,
A_synthetic,synthetic,"n_series=12,n_regimes=3",2,rung3_cell,rung2_series,rung1_global,30,0.00651099760354386,0,0.004922954069401335,0,0.19901027969146332,0.0,0.004922954069401335,0.194087325622062,0.00651099760354386,0.19249928208791944,0.0,0.19901027969146334,0.011691623203194303,0.18731865648826906,0.03475193084280602,0.1642583488486573,3000,,
A_synthetic,synthetic,"n_series=12,n_regimes=3",3,rung3_cell,rung1_global,rung1_global,30,0.010622839499179335,0,0.010622839499179335,0,0.19745661868893258,0.0,0.010622839499179335,0.1868337791897533,0.005925955487207026,0.19153066320172552,0.0,0.1974566186889326,0.01635555225515955,0.181101066433773,0.04711403084282016,0.15034258784611243,3000,,
A_synthetic,synthetic,"n_series=12,n_regimes=3",4,rung3_cell,rung3_cell,rung1_global,30,0.0,1,0.007344972535481702,0,0.1877579824242353,0.0,0.007344972535481702,0.18041300988875364,0.008904292063413932,0.17885369036082133,0.0,0.18775798242423536,0.0136474490104107,0.17411053341382465,0.03688233961838583,0.15087564280584942,3000,,
A_synthetic,synthetic,"n_series=40,n_regimes=5",0,rung1_global,rung1_global,rung1_global,30,0.0,1,0.0,1,0.18653778545780147,0.0,0.0,0.18653778545780153,0.008662497761617151,0.17787528769618433,0.008662497761617151,0.17787528769618433,0.00894324732699807,0.1775945381308034,0.034688583389607675,0.15184920206819386,3000,,
A_synthetic,synthetic,"n_series=40,n_regimes=5",1,rung1_global,rung1_global,rung1_global,30,0.0,1,0.0,1,0.18293759240000362,0.0,0.0,0.18293759240000362,0.013490989245851695,0.16944660315415194,0.013490989245851695,0.16944660315415194,0.012181118907735843,0.17075647349226775,0.030288484323262727,0.15264910807674092,3000,,
A_synthetic,synthetic,"n_series=40,n_regimes=5",2,rung1_global,rung1_global,rung1_global,30,0.0,1,0.0,1,0.19105485253808435,0.0,0.0,0.1910548525380843,0.012017365670818332,0.17903748686726606,0.012017365670818332,0.17903748686726606,0.01574253218365911,0.17531232035442523,0.038245683260218225,0.15280916927786614,3000,,
A_synthetic,synthetic,"n_series=40,n_regimes=5",3,rung1_global,rung1_global,rung1_global,30,0.0,1,0.0,1,0.19793446642406473,0.0,0.0,0.19793446642406476,0.01562218034150726,0.18231228608255745,0.01562218034150726,0.18231228608255745,0.01405759382871369,0.18387687259535102,0.03894204377568538,0.15899242264837932,3000,,
A_synthetic,synthetic,"n_series=40,n_regimes=5",4,rung1_global,rung1_global,rung1_global,30,0.0,1,0.0,1,0.1985314716893719,0.0,0.0,0.1985314716893719,0.005520200940935211,0.19301127074843671,0.005520200940935211,0.19301127074843671,0.004132908056138557,0.19439856363323338,0.024626596093756076,0.17390487559561585,3000,,
A_synthetic,synthetic,adv_no_signal,0,rung1_global,rung1_global,rung0_none,30,0.0,1,0.0002483348459674089,0,0.0002483348459674089,0.0,0.0,0.00024833484596742395,0.0016029899514146387,-0.0013546551054473,0.002181665629832713,-0.0019333307838653724,0.006588251319617496,-0.006339916473650176,0.017578613627100233,-0.017330278781132913,3000,,
A_synthetic,synthetic,adv_no_signal,1,rung0_none,rung0_none,rung0_none,30,0.0,1,0.0,1,0.0,0.0,0.00020415694810147124,-0.0002041569481014971,0.0026680928961530887,-0.002668092896153107,0.00749474202848902,-0.007494742028488988,0.0073549247111623,-0.007354924711162392,0.024320168902304432,-0.024320168902304484,3000,,
A_synthetic,synthetic,adv_no_signal,2,rung0_none,rung2_series,rung0_none,30,0.0019111345285145367,0,0.0,1,0.0,0.0,0.0,0.0,0.0019111345285145367,-0.0019111345285145465,0.0059514307353892215,-0.005951430735389174,0.006524788762109272,-0.006524788762109379,0.020219759585395604,-0.02021975958539568,3000,,
A_synthetic,synthetic,adv_no_signal,3,rung0_none,rung2_series,rung0_none,30,0.0033187034091793047,0,0.0,1,0.0,0.0,0.0006191733005059996,-0.0006191733005060929,0.0033187034091793047,-0.00331870340917928,0.010042114624873828,-0.010042114624873921,0.0112911998653255,-0.011291199865325563,0.023360913318582973,-0.023360913318583032,3000,,
A_synthetic,synthetic,adv_no_signal,4,rung0_none,rung2_series,rung0_none,30,0.0015097383368967623,0,0.0,1,0.0,0.0,0.0,0.0,0.0015097383368967623,-0.0015097383368967154,0.0043990551417528384,-0.004399055141752761,0.006175983553147138,-0.006175983553147191,0.020121590442821892,-0.020121590442821802,3000,,
A_synthetic,synthetic,adv_noise_heterogeneity,0,rung1_global,rung1_global,rung0_none,3,0.0,1,0.0008565782447040382,0,0.0008565782447040382,0.0,0.0,0.0008565782447040871,0.006380303378338953,-0.00552372513363486,0.006380303378338953,-0.00552372513363486,0.01798048002321935,-0.017123901778515416,0.03345323650176541,-0.03259665825706137,300,,
A_synthetic,synthetic,adv_noise_heterogeneity,1,rung1_global,rung1_global,rung0_none,3,0.0,1,0.007055015704053125,0,0.007055015704053125,0.0,0.0,0.007055015704053091,0.0036207634538649603,0.003434252250188119,0.0036207634538649603,0.003434252250188119,0.02283319898708293,-0.015778183283029712,0.036295969648492174,-0.029240953944439152,300,,
A_synthetic,synthetic,adv_noise_heterogeneity,2,rung1_global,rung5_instance,rung0_none,3,0.052005611208744355,0,0.002991443865277707,0,0.002991443865277707,0.0,0.0,0.002991443865277721,0.003389049095909988,-0.0003976052306322586,0.003389049095909988,-0.0003976052306322586,0.04012592439483711,-0.03713448052955948,0.052005611208744355,-0.04901416734346675,300,,
A_synthetic,synthetic,adv_noise_heterogeneity,3,rung1_global,rung1_global,rung0_none,3,0.0,1,0.006077266195502563,0,0.006077266195502563,0.0,0.0,0.006077266195502529,0.010070727936828401,-0.0039934617413257545,0.010070727936828401,-0.0039934617413257545,0.016438844870543357,-0.010361578675040839,0.03269795494081777,-0.026620688745315313,300,,
A_synthetic,synthetic,adv_noise_heterogeneity,4,rung1_global,rung4_shrunk,rung0_none,3,0.021920884300289885,0,0.005119321680663803,0,0.005119321680663803,0.0,0.0,0.005119321680663758,0.00447439940341742,0.0006449222772463292,0.00447439940341742,0.0006449222772463292,0.021920884300289885,-0.016801562619626065,0.03717157374361856,-0.0320522520629547,300,,
A_synthetic,synthetic,adv_drift_unseen,0,rung1_global,rung1_global,rung0_none,3,0.0,1,0.07995246511915458,0,0.07995246511915458,0.0,0.0,0.07995246511915455,0.00961307163845873,0.07033939348069584,0.00961307163845873,0.07033939348069584,0.020206510929330047,0.059745954189824535,0.03299097613589775,0.046961488983256805,300,,
A_synthetic,synthetic,adv_drift_unseen,1,rung1_global,rung1_global,rung0_none,3,0.0,1,0.07866183075338685,0,0.07866183075338685,0.0,0.0,0.07866183075338684,0.0013147208610854932,0.07734710989230131,0.0013147208610854932,0.07734710989230131,0.01254146225892451,0.06612036849446234,0.030034013286451323,0.04862781746693556,300,,
A_synthetic,synthetic,adv_drift_unseen,2,rung1_global,rung1_global,rung0_none,3,0.0,1,0.10630850751552334,0,0.10630850751552334,0.0,0.0,0.10630850751552334,0.005688161278323119,0.10062034623720018,0.005688161278323119,0.10062034623720018,0.013657977982632616,0.09265052953289077,0.02580037981526597,0.08050812770025739,300,,
A_synthetic,synthetic,adv_drift_unseen,3,rung1_global,rung1_global,rung0_none,3,0.0,1,0.06893831298963027,0,0.06893831298963027,0.0,0.0,0.06893831298963027,0.004087670015135591,0.06485064297449472,0.004087670015135591,0.06485064297449472,0.03266615286384929,0.03627216012578094,0.03305165002032181,0.035886662969308425,300,,
A_synthetic,synthetic,adv_drift_unseen,4,rung1_global,rung1_global,rung0_none,3,0.0,1,0.07849005183802162,0,0.07849005183802162,0.0,0.0,0.0784900518380216,0.0013529415241141953,0.07713711031390746,0.0013529415241141953,0.07713711031390746,0.01908938257522221,0.05940066926279941,0.03745121324519474,0.041038838592826865,300,,
A_synthetic,synthetic,adv_within_scarce,0,rung1_global,rung1_global,rung0_none,3,0.0,1,0.0528432913465947,0,0.0528432913465947,0.0,0.0,0.05284329134659471,0.016606650851060435,0.03623664049553421,0.016606650851060435,0.03623664049553421,0.03188597058904518,0.020957320757549525,0.05544587145884862,-0.002602580112254005,300,,
A_synthetic,synthetic,adv_within_scarce,1,rung1_global,rung0_none,rung0_none,3,0.06514270371195521,0,0.06514270371195521,0,0.06514270371195521,0.0,0.0,0.06514270371195519,0.0003201356458124122,0.06482256806614284,0.0003201356458124122,0.06482256806614284,0.029343956915591943,0.0357987467963633,0.04734065787008453,0.01780204584187073,300,,
A_synthetic,synthetic,adv_within_scarce,2,rung1_global,rung1_global,rung0_none,3,0.0,1,0.06120050260694123,0,0.06120050260694123,0.0,0.0,0.06120050260694121,0.0002554781180762568,0.06094502448886496,0.0002554781180762568,0.06094502448886496,0.025365118431047537,0.035835384175893714,0.04802932788362202,0.01317117472331919,300,,
A_synthetic,synthetic,adv_within_scarce,3,rung1_global,rung1_global,rung0_none,3,0.0,1,0.055455664169247285,0,0.055455664169247285,0.0,0.0,0.0554556641692473,0.0002493604016937779,0.05520630376755353,0.0002493604016937779,0.05520630376755353,0.027078786100281353,0.02837687806896594,0.04876610924517985,0.00668955492406742,300,,
A_synthetic,synthetic,adv_within_scarce,4,rung1_global,rung1_global,rung0_none,3,0.0,1,0.06496342140367586,0,0.06496342140367586,0.0,0.0,0.06496342140367584,0.01488304711349052,0.0500803742901853,0.01488304711349052,0.0500803742901853,0.03460466833202366,0.030358753071652256,0.04634745591336352,0.018615965490312303,300,,
A_synthetic,synthetic,adv_misspecified_strong_signal,0,rung3_cell,rung1_global,rung1_global,30,0.002106273885568751,0,0.002106273885568751,0,0.14911401569474875,0.0,0.002106273885568751,0.14700774180917997,0.0011089959007047395,0.148005019794044,0.0,0.1491140156947487,0.005016736710324108,0.1440972789844246,0.027845406008261304,0.12126860968648745,3000,,
A_synthetic,synthetic,adv_misspecified_strong_signal,1,rung1_global,rung2_series,rung1_global,30,0.0032503195782983847,0,0.0,1,0.07247793475030105,0.0,0.0,0.07247793475030107,0.0032503195782983847,0.06922761517200271,0.00825086734910609,0.06422706740119499,0.007850851671441368,0.06462708307885967,0.025074758627243638,0.047403176123057444,3000,,
A_synthetic,synthetic,adv_misspecified_strong_signal,2,rung1_global,rung1_global,rung1_global,30,0.0,1,0.0,1,0.1306125006902945,0.0,0.0,0.1306125006902945,0.003001680860404788,0.12761081982988975,0.0008251270102670509,0.12978737368002746,0.004192948947312002,0.12641955174298247,0.02145967764713866,0.10915282304315588,3000,,
A_synthetic,synthetic,adv_misspecified_strong_signal,3,rung1_global,rung1_global,rung1_global,30,0.0,1,0.0,1,0.0004773551600423514,0.0,0.0,0.00047735516004232537,0.0017545879626939948,-0.0012772328026515734,0.008887124836434616,-0.008409769676392287,0.010952855643640392,-0.010475500483598132,0.02704769628614532,-0.026570341126102903,3000,,
A_synthetic,synthetic,adv_misspecified_strong_signal,4,rung3_cell,rung3_cell,rung1_global,30,0.0,1,0.005105352857507991,0,0.17124233691163465,0.0,0.005105352857507991,0.1661369840541267,0.005264799740758575,0.16597753717087604,0.0,0.1712423369116347,0.011421180237943682,0.159821156673691,0.029997492033301883,0.14124484487833278,3000,,
B_real,india_daily,persistence_h1,0,rung2_series,rung5_instance,rung1_global,27,0.018530956631059293,0,0.009065608329034603,0,0.19485159338713368,0.0,0.009065608329034603,0.18578598505809907,0.0,0.19485159338713365,0.002039620616182323,0.1928119727709513,0.0016418260131886011,0.19320976737394502,0.018530956631059293,0.17632063675607434,7300,persistence,1.0
B_real,india_daily,persistence_h1,1,rung2_series,rung4_shrunk,rung4_shrunk,27,0.006855708703796275,0,0.006855708703796275,0,0.2016426675918957,0.0,0.0066881989421238375,0.19495446864977184,0.0,0.20164266759189575,0.0022238495436393536,0.19941881804825634,0.006855708703796275,0.19478695888809938,0.02073806214384194,0.18090460544805376,7300,persistence,1.0
B_real,india_daily,persistence_h1,2,rung2_series,rung2_series,rung1_global,27,0.0,1,0.004038180262507051,0,0.20135049926231266,0.0,0.004038180262507051,0.1973123189998056,0.0,0.20135049926231263,0.0007280385388804662,0.20062246072343215,0.0023871494860247997,0.19896334977628782,0.016810540636194415,0.18453995862611827,7300,persistence,1.0
B_real,india_daily,persistence_h1,3,rung2_series,rung4_shrunk,rung1_global,27,0.002470491666473175,0,0.007531825087437401,0,0.20619157341901181,0.0,0.007531825087437401,0.1986597483315744,0.0,0.20619157341901184,0.001984965691379894,0.20420660772763188,0.002470491666473175,0.20372108175253867,0.017591119781467646,0.18860045363754419,7300,persistence,1.0
B_real,india_daily,persistence_h1,4,rung2_series,rung2_series,rung1_global,27,0.0,1,0.0060667175841102395,0,0.20696231542263926,0.0,0.0060667175841102395,0.20089559783852906,0.0,0.20696231542263932,0.0023020955300881965,0.20466021989255112,0.00821170572260185,0.19875060970003744,0.019629947880360633,0.18733236754227867,7300,persistence,1.0
B_real,india_daily,persistence_h2,0,rung2_series,rung2_series,rung2_series,27,0.0,1,0.0,1,0.16188664185921028,0.0,0.03941581821457875,0.12247082364463158,0.0,0.1618866418592103,0.00017532112809540376,0.16171132073111483,0.006962412686663951,0.15492422917254633,0.026905012367572735,0.1349816294916375,7300,persistence,2.0
B_real,india_daily,persistence_h2,1,rung2_series,rung4_shrunk,rung1_global,27,0.025648734411609683,0,0.022274854424729137,0,0.17219391834070838,0.0,0.022274854424729137,0.1499190639159792,0.0,0.1721939183407084,0.001003427595995902,0.1711904907447125,0.025648734411609683,0.14654518392909865,0.03154262718455322,0.14065129115615516,7300,persistence,2.0
B_real,india_daily,persistence_h2,2,rung2_series,rung2_series,rung2_series,27,0.0,1,0.0,1,0.16728623447924484,0.0,0.029658404800210668,0.1376278296790342,0.0,0.16728623447924484,0.0007358636404109513,0.16655037083883384,0.02685494967133856,0.14043128480790623,0.04299905658569016,0.1242871778935547,7300,persistence,2.0
B_real,india_daily,persistence_h2,3,rung2_series,rung2_series,rung2_series,27,0.0,1,0.0,1,0.1720406711026161,0.0,0.03176064154769894,0.14028002955491714,0.0,0.17204067110261612,0.001521214214672627,0.17051945688794345,0.014796787587694721,0.15724388351492136,0.02260774160403259,0.14943292949858356,7300,persistence,2.0
B_real,india_daily,persistence_h2,4,rung2_series,rung2_series,rung2_series,27,0.0,1,0.0,1,0.16820270138223417,0.0,0.03297625249190603,0.1352264488903282,0.0,0.16820270138223414,0.0015357788123846992,0.1666669225698495,0.018470582473870362,0.1497321189083638,0.029072525707510812,0.1391301756747234,7300,persistence,2.0
B_real,india_daily,persistence_h3,0,rung2_series,rung2_series,rung2_series,27,0.0,1,0.0,1,0.15526722606304422,0.0,0.03645966222920946,0.11880756383383473,0.0,0.15526722606304422,0.0016563579039744949,0.15361086815906977,0.029577089835126143,0.12569013622791814,0.057413608703053204,0.09785361735999099,7300,persistence,3.0
B_real,india_daily,persistence_h3,1,rung2_series,rung2_series,rung1_global,27,0.0,1,0.0325722399269675,0,0.1540167773848659,0.0,0.0325722399269675,0.1214445374578984,0.0,0.15401677738486597,0.002584137132319906,0.151432640252546,0.036081724019538804,0.11793505336532717,0.05590071721929144,0.0981160601655745,7300,persistence,3.0
B_real,india_daily,persistence_h3,2,rung2_series,rung2_series,rung1_global,27,0.0,1,0.02443375029257175,0,0.15691024140784204,0.0,0.02443375029257175,0.13247649111527027,0.0,0.15691024140784204,0.002255609981142828,0.15465463142669922,0.039440926868549483,0.11746931453929255,0.04731114234751976,0.10959909906032228,7300,persistence,3.0
B_real,india_daily,persistence_h3,3,rung2_series,rung2_series,rung2_series,27,0.0,1,0.0,1,0.1529053307820704,0.0,0.038000432476493096,0.11490489830557726,0.0,0.15290533078207036,0.0006809737554597131,0.15222435702661063,0.022399963505841877,0.13050536727622852,0.06219847486883801,0.09070685591323235,7300,persistence,3.0
B_real,india_daily,persistence_h3,4,rung2_series,rung2_series,rung2_series,27,0.0,1,0.0,1,0.1506461699114341,0.0,0.046777838508571444,0.10386833140286267,0.0,0.1506461699114341,0.0017493694200713225,0.14889680049136278,0.029048223916144332,0.12159794599528972,0.04381274767231018,0.10683342223912395,7300,persistence,3.0
B_real,india_daily,persistence_h7,0,rung2_series,rung1_global,rung1_global,27,0.01513814824848376,0,0.01513814824848376,0,0.0877399925996281,0.0,0.01513814824848376,0.07260184435114436,0.0,0.08773999259962806,0.0010103969814752609,0.08672959561815285,0.021917811138875844,0.06582218146075225,0.03415980763747451,0.053580184962153554,7300,persistence,7.0
B_real,india_daily,persistence_h7,1,rung3_cell,rung1_global,rung1_global,27,0.019716316329396032,0,0.019716316329396032,0,0.07582588387818356,0.0,0.019716316329396032,0.05610956754878749,0.00016321589350367296,0.07566266798467991,0.0,0.07582588387818356,0.02344533061946006,0.05238055325872348,0.034376269744649586,0.041449614133533985,7300,persistence,7.0
B_real,india_daily,persistence_h7,2,rung2_series,rung1_global,rung0_none,27,0.0211888436897101,0,0.07976569438869893,0,0.07976569438869893,0.0,0.0211888436897101,0.05857685069898888,0.0,0.07976569438869896,0.0021303680671292376,0.07763532632156966,0.022681400107500006,0.05708429428119888,0.038231367063184044,0.041534327325514875,7300,persistence,7.0
B_real,india_daily,persistence_h7,3,rung2_series,rung4_shrunk,rung1_global,27,0.022416883463645187,0,0.019201579939354695,0,0.08191952121207356,0.0,0.019201579939354695,0.0627179412727189,0.0,0.08191952121207358,0.0005723903753112416,0.08134713083676237,0.022416883463645187,0.059502637748428344,0.03662699278989221,0.045292528422181344,7300,persistence,7.0
B_real,india_daily,persistence_h7,4,rung2_series,rung1_global,rung0_none,27,0.015533798850931766,0,0.07359458648675231,0,0.07359458648675231,0.0,0.015533798850931766,0.058060787635820565,0.0,0.07359458648675232,0.0001769351764885344,0.07341765131026379,0.02334043570026561,0.05025415078648665,0.037721915089436044,0.035872671397316314,7300,persistence,7.0
B_real,india_daily,roll7_h1,0,rung3_cell,rung2_series,rung2_series,27,0.00030223353101649434,0,0.00030223353101649434,0,0.1896904612263371,0.0,0.02230147154341772,0.16738898968291938,0.00030223353101649434,0.1893882276953206,0.0,0.18969046122633715,0.023402438103586703,0.16628802312275037,0.06279412338764732,0.1268963378386898,7300,roll7,1.0
B_real,india_daily,roll7_h1,1,rung2_series,rung2_series,rung2_series,27,0.0,1,0.0,1,0.19571500478499199,0.0,0.02426987579424469,0.17144512899074726,0.0,0.19571500478499193,0.0010337182881843573,0.1946812864968076,0.02594183910787531,0.16977316567711664,0.05834594223173322,0.13736906255325876,7300,roll7,1.0
B_real,india_daily,roll7_h1,2,rung2_series,rung2_series,rung2_series,27,0.0,1,0.0,1,0.19367103543885758,0.0,0.02128738870894923,0.17238364672990836,0.0,0.19367103543885755,0.0005496665769709774,0.19312136886188658,0.03193391228674922,0.1617371231521083,0.055584546872962874,0.13808648856589467,7300,roll7,1.0
B_real,india_daily,roll7_h1,3,rung2_series,rung2_series,rung2_series,27,0.0,1,0.0,1,0.18757063167590485,0.0,0.02018181446810529,0.16738881720779952,0.0,0.18757063167590482,0.0010087450577296378,0.1865618866181752,0.012253723871502848,0.175316907804402,0.06915278311681095,0.11841784855909387,7300,roll7,1.0
B_real,india_daily,roll7_h1,4,rung2_series,rung2_series,rung2_series,27,0.0,1,0.0,1,0.19394008159095624,0.0,0.018711079368271107,0.17522900222268512,0.0,0.19394008159095621,0.000377429757353428,0.19356265183360277,0.010774979730443392,0.18316510186051282,0.06463926664567306,0.12930081494528312,7300,roll7,1.0
B_real,india_daily,roll7_h2,0,rung2_series,rung2_series,rung2_series,27,0.0,1,0.0,1,0.09240815681601083,0.0,0.043269090901071304,0.04913906591493955,0.0,0.09240815681601078,0.0018647675901100065,0.09054338922590077,0.02672693094217749,0.0656812258738333,0.04449663477526447,0.047911522040746335,7300,roll7,2.0
B_real,india_daily,roll7_h2,1,rung2_series,rung2_series,rung2_series,27,0.0,1,0.0,1,0.09996067279837029,0.0,0.02768736226118369,0.07227331053718655,0.0,0.09996067279837029,0.003493629152518648,0.09646704364585168,0.04651879361952389,0.05344187917884635,0.035079761669559284,0.064880911128811,7300,roll7,2.0
B_real,india_daily,roll7_h2,2,rung2_series,rung2_series,rung2_series,27,0.0,1,0.0,1,0.09492147610087755,0.0,0.041333246619830843,0.05358822948104669,0.0,0.09492147610087753,0.0030010341870102906,0.09192044191386728,0.012083653051695849,0.08283782304918175,0.03915684580023874,0.05576463030063883,7300,roll7,2.0
B_real,india_daily,roll7_h2,3,rung2_series,rung4_shrunk,rung2_series,27,0.029110880115909704,0,0.0,1,0.08792397114821494,0.0,0.03405312080959778,0.05387085033861716,0.0,0.08792397114821493,0.0023638508595713445,0.08556012028864357,0.029110880115909704,0.058813091032305254,0.06047324194227444,0.027450729205940494,7300,roll7,2.0
B_real,india_daily,roll7_h2,4,rung2_series,rung2_series,rung2_series,27,0.0,1,0.0,1,0.102966472545026,0.0,0.029732141061988012,0.07323433148303793,0.0,0.102966472545026,0.0023322516570390603,0.1006342208879869,0.016869971303486508,0.08609650124153945,0.03332061402731923,0.06964585851770677,7300,roll7,2.0
B_real,india_daily,roll7_h3,0,rung2_series,rung2_series,rung2_series,27,0.0,1,0.0,1,0.08783844973875829,0.0,0.041167812389651594,0.0466706373491067,0.0,0.08783844973875832,0.003169067227850239,0.08466938251090805,0.016373223883413033,0.07146522585534532,0.04999868314930534,0.03783976658945298,7300,roll7,3.0
B_real,india_daily,roll7_h3,1,rung2_series,rung2_series,rung1_global,27,0.0,1,0.0493812263399558,0,0.07909312806212944,0.0,0.0493812263399558,0.02971190172217364,0.0,0.07909312806212943,0.003173976240866057,0.07591915182126341,0.0291550213698443,0.049938106692285156,0.05614438541900299,0.022948742643126407,7300,roll7,3.0
B_real,india_daily,roll7_h3,2,rung2_series,rung2_series,rung2_series,27,0.0,1,0.0,1,0.07162208106589646,0.0,0.03446407271822396,0.037158008347672467,0.0,0.07162208106589651,0.002949833776453608,0.06867224728944288,0.010537931708140002,0.06108414935775641,0.0630653888833743,0.008556692182522196,7300,roll7,3.0
B_real,india_daily,roll7_h3,3,rung2_series,rung2_series,rung2_series,27,0.0,1,0.0,1,0.06087297254034922,0.0,0.045178921234173636,0.015694051306175627,0.0,0.06087297254034918,0.004896412970547663,0.05597655956980152,0.034789116702711606,0.026083855837637615,0.0778431431658305,-0.01697017062548123,7300,roll7,3.0
B_real,india_daily,roll7_h3,4,rung2_series,rung2_series,rung2_series,27,0.0,1,0.0,1,0.06667229379420986,0.0,0.05648006269888865,0.010192231095321191,0.0,0.0666722937942098,0.002668727526763846,0.06400356626744597,0.038796355684584,0.027875938109625853,0.06791115771488417,-0.0012388639206744045,7300,roll7,3.0
B_real,india_daily,roll7_h7,0,rung2_series,rung2_series,rung2_series,27,0.0,1,0.0,1,0.07414730783979637,0.0,0.015844181690386046,0.058303126149410356,0.0,0.0741473078397964,0.0014143548343567825,0.07273295300543958,0.01791407323465141,0.056233234605144955,0.04145371912272406,0.032693588717072286,7300,roll7,7.0
B_real,india_daily,roll7_h7,1,rung2_series,rung2_series,rung2_series,27,0.0,1,0.0,1,0.07727719942441703,0.0,0.019887449225236872,0.057389750199180134,0.0,0.07727719942441702,0.0028084421570438935,0.07446875726737312,0.029095799611427,0.04818139981299008,0.03897430402717599,0.03830289539724108,7300,roll7,7.0
B_real,india_daily,roll7_h7,2,rung2_series,rung2_series,rung2_series,27,0.0,1,0.0,1,0.07346501366235171,0.0,0.01882118609379024,0.054643827568561454,0.0,0.0734650136623517,0.004362959739983265,0.06910205392236846,0.017135788279747738,0.05632922538260399,0.03579403606245277,0.0376709775998989,7300,roll7,7.0
B_real,india_daily,roll7_h7,3,rung2_series,rung2_series,rung2_series,27,0.0,1,0.0,1,0.06901774918132134,0.0,0.011392661128641212,0.057625088052680185,0.0,0.06901774918132131,0.0010096356515998258,0.06800811352972147,0.017972429206483724,0.05104531997483763,0.03753252819034381,0.0314852209909775,7300,roll7,7.0
B_real,india_daily,roll7_h7,4,rung2_series,rung2_series,rung2_series,27,0.0,1,0.0,1,0.0575936643598963,0.0,0.0108871704267156,0.046706493933180715,0.0,0.057593664359896324,0.0009373237663947858,0.05665634059350155,0.021138507573387536,0.03645515678650879,0.03361833605730413,0.02397532830259219,7300,roll7,7.0
B_real,india_daily,snaive7_h1,0,rung3_cell,rung2_series,rung1_global,27,0.002513860354051873,0,0.016916302345651314,0,0.31752980049529234,0.0,0.016916302345651314,0.300613498149641,0.002513860354051873,0.31501594014124046,0.0,0.31752980049529234,0.027644441913515932,0.28988535858177644,0.05265095226964562,0.2648788482256468,7300,snaive7,1.0
B_real,india_daily,snaive7_h1,1,rung3_cell,rung2_series,rung2_series,27,0.0010991361994175006,0,0.0010991361994175006,0,0.3147511274637264,0.0,0.019241373159816322,0.29550975430391,0.0010991361994175006,0.31365199126430887,0.0,0.31475112746372635,0.017575932943978807,0.2971751945197476,0.0432546319299632,0.2714964955337632,7300,snaive7,1.0
B_real,india_daily,snaive7_h1,2,rung3_cell,rung2_series,rung1_global,27,0.0020168305216750285,0,0.012681099775005457,0,0.3128100522494337,0.0,0.012681099775005457,0.3001289524744283,0.0020168305216750285,0.3107932217277587,0.0,0.3128100522494337,0.0373728358595191,0.2754372163899146,0.0655495885477732,0.24726046370166055,7300,snaive7,1.0
B_real,india_daily,snaive7_h1,3,rung3_cell,rung2_series,rung2_series,27,0.0033043528274147305,0,0.0033043528274147305,0,0.31098374511415583,0.0,0.02474940726088195,0.2862343378532739,0.0033043528274147305,0.3076793922867411,0.0,0.31098374511415583,0.03067756783967812,0.2803061772744777,0.04949087712581242,0.26149286798834337,7300,snaive7,1.0
B_real,india_daily,snaive7_h1,4,rung3_cell,rung2_series,rung1_global,27,0.002148487652181947,0,0.016150388614237544,0,0.3128881565228053,0.0,0.016150388614237544,0.29673776790856776,0.002148487652181947,0.3107396688706233,0.0,0.3128881565228053,0.008209298283697247,0.304678858239108,0.04268737047513513,0.27020078604767017,7300,snaive7,1.0
B_real,india_daily,snaive7_h2,0,rung3_cell,rung2_series,rung2_series,27,0.000279546035272356,0,0.000279546035272356,0,0.16248147107735528,0.0,0.052983923246636255,0.10949754783071908,0.000279546035272356,0.16220192504208297,0.0,0.16248147107735533,0.034760423670373276,0.12772104740698198,0.07897328631740798,0.08350818475994726,7300,snaive7,2.0
B_real,india_daily,snaive7_h2,1,rung2_series,rung2_series,rung2_series,27,0.0,1,0.0,1,0.17547867163785608,0.0,0.05481503811216205,0.12066363352569398,0.0,0.17547867163785602,0.0003269210765820145,0.17515175056127408,0.047926154481576284,0.1275525171562798,0.08517447768251615,0.09030419395533995,7300,snaive7,2.0
B_real,india_daily,snaive7_h2,2,rung2_series,rung2_series,rung2_series,27,0.0,1,0.0,1,0.1727631529929476,0.0,0.056211748791881774,0.1165514042010658,0.0,0.17276315299294753,0.002567807370204483,0.17019534562274308,0.027180417743387985,0.14558273524955956,0.07210427368641548,0.10065887930653206,7300,snaive7,2.0
B_real,india_daily,snaive7_h2,3,rung2_series,rung2_series,rung2_series,27,0.0,1,0.0,1,0.1651522833263837,0.0,0.062457319233694894,0.10269496409268886,0.0,0.16515228332638365,0.00042553813194174284,0.16472674519444197,0.03155174455532783,0.13360053877105582,0.07430216403889868,0.09085011928748499,7300,snaive7,2.0
B_real,india_daily,snaive7_h2,4,rung2_series,rung2_series,rung2_series,27,0.0,1,0.0,1,0.16197346120289782,0.0,0.05066493815409598,0.11130852304880179,0.0,0.1619734612028978,0.00023367288014268698,0.16173978832275515,0.019306195586183093,0.14266726561671472,0.04860759172038255,0.11336586948251526,7300,snaive7,2.0
B_real,india_daily,snaive7_h3,0,rung2_series,rung2_series,rung1_global,27,0.0,1,0.06510323700965004,0,0.11617215093342544,0.0,0.06510323700965004,0.05106891392377544,0.0,0.11617215093342548,0.001445670144270766,0.1147264807891547,0.032323502830424664,0.08384864810300074,0.11032997610414823,0.00584217482927718,7300,snaive7,3.0
B_real,india_daily,snaive7_h3,1,rung2_series,rung2_series,rung2_series,27,0.0,1,0.0,1,0.13521430227839365,0.0,0.05057414441424501,0.08464015786414858,0.0,0.1352143022783936,0.003975690020773003,0.13123861225762068,0.05993649227810133,0.07527781000029232,0.0869399681230761,0.048274334155317566,7300,snaive7,3.0
B_real,india_daily,snaive7_h3,2,rung2_series,rung2_series,rung2_series,27,0.0,1,0.0,1,0.11791048044039167,0.0,0.041656179984635625,0.0762543004557561,0.0,0.11791048044039165,0.003712546198771796,0.11419793424161984,0.05417491488616777,0.06373556555422388,0.0945267901984996,0.02338369024189202,7300,snaive7,3.0
B_real,india_daily,snaive7_h3,3,rung2_series,rung4_shrunk,rung2_series,27,0.06536795942977566,0,0.0,1,0.12139185638346305,0.0,0.06207402746308248,0.05931782892038062,0.0,0.12139185638346306,0.002184185662774468,0.11920767072068861,0.06536795942977566,0.05602389695368737,0.10530818798037882,0.016083668403084284,7300,snaive7,3.0
B_real,india_daily,snaive7_h3,4,rung2_series,rung2_series,rung1_global,27,0.0,1,0.07348611677258843,0,0.11650890148876733,0.0,0.07348611677258843,0.04302278471617893,0.0,0.11650890148876736,0.0015136486187311206,0.1149952528700362,0.06896146654221227,0.047547434946555,0.1313966391748012,-0.014887737686033908,7300,snaive7,3.0
B_real,india_daily,operator_schedule_h1,0,rung0_none,rung4_shrunk,rung4_shrunk,27,0.022863308128733238,0,0.022863308128733238,0,0.0,0.0,0.0850674861533809,-0.08506748615338089,0.01822497084701938,-0.01822497084701946,0.014989620464071537,-0.014989620464071596,0.022863308128733238,-0.022863308128733273,0.008801841162614345,-0.008801841162614288,7300,operator_schedule,1.0
B_real,india_daily,operator_schedule_h1,1,rung4_shrunk,rung5_instance,rung5_instance,27,0.009215923367980172,0,0.009215923367980172,0,0.004049816898752209,0.0,0.08245840578230039,-0.07840858888354818,0.0032735879235976442,0.0007762289751546136,0.002885772271847192,0.001164044626905003,0.0,0.004049816898752168,0.009215923367980172,-0.005166106469227882,7300,operator_schedule,1.0
B_real,india_daily,operator_schedule_h1,2,rung4_shrunk,rung4_shrunk,rung1_global,27,0.0,1,0.08654958618779117,0,0.005176472938255407,0.0,0.08654958618779117,-0.08137311324953567,0.022243732799408892,-0.017067259861153428,0.019103964981890896,-0.013927492043635414,0.0,0.005176472938255405,0.009005979474552213,-0.0038295065362967673,7300,operator_schedule,1.0
B_real,india_daily,operator_schedule_h1,3,rung0_none,rung1_global,rung1_global,27,0.08357395885458736,0,0.08357395885458736,0,0.0,0.0,0.08357395885458736,-0.0835739588545874,0.02363962188328738,-0.023639621883287276,0.022683342888241153,-0.022683342888241143,0.015260153854885475,-0.01526015385488555,0.016396052533368573,-0.01639605253336862,7300,operator_schedule,1.0
B_real,india_daily,operator_schedule_h1,4,rung3_cell,rung4_shrunk,rung1_global,27,0.0041835135364345424,0,0.07408259064692085,0,0.0010589229349027385,0.0,0.07408259064692085,-0.07302366771201818,0.0011824280873045333,-0.00012350515240178161,0.0,0.0010589229349027285,0.0041835135364345424,-0.003124590601531807,0.010408710068797416,-0.009349787133894782,7300,operator_schedule,1.0
B_real,india_daily,operator_schedule_h2,0,rung2_series,rung1_global,rung1_global,27,0.07664023223663205,0,0.07664023223663205,0,0.010033188826764907,0.0,0.07664023223663205,-0.06660704340986712,0.0,0.01003318882676496,0.008009036382328947,0.0020241524444359893,0.03579894433599875,-0.02576575550923388,0.03928704510984471,-0.02925385628307975,7300,operator_schedule,2.0
B_real,india_daily,operator_schedule_h2,1,rung2_series,rung1_global,rung1_global,27,0.0846565615679762,0,0.0846565615679762,0,0.01683467190652226,0.0,0.0846565615679762,-0.06782188966145397,0.0,0.016834671906522214,0.008904079662962893,0.007930592243559409,0.035282132837030265,-0.018447460930508086,0.03798399815416489,-0.02114932624764254,7300,operator_schedule,2.0
B_real,india_daily,operator_schedule_h2,2,rung2_series,rung4_shrunk,rung1_global,27,0.024805456025007798,0,0.0794166080358917,0,0.016853434433895458,0.0,0.0794166080358917,-0.06256317360199626,0.0,0.01685343443389542,0.009827570653184223,0.007025863780711239,0.024805456025007798,-0.007952021591112413,0.038432935629473405,-0.021579501195577944,7300,operator_schedule,2.0
B_real,india_daily,operator_schedule_h2,3,rung2_series,rung4_shrunk,rung1_global,27,0.03197232360709952,0,0.07963312054352145,0,0.01216167070925872,0.0,0.07963312054352145,-0.06747144983426279,0.0,0.012161670709258776,0.008237429683424237,0.003924241025834441,0.03197232360709952,-0.019810652897840786,0.04048488749917486,-0.028323216789916117,7300,operator_schedule,2.0
B_real,india_daily,operator_schedule_h2,4,rung2_series,rung4_shrunk,rung1_global,27,0.0294253489734763,0,0.07880731732810961,0,0.01934049031392379,0.0,0.07880731732810961,-0.05946682701418582,0.0,0.01934049031392382,0.008414572137996635,0.01092591817592714,0.0294253489734763,-0.010084858659552554,0.035338806517142655,-0.0159983162032189,7300,operator_schedule,2.0
B_real,india_daily,operator_schedule_h3,0,rung2_series,rung1_global,rung1_global,27,0.06779266452319961,0,0.06779266452319961,0,0.014812118051485674,0.0,0.06779266452319961,-0.05298054647171391,0.0,0.014812118051485634,0.004175397329962038,0.010636720721523663,0.037085323536020696,-0.02227320548453493,0.0434024731650959,-0.02859035511361019,7300,operator_schedule,3.0
B_real,india_daily,operator_schedule_h3,1,rung2_series,rung1_global,rung1_global,27,0.06517888667845394,0,0.06517888667845394,0,0.008963092303086338,0.0,0.06517888667845394,-0.05621579437536761,0.0,0.00896309230308634,0.004518968157031788,0.004444124146054551,0.037435416421643414,-0.028472324118557157,0.03955851188800853,-0.03059541958492229,7300,operator_schedule,3.0
B_real,india_daily,operator_schedule_h3,2,rung2_series,rung1_global,rung1_global,27,0.06608492709679621,0,0.06608492709679621,0,0.013679335207802847,0.0,0.06608492709679621,-0.05240559188899341,0.0,0.013679335207802845,0.004219507979539423,0.00945982722826344,0.032601009322287336,-0.01892167411448442,0.035458814364677065,-0.02177947915687417,7300,operator_schedule,3.0
B_real,india_daily,operator_schedule_h3,3,rung2_series,rung1_global,rung1_global,27,0.07192500824382085,0,0.07192500824382085,0,0.023132892358150876,0.0,0.07192500824382085,-0.048792115885669896,0.0,0.02313289235815086,0.0040254325631735475,0.0191074597949773,0.029955636348553753,-0.006822743990402946,0.04467135735685362,-0.02153846499870271,7300,operator_schedule,3.0
B_real,india_daily,operator_schedule_h3,4,rung2_series,rung1_global,rung1_global,27,0.07295469841602932,0,0.07295469841602932,0,0.009478013611497051,0.0,0.07295469841602932,-0.06347668480453228,0.0,0.009478013611497027,0.005419453594157904,0.0040585600173391745,0.04098838795942484,-0.031510374347927694,0.04997991135623015,-0.04050189774473312,7300,operator_schedule,3.0
B_real,india_daily,operator_schedule_h7,0,rung2_series,rung1_global,rung1_global,27,0.03210872840311622,0,0.03210872840311622,0,0.00626872938027834,0.0,0.03210872840311622,-0.025839999022837956,0.0,0.006268729380278337,0.0010996129761270497,0.005169116404151297,0.010465913107639419,-0.004197183727361109,0.015156497153275692,-0.008887767772997268,7300,operator_schedule,7.0
B_real,india_daily,operator_schedule_h7,1,rung0_none,rung1_global,rung1_global,27,0.025213248271764785,0,0.025213248271764785,0,0.0,0.0,0.025213248271764785,-0.025213248271764854,0.00014604607762204076,-0.00014604607762214172,0.0037514826592554285,-0.0037514826592555117,0.013263202645487871,-0.01326320264548797,0.01421742725661631,-0.014217427256616233,7300,operator_schedule,7.0
B_real,india_daily,operator_schedule_h7,2,rung2_series,rung1_global,rung1_global,27,0.02866216280440688,0,0.02866216280440688,0,0.008821740842046287,0.0,0.02866216280440688,-0.019840421962360688,0.0,0.008821740842046233,0.0012185003266652276,0.007603240515381082,0.008098907578350417,0.0007228332636958212,0.013424262732198464,-0.0046025218901522,7300,operator_schedule,7.0
B_real,india_daily,operator_schedule_h7,3,rung2_series,rung1_global,rung1_global,27,0.032437337701381866,0,0.032437337701381866,0,0.005155187146596557,0.0,0.032437337701381866,-0.027282150554785334,0.0,0.005155187146596574,0.0014540603117484483,0.003701126834848134,0.006357999414251252,-0.0012028122676546182,0.01087177300052841,-0.005716585853931866,7300,operator_schedule,7.0
B_real,india_daily,operator_schedule_h7,4,rung2_series,rung1_global,rung1_global,27,0.02404545495446717,0,0.02404545495446717,0,0.002543453427667428,0.0,0.02404545495446717,-0.021502001526799708,0.0,0.002543453427667375,0.0013384941683661567,0.001204959259301308,0.010371447549428111,-0.007827994121760717,0.009802928146000206,-0.00725947471833277,7300,operator_schedule,7.0
B_real,ETTh1,persistence_h1,0,rung2_series,rung5_instance,rung4_shrunk,13,0.07499864356229333,0,0.04877183525241031,0,0.42333695440955016,0.0,0.0023458841774509675,0.42099107023209914,0.0,0.4233369544095502,0.0005803146106337227,0.4227566397989164,0.04877183525241031,0.37456511915713986,0.07499864356229333,0.34833831084725686,12194,persistence,1.0
B_real,ETTh1,persistence_h1,1,rung3_cell,rung5_instance,rung5_instance,13,0.09155231610233969,0,0.09155231610233969,0,0.42799342745024277,0.0,0.0030475395388120095,0.42494588791143073,0.00020797963290409728,0.4277854478173386,0.0,0.4279934274502427,0.05772202388810496,0.37027140356213784,0.09155231610233969,0.3364411113479031,12194,persistence,1.0
B_real,ETTh1,persistence_h1,2,rung2_series,rung4_shrunk,rung1_global,13,0.04490625230257696,0,0.0025863779049338383,0,0.4208859480007303,0.0,0.0025863779049338383,0.41829957009579655,0.0,0.4208859480007303,0.00014107641614035787,0.42074487158458995,0.04490625230257696,0.37597969569815337,0.07694815789651656,0.34393779010421377,12194,persistence,1.0
B_real,ETTh1,persistence_h1,3,rung2_series,rung4_shrunk,rung1_global,13,0.04601421707992835,0,0.003178296086103721,0,0.4165902659568104,0.0,0.003178296086103721,0.4134119698707067,0.0,0.4165902659568105,0.0009762434731418649,0.4156140224836685,0.04601421707992835,0.3705760488768821,0.08683601777401663,0.32975424818279375,12194,persistence,1.0
B_real,ETTh1,persistence_h1,4,rung2_series,rung4_shrunk,rung1_global,13,0.053725704442820724,0,0.0027329117382673736,0,0.41861275757450267,0.0,0.0027329117382673736,0.4158798458362353,0.0,0.41861275757450267,0.0006988903676377964,0.41791386720686485,0.053725704442820724,0.364887053131682,0.07907755332927882,0.3395352042452239,12194,persistence,1.0
B_real,ETTh1,persistence_h24,0,rung3_cell,rung1_global,rung1_global,13,0.022993470778786506,0,0.022993470778786506,0,0.09390858883196358,0.0,0.022993470778786506,0.07091511805317707,0.02245621774408048,0.07145237108788316,0.0,0.09390858883196362,0.006463834620795945,0.0874447542111676,0.013907892069856586,0.08000069676210697,12194,persistence,24.0
B_real,ETTh1,persistence_h24,1,rung3_cell,rung1_global,rung1_global,13,0.02077118840627975,0,0.02077118840627975,0,0.10732391990208374,0.0,0.02077118840627975,0.086552731495804,0.020101603186002185,0.0872223167160816,0.0,0.10732391990208379,0.009705473770896502,0.0976184461311872,0.012398407065714276,0.09492551283636952,12194,persistence,24.0
B_real,ETTh1,persistence_h24,2,rung3_cell,rung4_shrunk,rung1_global,13,0.01506949996165791,0,0.02131995176046101,0,0.10756730523781502,0.0,0.02131995176046101,0.08624735347735402,0.020822243033471292,0.08674506220434375,0.0,0.10756730523781499,0.01506949996165791,0.09249780527615714,0.017453122762860374,0.09011418247495462,12194,persistence,24.0
B_real,ETTh1,persistence_h24,3,rung3_cell,rung4_shrunk,rung4_shrunk,13,0.0030954907297595195,0,0.0030954907297595195,0,0.10515988084979432,0.0,0.02088995550131638,0.08426992534847788,0.02034766114361579,0.08481221970617847,0.0,0.10515988084979433,0.0030954907297595195,0.10206439012003476,0.016611414474329896,0.08854846637546443,12194,persistence,24.0
B_real,ETTh1,persistence_h24,4,rung3_cell,rung4_shrunk,rung1_global,13,0.005373672352620654,0,0.02093141910376434,0,0.10555210462939635,0.0,0.02093141910376434,0.08462068552563196,0.020503054725126483,0.08504904990426987,0.0,0.10555210462939635,0.005373672352620654,0.1001784322767757,0.014234810347053487,0.09131729428234281,12194,persistence,24.0
B_real,ETTh2,persistence_h1,0,rung4_shrunk,rung4_shrunk,rung1_global,13,0.0,1,0.0002876390047385522,0,0.15522970256115162,0.0,0.0002876390047385522,0.15494206355641305,0.0008930720946080592,0.15433663046654356,0.005122316098570468,0.15010738646258115,0.0,0.15522970256115165,0.004753214620711603,0.15047648794044,12194,persistence,1.0
B_real,ETTh2,persistence_h1,1,rung1_global,rung4_shrunk,rung1_global,13,0.002511403755273951,0,0.0,1,0.1488501431305907,0.0,0.0,0.14885014313059075,0.0010783989485291085,0.14777174418206163,0.005525681609499612,0.14332446152109113,0.002511403755273951,0.14633873937531672,0.005737791770391865,0.14311235136019884,12194,persistence,1.0
B_real,ETTh2,persistence_h1,2,rung1_global,rung4_shrunk,rung1_global,13,0.00017452623861525517,0,0.0,1,0.15233141256983032,0.0,0.0,0.1523314125698303,0.0012013063885947116,0.15113010618123557,0.0044290911421091175,0.1479023214277212,0.00017452623861525517,0.15215688633121505,0.0022436137212115894,0.15008779884861878,12194,persistence,1.0
B_real,ETTh2,persistence_h1,3,rung1_global,rung4_shrunk,rung1_global,13,0.004889511990189231,0,0.0,1,0.15070172439134805,0.0,0.0,0.150701724391348,0.000434762917550174,0.15026696147379792,0.0007023498122608136,0.14999937457908719,0.004889511990189231,0.14581221240115882,0.004844455930267765,0.14585726846108027,12194,persistence,1.0
B_real,ETTh2,persistence_h1,4,rung1_global,rung4_shrunk,rung1_global,13,0.003500673183847755,0,0.0,1,0.1513361708077944,0.0,0.0,0.15133617080779438,0.0012957190523580045,0.15004045175543645,0.00413911198567707,0.1471970588221173,0.003500673183847755,0.14783549762394665,0.0004783437247352888,0.15085782708305917,12194,persistence,1.0
B_real,ETTh2,persistence_h24,0,rung4_shrunk,rung3_cell,rung0_none,13,0.0009852778940299934,0,0.03302347031347471,0,0.03302347031347471,0.0,0.0038954663813618564,0.0291280039321129,0.00037428163720369163,0.03264918867627098,0.0009852778940299934,0.03203819241944472,0.0,0.033023470313474745,0.0014394661706054574,0.031584004142869215,12194,persistence,24.0
B_real,ETTh2,persistence_h24,1,rung2_series,rung3_cell,rung0_none,13,0.0011239586271944192,0,0.031308872759461384,0,0.031308872759461384,0.0,0.0027847443019206396,0.02852412845754071,0.0,0.03130887275946137,0.0011239586271944192,0.030184914132266982,0.0056248285375909875,0.025684044221870428,0.008662045821658615,0.022646826937802733,12194,persistence,24.0
B_real,ETTh2,persistence_h24,2,rung2_series,rung3_cell,rung0_none,13,0.00021081496381068863,0,0.031737232819331884,0,0.031737232819331884,0.0,0.0027177375067064303,0.029019495312625487,0.0,0.03173723281933183,0.00021081496381068863,0.03152641785552124,0.0015702572116267717,0.030166975607705093,0.0032735331873971316,0.028463699631934736,12194,persistence,24.0
B_real,ETTh2,persistence_h24,3,rung2_series,rung3_cell,rung0_none,13,0.000240359822993033,0,0.03113801566046878,0,0.03113801566046878,0.0,0.0022542552519603264,0.028883760408508485,0.0,0.03113801566046881,0.000240359822993033,0.030897655837475724,0.001354442178094944,0.029783573482373815,0.002571825183467621,0.028566190477001152,12194,persistence,24.0
B_real,ETTh2,persistence_h24,4,rung4_shrunk,rung3_cell,rung0_none,13,0.0012465580002858725,0,0.030589753914913025,0,0.030589753914913025,0.0,0.0027707963558439245,0.027818957559069046,0.00022391021298657463,0.03036584370192641,0.0012465580002858725,0.029343195914627196,0.0,0.03058975391491303,0.0049248941189773045,0.02566485979593569,12194,persistence,24.0
