res,clock_h,steps,baseline,rung,seed,skill_sq_macro,base_mae,base_mse,resid_R2,y_sd,n_test,n_val,lam,rho
5min,1,12,b_pers,rung0_none,0,0.0,14.667150174369716,3261.2005425115462,0.09355391243198008,68.20103990142034,525225,526970,0.6635199667153502,1.9719445467185754
5min,1,12,b_pers,rung1_global,0,0.08597346988975003,14.667150174369716,3261.2005425115462,0.09355391243198008,68.20103990142034,525225,526970,0.6635199667153502,1.9719445467185754
5min,1,12,b_pers,rung2_series,0,0.08999669381994331,14.667150174369716,3261.2005425115462,0.09355391243198008,68.20103990142034,525225,526970,0.6635199667153502,1.9719445467185754
5min,1,12,b_pers,rung3_cell,0,0.0896611753910442,14.667150174369716,3261.2005425115462,0.09355391243198008,68.20103990142034,525225,526970,0.6635199667153502,1.9719445467185754
5min,1,12,b_pers,rung5_instance,0,0.04270510708084267,14.667150174369716,3261.2005425115462,0.09355391243198008,68.20103990142034,525225,526970,0.6635199667153502,1.9719445467185754
5min,1,12,b_pers,rung4_shrunk,0,0.059094695374801096,14.667150174369716,3261.2005425115462,0.09355391243198008,68.20103990142034,525225,526970,0.6635199667153502,1.9719445467185754
5min,1,12,b_da,rung0_none,0,0.0,16.99812320859077,2909.5039881356815,0.0959442108116545,68.20140698411356,525215,526970,0.8418460823989494,5.322954342000804
5min,1,12,b_da,rung1_global,0,0.09941946732462063,16.99812320859077,2909.5039881356815,0.0959442108116545,68.20140698411356,525215,526970,0.8418460823989494,5.322954342000804
5min,1,12,b_da,rung2_series,0,0.0997895768180271,16.99812320859077,2909.5039881356815,0.0959442108116545,68.20140698411356,525215,526970,0.8418460823989494,5.322954342000804
5min,1,12,b_da,rung3_cell,0,0.09766248974180033,16.99812320859077,2909.5039881356815,0.0959442108116545,68.20140698411356,525215,526970,0.8418460823989494,5.322954342000804
5min,1,12,b_da,rung5_instance,0,0.06122043202505696,16.99812320859077,2909.5039881356815,0.0959442108116545,68.20140698411356,525215,526970,0.8418460823989494,5.322954342000804
5min,1,12,b_da,rung4_shrunk,0,0.06311925404946073,16.99812320859077,2909.5039881356815,0.0959442108116545,68.20140698411356,525215,526970,0.8418460823989494,5.322954342000804
5min,1,12,b_pers,rung0_none,1,0.0,14.667150174369716,3261.2005425115462,0.041890778712782684,68.20103990142034,525225,526970,0.6385786449911705,1.7668536630204656
5min,1,12,b_pers,rung1_global,1,0.010318196175041771,14.667150174369716,3261.2005425115462,0.041890778712782684,68.20103990142034,525225,526970,0.6385786449911705,1.7668536630204656
5min,1,12,b_pers,rung2_series,1,0.016366299175890185,14.667150174369716,3261.2005425115462,0.041890778712782684,68.20103990142034,525225,526970,0.6385786449911705,1.7668536630204656
5min,1,12,b_pers,rung3_cell,1,0.01338729261653202,14.667150174369716,3261.2005425115462,0.041890778712782684,68.20103990142034,525225,526970,0.6385786449911705,1.7668536630204656
5min,1,12,b_pers,rung5_instance,1,-0.054867606951361655,14.667150174369716,3261.2005425115462,0.041890778712782684,68.20103990142034,525225,526970,0.6385786449911705,1.7668536630204656
5min,1,12,b_pers,rung4_shrunk,1,-0.04158261309386413,14.667150174369716,3261.2005425115462,0.041890778712782684,68.20103990142034,525225,526970,0.6385786449911705,1.7668536630204656
5min,1,12,b_da,rung0_none,1,0.0,16.99812320859077,2909.5039881356815,0.0791125785983473,68.20140698411356,525215,526970,0.8502919413008027,5.67966713808815
5min,1,12,b_da,rung1_global,1,0.08140725584397028,16.99812320859077,2909.5039881356815,0.0791125785983473,68.20140698411356,525215,526970,0.8502919413008027,5.67966713808815
5min,1,12,b_da,rung2_series,1,0.08027010853412404,16.99812320859077,2909.5039881356815,0.0791125785983473,68.20140698411356,525215,526970,0.8502919413008027,5.67966713808815
5min,1,12,b_da,rung3_cell,1,0.07478783855463382,16.99812320859077,2909.5039881356815,0.0791125785983473,68.20140698411356,525215,526970,0.8502919413008027,5.67966713808815
5min,1,12,b_da,rung5_instance,1,0.05158985170464268,16.99812320859077,2909.5039881356815,0.0791125785983473,68.20140698411356,525215,526970,0.8502919413008027,5.67966713808815
5min,1,12,b_da,rung4_shrunk,1,0.05243879147316468,16.99812320859077,2909.5039881356815,0.0791125785983473,68.20140698411356,525215,526970,0.8502919413008027,5.67966713808815
5min,1,12,b_pers,rung0_none,2,0.0,14.667150174369716,3261.2005425115462,0.08425569643159414,68.20103990142034,525225,526970,0.6353278143002664,1.7421888458018766
5min,1,12,b_pers,rung1_global,2,0.06027054689245694,14.667150174369716,3261.2005425115462,0.08425569643159414,68.20103990142034,525225,526970,0.6353278143002664,1.7421888458018766
5min,1,12,b_pers,rung2_series,2,0.05897815749008521,14.667150174369716,3261.2005425115462,0.08425569643159414,68.20103990142034,525225,526970,0.6353278143002664,1.7421888458018766
5min,1,12,b_pers,rung3_cell,2,0.059066344816163505,14.667150174369716,3261.2005425115462,0.08425569643159414,68.20103990142034,525225,526970,0.6353278143002664,1.7421888458018766
5min,1,12,b_pers,rung5_instance,2,0.03542818983546259,14.667150174369716,3261.2005425115462,0.08425569643159414,68.20103990142034,525225,526970,0.6353278143002664,1.7421888458018766
5min,1,12,b_pers,rung4_shrunk,2,0.04486665719669436,14.667150174369716,3261.2005425115462,0.08425569643159414,68.20103990142034,525225,526970,0.6353278143002664,1.7421888458018766
5min,1,12,b_da,rung0_none,2,0.0,16.99812320859077,2909.5039881356815,0.06666432964721991,68.20140698411356,525215,526970,0.8394662608182042,5.229220132146513
5min,1,12,b_da,rung1_global,2,0.06549810039984456,16.99812320859077,2909.5039881356815,0.06666432964721991,68.20140698411356,525215,526970,0.8394662608182042,5.229220132146513
5min,1,12,b_da,rung2_series,2,0.06644730503047498,16.99812320859077,2909.5039881356815,0.06666432964721991,68.20140698411356,525215,526970,0.8394662608182042,5.229220132146513
5min,1,12,b_da,rung3_cell,2,0.06547906498285165,16.99812320859077,2909.5039881356815,0.06666432964721991,68.20140698411356,525215,526970,0.8394662608182042,5.229220132146513
5min,1,12,b_da,rung5_instance,2,0.05092715927317557,16.99812320859077,2909.5039881356815,0.06666432964721991,68.20140698411356,525215,526970,0.8394662608182042,5.229220132146513
5min,1,12,b_da,rung4_shrunk,2,0.05204452583301202,16.99812320859077,2909.5039881356815,0.06666432964721991,68.20140698411356,525215,526970,0.8394662608182042,5.229220132146513
5min,1,12,b_pers,rung0_none,3,0.0,14.667150174369716,3261.2005425115462,0.0622753416793006,68.20103990142034,525225,526970,0.6563801786127236,1.9101930033103385
5min,1,12,b_pers,rung1_global,3,0.04117092024153026,14.667150174369716,3261.2005425115462,0.0622753416793006,68.20103990142034,525225,526970,0.6563801786127236,1.9101930033103385
5min,1,12,b_pers,rung2_series,3,0.04393520887793094,14.667150174369716,3261.2005425115462,0.0622753416793006,68.20103990142034,525225,526970,0.6563801786127236,1.9101930033103385
5min,1,12,b_pers,rung3_cell,3,0.04530831131991877,14.667150174369716,3261.2005425115462,0.0622753416793006,68.20103990142034,525225,526970,0.6563801786127236,1.9101930033103385
5min,1,12,b_pers,rung5_instance,3,0.03335465899425407,14.667150174369716,3261.2005425115462,0.0622753416793006,68.20103990142034,525225,526970,0.6563801786127236,1.9101930033103385
5min,1,12,b_pers,rung4_shrunk,3,0.041550496190468154,14.667150174369716,3261.2005425115462,0.0622753416793006,68.20103990142034,525225,526970,0.6563801786127236,1.9101930033103385
5min,1,12,b_da,rung0_none,3,0.0,16.99812320859077,2909.5039881356815,0.08880262678542616,68.20140698411356,525215,526970,0.8428651279223444,5.363959742213063
5min,1,12,b_da,rung1_global,3,0.09423197133871844,16.99812320859077,2909.5039881356815,0.08880262678542616,68.20140698411356,525215,526970,0.8428651279223444,5.363959742213063
5min,1,12,b_da,rung2_series,3,0.09066189418459263,16.99812320859077,2909.5039881356815,0.08880262678542616,68.20140698411356,525215,526970,0.8428651279223444,5.363959742213063
5min,1,12,b_da,rung3_cell,3,0.0878217692386007,16.99812320859077,2909.5039881356815,0.08880262678542616,68.20140698411356,525215,526970,0.8428651279223444,5.363959742213063
5min,1,12,b_da,rung5_instance,3,0.057842737471229214,16.99812320859077,2909.5039881356815,0.08880262678542616,68.20140698411356,525215,526970,0.8428651279223444,5.363959742213063
5min,1,12,b_da,rung4_shrunk,3,0.05867774483930135,16.99812320859077,2909.5039881356815,0.08880262678542616,68.20140698411356,525215,526970,0.8428651279223444,5.363959742213063
5min,1,12,b_pers,rung0_none,4,0.0,14.667150174369716,3261.2005425115462,-0.007259102647574345,68.20103990142034,525225,526970,0.7922805706193463,3.814186149950675
5min,1,12,b_pers,rung1_global,4,-0.022706527308445846,14.667150174369716,3261.2005425115462,-0.007259102647574345,68.20103990142034,525225,526970,0.7922805706193463,3.814186149950675
5min,1,12,b_pers,rung2_series,4,-0.023673717119034765,14.667150174369716,3261.2005425115462,-0.007259102647574345,68.20103990142034,525225,526970,0.7922805706193463,3.814186149950675
5min,1,12,b_pers,rung3_cell,4,-0.022650106469679264,14.667150174369716,3261.2005425115462,-0.007259102647574345,68.20103990142034,525225,526970,0.7922805706193463,3.814186149950675
5min,1,12,b_pers,rung5_instance,4,-0.04552510327478687,14.667150174369716,3261.2005425115462,-0.007259102647574345,68.20103990142034,525225,526970,0.7922805706193463,3.814186149950675
5min,1,12,b_pers,rung4_shrunk,4,-0.04219990963468752,14.667150174369716,3261.2005425115462,-0.007259102647574345,68.20103990142034,525225,526970,0.7922805706193463,3.814186149950675
5min,1,12,b_da,rung0_none,4,0.0,16.99812320859077,2909.5039881356815,0.054948569797348634,68.20140698411356,525215,526970,0.8818738757170709,7.465527892922783
5min,1,12,b_da,rung1_global,4,0.057617036546777634,16.99812320859077,2909.5039881356815,0.054948569797348634,68.20140698411356,525215,526970,0.8818738757170709,7.465527892922783
5min,1,12,b_da,rung2_series,4,0.06632685042856479,16.99812320859077,2909.5039881356815,0.054948569797348634,68.20140698411356,525215,526970,0.8818738757170709,7.465527892922783
5min,1,12,b_da,rung3_cell,4,0.059763668280133575,16.99812320859077,2909.5039881356815,0.054948569797348634,68.20140698411356,525215,526970,0.8818738757170709,7.465527892922783
5min,1,12,b_da,rung5_instance,4,0.04228379756563607,16.99812320859077,2909.5039881356815,0.054948569797348634,68.20140698411356,525215,526970,0.8818738757170709,7.465527892922783
5min,1,12,b_da,rung4_shrunk,4,0.04264197199223183,16.99812320859077,2909.5039881356815,0.054948569797348634,68.20140698411356,525215,526970,0.8818738757170709,7.465527892922783
5min,24,288,b_pers,rung0_none,0,0.0,23.254100380201518,5269.16561848898,0.14586880581435424,68.27979458988865,523845,526970,0.845977548117981,5.492559933833534
5min,24,288,b_pers,rung1_global,0,0.13835637701981093,23.254100380201518,5269.16561848898,0.14586880581435424,68.27979458988865,523845,526970,0.845977548117981,5.492559933833534
5min,24,288,b_pers,rung2_series,0,0.13712716550348328,23.254100380201518,5269.16561848898,0.14586880581435424,68.27979458988865,523845,526970,0.845977548117981,5.492559933833534
5min,24,288,b_pers,rung3_cell,0,0.13430411310848203,23.254100380201518,5269.16561848898,0.14586880581435424,68.27979458988865,523845,526970,0.845977548117981,5.492559933833534
5min,24,288,b_pers,rung5_instance,0,0.13885784909425086,23.254100380201518,5269.16561848898,0.14586880581435424,68.27979458988865,523845,526970,0.845977548117981,5.492559933833534
5min,24,288,b_pers,rung4_shrunk,0,0.14494322303491816,23.254100380201518,5269.16561848898,0.14586880581435424,68.27979458988865,523845,526970,0.845977548117981,5.492559933833534
5min,24,288,b_da,rung0_none,0,0.0,17.02820939990646,2917.0325254798836,-0.0035098362463430455,68.28016385319603,523835,526970,0.8009298502151908,4.023354837884935
5min,24,288,b_da,rung1_global,0,-0.003435914888577152,17.02820939990646,2917.0325254798836,-0.0035098362463430455,68.28016385319603,523835,526970,0.8009298502151908,4.023354837884935
5min,24,288,b_da,rung2_series,0,-0.0015112922754086267,17.02820939990646,2917.0325254798836,-0.0035098362463430455,68.28016385319603,523835,526970,0.8009298502151908,4.023354837884935
5min,24,288,b_da,rung3_cell,0,-0.0015247421385517156,17.02820939990646,2917.0325254798836,-0.0035098362463430455,68.28016385319603,523835,526970,0.8009298502151908,4.023354837884935
5min,24,288,b_da,rung5_instance,0,-0.00348503808682783,17.02820939990646,2917.0325254798836,-0.0035098362463430455,68.28016385319603,523835,526970,0.8009298502151908,4.023354837884935
5min,24,288,b_da,rung4_shrunk,0,-0.0033721838662573943,17.02820939990646,2917.0325254798836,-0.0035098362463430455,68.28016385319603,523835,526970,0.8009298502151908,4.023354837884935
5min,24,288,b_pers,rung0_none,1,0.0,23.254100380201518,5269.16561848898,0.15095174269154532,68.27979458988865,523845,526970,0.8147012737815114,4.39669117218261
5min,24,288,b_pers,rung1_global,1,0.14537361427957995,23.254100380201518,5269.16561848898,0.15095174269154532,68.27979458988865,523845,526970,0.8147012737815114,4.39669117218261
5min,24,288,b_pers,rung2_series,1,0.1453748681546593,23.254100380201518,5269.16561848898,0.15095174269154532,68.27979458988865,523845,526970,0.8147012737815114,4.39669117218261
5min,24,288,b_pers,rung3_cell,1,0.13258268060361236,23.254100380201518,5269.16561848898,0.15095174269154532,68.27979458988865,523845,526970,0.8147012737815114,4.39669117218261
5min,24,288,b_pers,rung5_instance,1,0.13606796134665528,23.254100380201518,5269.16561848898,0.15095174269154532,68.27979458988865,523845,526970,0.8147012737815114,4.39669117218261
5min,24,288,b_pers,rung4_shrunk,1,0.14011223876828885,23.254100380201518,5269.16561848898,0.15095174269154532,68.27979458988865,523845,526970,0.8147012737815114,4.39669117218261
5min,24,288,b_da,rung0_none,1,0.0,17.02820939990646,2917.0325254798836,-0.006365163078176916,68.28016385319603,523835,526970,0.7780218480995402,3.5049478583298757
5min,24,288,b_da,rung1_global,1,-0.006578857475127054,17.02820939990646,2917.0325254798836,-0.006365163078176916,68.28016385319603,523835,526970,0.7780218480995402,3.5049478583298757
5min,24,288,b_da,rung2_series,1,-0.00342764760075438,17.02820939990646,2917.0325254798836,-0.006365163078176916,68.28016385319603,523835,526970,0.7780218480995402,3.5049478583298757
5min,24,288,b_da,rung3_cell,1,-0.0027215923600197645,17.02820939990646,2917.0325254798836,-0.006365163078176916,68.28016385319603,523835,526970,0.7780218480995402,3.5049478583298757
5min,24,288,b_da,rung5_instance,1,-0.002562557717122882,17.02820939990646,2917.0325254798836,-0.006365163078176916,68.28016385319603,523835,526970,0.7780218480995402,3.5049478583298757
5min,24,288,b_da,rung4_shrunk,1,-0.0027054570746607885,17.02820939990646,2917.0325254798836,-0.006365163078176916,68.28016385319603,523835,526970,0.7780218480995402,3.5049478583298757
5min,24,288,b_pers,rung0_none,2,0.0,23.254100380201518,5269.16561848898,0.14428498638060094,68.27979458988865,523845,526970,0.8781610207203132,7.207553985694976
5min,24,288,b_pers,rung1_global,2,0.13232089937867833,23.254100380201518,5269.16561848898,0.14428498638060094,68.27979458988865,523845,526970,0.8781610207203132,7.207553985694976
5min,24,288,b_pers,rung2_series,2,0.12997261955676706,23.254100380201518,5269.16561848898,0.14428498638060094,68.27979458988865,523845,526970,0.8781610207203132,7.207553985694976
5min,24,288,b_pers,rung3_cell,2,0.12526044971862355,23.254100380201518,5269.16561848898,0.14428498638060094,68.27979458988865,523845,526970,0.8781610207203132,7.207553985694976
5min,24,288,b_pers,rung5_instance,2,0.12480676492095386,23.254100380201518,5269.16561848898,0.14428498638060094,68.27979458988865,523845,526970,0.8781610207203132,7.207553985694976
5min,24,288,b_pers,rung4_shrunk,2,0.13019135377314334,23.254100380201518,5269.16561848898,0.14428498638060094,68.27979458988865,523845,526970,0.8781610207203132,7.207553985694976
5min,24,288,b_da,rung0_none,2,0.0,17.02820939990646,2917.0325254798836,-0.004820633217112125,68.28016385319603,523835,526970,0.8380149161915116,5.173407924289372
5min,24,288,b_da,rung1_global,2,-0.0051348301143486095,17.02820939990646,2917.0325254798836,-0.004820633217112125,68.28016385319603,523835,526970,0.8380149161915116,5.173407924289372
5min,24,288,b_da,rung2_series,2,-0.002346938596475745,17.02820939990646,2917.0325254798836,-0.004820633217112125,68.28016385319603,523835,526970,0.8380149161915116,5.173407924289372
5min,24,288,b_da,rung3_cell,2,-0.0028955261018449806,17.02820939990646,2917.0325254798836,-0.004820633217112125,68.28016385319603,523835,526970,0.8380149161915116,5.173407924289372
5min,24,288,b_da,rung5_instance,2,-0.0037847608263810615,17.02820939990646,2917.0325254798836,-0.004820633217112125,68.28016385319603,523835,526970,0.8380149161915116,5.173407924289372
5min,24,288,b_da,rung4_shrunk,2,-0.003751916987289494,17.02820939990646,2917.0325254798836,-0.004820633217112125,68.28016385319603,523835,526970,0.8380149161915116,5.173407924289372
5min,24,288,b_pers,rung0_none,3,0.0,23.254100380201518,5269.16561848898,0.16516586254160337,68.27979458988865,523845,526970,0.8143054079361748,4.385186444505014
5min,24,288,b_pers,rung1_global,3,0.15607448933662793,23.254100380201518,5269.16561848898,0.16516586254160337,68.27979458988865,523845,526970,0.8143054079361748,4.385186444505014
5min,24,288,b_pers,rung2_series,3,0.1550147596860116,23.254100380201518,5269.16561848898,0.16516586254160337,68.27979458988865,523845,526970,0.8143054079361748,4.385186444505014
5min,24,288,b_pers,rung3_cell,3,0.15582617316833292,23.254100380201518,5269.16561848898,0.16516586254160337,68.27979458988865,523845,526970,0.8143054079361748,4.385186444505014
5min,24,288,b_pers,rung5_instance,3,0.1616892413687867,23.254100380201518,5269.16561848898,0.16516586254160337,68.27979458988865,523845,526970,0.8143054079361748,4.385186444505014
5min,24,288,b_pers,rung4_shrunk,3,0.164428227920563,23.254100380201518,5269.16561848898,0.16516586254160337,68.27979458988865,523845,526970,0.8143054079361748,4.385186444505014
5min,24,288,b_da,rung0_none,3,0.0,17.02820939990646,2917.0325254798836,-0.010852218610692521,68.28016385319603,523835,526970,0.8065318444558177,4.168809291571659
5min,24,288,b_da,rung1_global,3,-0.010749920113887068,17.02820939990646,2917.0325254798836,-0.010852218610692521,68.28016385319603,523835,526970,0.8065318444558177,4.168809291571659
5min,24,288,b_da,rung2_series,3,-0.007925850641421617,17.02820939990646,2917.0325254798836,-0.010852218610692521,68.28016385319603,523835,526970,0.8065318444558177,4.168809291571659
5min,24,288,b_da,rung3_cell,3,-0.007068159567937382,17.02820939990646,2917.0325254798836,-0.010852218610692521,68.28016385319603,523835,526970,0.8065318444558177,4.168809291571659
5min,24,288,b_da,rung5_instance,3,-0.008068230995360758,17.02820939990646,2917.0325254798836,-0.010852218610692521,68.28016385319603,523835,526970,0.8065318444558177,4.168809291571659
5min,24,288,b_da,rung4_shrunk,3,-0.008204479790982332,17.02820939990646,2917.0325254798836,-0.010852218610692521,68.28016385319603,523835,526970,0.8065318444558177,4.168809291571659
5min,24,288,b_pers,rung0_none,4,0.0,23.254100380201518,5269.16561848898,0.15615545883825332,68.27979458988865,523845,526970,0.9152234713120121,10.795717700124356
5min,24,288,b_pers,rung1_global,4,0.1569093481192827,23.254100380201518,5269.16561848898,0.15615545883825332,68.27979458988865,523845,526970,0.9152234713120121,10.795717700124356
5min,24,288,b_pers,rung2_series,4,0.15636055945489988,23.254100380201518,5269.16561848898,0.15615545883825332,68.27979458988865,523845,526970,0.9152234713120121,10.795717700124356
5min,24,288,b_pers,rung3_cell,4,0.1535916869217641,23.254100380201518,5269.16561848898,0.15615545883825332,68.27979458988865,523845,526970,0.9152234713120121,10.795717700124356
5min,24,288,b_pers,rung5_instance,4,0.15221007149633284,23.254100380201518,5269.16561848898,0.15615545883825332,68.27979458988865,523845,526970,0.9152234713120121,10.795717700124356
5min,24,288,b_pers,rung4_shrunk,4,0.15462838219439964,23.254100380201518,5269.16561848898,0.15615545883825332,68.27979458988865,523845,526970,0.9152234713120121,10.795717700124356
5min,24,288,b_da,rung0_none,4,0.0,17.02820939990646,2917.0325254798836,-0.002340780341994364,68.28016385319603,523835,526970,0.8184497209147289,4.508116016336811
5min,24,288,b_da,rung1_global,4,-0.0024572592495679226,17.02820939990646,2917.0325254798836,-0.002340780341994364,68.28016385319603,523835,526970,0.8184497209147289,4.508116016336811
5min,24,288,b_da,rung2_series,4,-0.0010829506800209554,17.02820939990646,2917.0325254798836,-0.002340780341994364,68.28016385319603,523835,526970,0.8184497209147289,4.508116016336811
5min,24,288,b_da,rung3_cell,4,-0.0010535275662537202,17.02820939990646,2917.0325254798836,-0.002340780341994364,68.28016385319603,523835,526970,0.8184497209147289,4.508116016336811
5min,24,288,b_da,rung5_instance,4,-0.002726249810270076,17.02820939990646,2917.0325254798836,-0.002340780341994364,68.28016385319603,523835,526970,0.8184497209147289,4.508116016336811
5min,24,288,b_da,rung4_shrunk,4,-0.002709675689188362,17.02820939990646,2917.0325254798836,-0.002340780341994364,68.28016385319603,523835,526970,0.8184497209147289,4.508116016336811
15min,1,4,b_pers,rung0_none,0,0.0,13.923137290324862,2763.970585524456,0.06315195063351597,66.41333485139725,175115,175660,0.5229803212261441,1.096349573188315
15min,1,4,b_pers,rung1_global,0,0.061942669925746506,13.923137290324862,2763.970585524456,0.06315195063351597,66.41333485139725,175115,175660,0.5229803212261441,1.096349573188315
15min,1,4,b_pers,rung2_series,0,0.06281613518959939,13.923137290324862,2763.970585524456,0.06315195063351597,66.41333485139725,175115,175660,0.5229803212261441,1.096349573188315
15min,1,4,b_pers,rung3_cell,0,0.06470619318250634,13.923137290324862,2763.970585524456,0.06315195063351597,66.41333485139725,175115,175660,0.5229803212261441,1.096349573188315
15min,1,4,b_pers,rung5_instance,0,0.04755582469194399,13.923137290324862,2763.970585524456,0.06315195063351597,66.41333485139725,175115,175660,0.5229803212261441,1.096349573188315
15min,1,4,b_pers,rung4_shrunk,0,0.05092129876795668,13.923137290324862,2763.970585524456,0.06315195063351597,66.41333485139725,175115,175660,0.5229803212261441,1.096349573188315
15min,1,4,b_da,rung0_none,0,0.0,16.616283284452493,2665.168309563332,0.10117830023728758,66.41368477085295,175110,175660,0.7690732236530422,3.3303769957691776
15min,1,4,b_da,rung1_global,0,0.10294143527748553,16.616283284452493,2665.168309563332,0.10117830023728758,66.41368477085295,175110,175660,0.7690732236530422,3.3303769957691776
15min,1,4,b_da,rung2_series,0,0.10316919150286348,16.616283284452493,2665.168309563332,0.10117830023728758,66.41368477085295,175110,175660,0.7690732236530422,3.3303769957691776
15min,1,4,b_da,rung3_cell,0,0.09787404915894031,16.616283284452493,2665.168309563332,0.10117830023728758,66.41368477085295,175110,175660,0.7690732236530422,3.3303769957691776
15min,1,4,b_da,rung5_instance,0,0.09177009919744025,16.616283284452493,2665.168309563332,0.10117830023728758,66.41368477085295,175110,175660,0.7690732236530422,3.3303769957691776
15min,1,4,b_da,rung4_shrunk,0,0.09557310662249167,16.616283284452493,2665.168309563332,0.10117830023728758,66.41368477085295,175110,175660,0.7690732236530422,3.3303769957691776
15min,1,4,b_pers,rung0_none,1,0.0,13.923137290324862,2763.970585524456,0.048308805915446396,66.41333485139725,175115,175660,0.5098274061274484,1.0400977380224712
15min,1,4,b_pers,rung1_global,1,0.029306208655099274,13.923137290324862,2763.970585524456,0.048308805915446396,66.41333485139725,175115,175660,0.5098274061274484,1.0400977380224712
15min,1,4,b_pers,rung2_series,1,0.03366186832555176,13.923137290324862,2763.970585524456,0.048308805915446396,66.41333485139725,175115,175660,0.5098274061274484,1.0400977380224712
15min,1,4,b_pers,rung3_cell,1,0.033487857541975474,13.923137290324862,2763.970585524456,0.048308805915446396,66.41333485139725,175115,175660,0.5098274061274484,1.0400977380224712
15min,1,4,b_pers,rung5_instance,1,0.013592928223986634,13.923137290324862,2763.970585524456,0.048308805915446396,66.41333485139725,175115,175660,0.5098274061274484,1.0400977380224712
15min,1,4,b_pers,rung4_shrunk,1,0.02125885672504093,13.923137290324862,2763.970585524456,0.048308805915446396,66.41333485139725,175115,175660,0.5098274061274484,1.0400977380224712
15min,1,4,b_da,rung0_none,1,0.0,16.616283284452493,2665.168309563332,0.08529677855377671,66.41368477085295,175110,175660,0.7729938808925404,3.405167596062123
15min,1,4,b_da,rung1_global,1,0.09085701494136678,16.616283284452493,2665.168309563332,0.08529677855377671,66.41368477085295,175110,175660,0.7729938808925404,3.405167596062123
15min,1,4,b_da,rung2_series,1,0.08883073950108025,16.616283284452493,2665.168309563332,0.08529677855377671,66.41368477085295,175110,175660,0.7729938808925404,3.405167596062123
15min,1,4,b_da,rung3_cell,1,0.08484553527629202,16.616283284452493,2665.168309563332,0.08529677855377671,66.41368477085295,175110,175660,0.7729938808925404,3.405167596062123
15min,1,4,b_da,rung5_instance,1,0.07977896229907935,16.616283284452493,2665.168309563332,0.08529677855377671,66.41368477085295,175110,175660,0.7729938808925404,3.405167596062123
15min,1,4,b_da,rung4_shrunk,1,0.08076817687619005,16.616283284452493,2665.168309563332,0.08529677855377671,66.41368477085295,175110,175660,0.7729938808925404,3.405167596062123
15min,1,4,b_pers,rung0_none,2,0.0,13.923137290324862,2763.970585524456,0.02181604058024955,66.41333485139725,175115,175660,0.548742873426284,1.2160314842953355
15min,1,4,b_pers,rung1_global,2,0.028926846323237655,13.923137290324862,2763.970585524456,0.02181604058024955,66.41333485139725,175115,175660,0.548742873426284,1.2160314842953355
15min,1,4,b_pers,rung2_series,2,0.028974687755720274,13.923137290324862,2763.970585524456,0.02181604058024955,66.41333485139725,175115,175660,0.548742873426284,1.2160314842953355
15min,1,4,b_pers,rung3_cell,2,0.028786591705499576,13.923137290324862,2763.970585524456,0.02181604058024955,66.41333485139725,175115,175660,0.548742873426284,1.2160314842953355
15min,1,4,b_pers,rung5_instance,2,0.008602613349456112,13.923137290324862,2763.970585524456,0.02181604058024955,66.41333485139725,175115,175660,0.548742873426284,1.2160314842953355
15min,1,4,b_pers,rung4_shrunk,2,0.015919297263354327,13.923137290324862,2763.970585524456,0.02181604058024955,66.41333485139725,175115,175660,0.548742873426284,1.2160314842953355
15min,1,4,b_da,rung0_none,2,0.0,16.616283284452493,2665.168309563332,0.07930446611485154,66.41368477085295,175110,175660,0.8028339449446771,4.0718669586375285
15min,1,4,b_da,rung1_global,2,0.08311411673818263,16.616283284452493,2665.168309563332,0.07930446611485154,66.41368477085295,175110,175660,0.8028339449446771,4.0718669586375285
15min,1,4,b_da,rung2_series,2,0.08318138921264176,16.616283284452493,2665.168309563332,0.07930446611485154,66.41368477085295,175110,175660,0.8028339449446771,4.0718669586375285
15min,1,4,b_da,rung3_cell,2,0.07827454467872327,16.616283284452493,2665.168309563332,0.07930446611485154,66.41368477085295,175110,175660,0.8028339449446771,4.0718669586375285
15min,1,4,b_da,rung5_instance,2,0.05624794775805662,16.616283284452493,2665.168309563332,0.07930446611485154,66.41368477085295,175110,175660,0.8028339449446771,4.0718669586375285
15min,1,4,b_da,rung4_shrunk,2,0.059316206611364275,16.616283284452493,2665.168309563332,0.07930446611485154,66.41368477085295,175110,175660,0.8028339449446771,4.0718669586375285
15min,1,4,b_pers,rung0_none,3,0.0,13.923137290324862,2763.970585524456,0.04859839344328498,66.41333485139725,175115,175660,0.48877065141216613,0.9560692334317167
15min,1,4,b_pers,rung1_global,3,0.0370347588015197,13.923137290324862,2763.970585524456,0.04859839344328498,66.41333485139725,175115,175660,0.48877065141216613,0.9560692334317167
15min,1,4,b_pers,rung2_series,3,0.016774716331703778,13.923137290324862,2763.970585524456,0.04859839344328498,66.41333485139725,175115,175660,0.48877065141216613,0.9560692334317167
15min,1,4,b_pers,rung3_cell,3,0.0150986091950708,13.923137290324862,2763.970585524456,0.04859839344328498,66.41333485139725,175115,175660,0.48877065141216613,0.9560692334317167
15min,1,4,b_pers,rung5_instance,3,0.0318874011072164,13.923137290324862,2763.970585524456,0.04859839344328498,66.41333485139725,175115,175660,0.48877065141216613,0.9560692334317167
15min,1,4,b_pers,rung4_shrunk,3,0.03002776918589687,13.923137290324862,2763.970585524456,0.04859839344328498,66.41333485139725,175115,175660,0.48877065141216613,0.9560692334317167
15min,1,4,b_da,rung0_none,3,0.0,16.616283284452493,2665.168309563332,0.1069342651536932,66.41368477085295,175110,175660,0.7857425815111809,3.667282967624221
15min,1,4,b_da,rung1_global,3,0.11310067420541818,16.616283284452493,2665.168309563332,0.1069342651536932,66.41368477085295,175110,175660,0.7857425815111809,3.667282967624221
15min,1,4,b_da,rung2_series,3,0.11297924929247183,16.616283284452493,2665.168309563332,0.1069342651536932,66.41368477085295,175110,175660,0.7857425815111809,3.667282967624221
15min,1,4,b_da,rung3_cell,3,0.10312806885017997,16.616283284452493,2665.168309563332,0.1069342651536932,66.41368477085295,175110,175660,0.7857425815111809,3.667282967624221
15min,1,4,b_da,rung5_instance,3,0.08799806135513846,16.616283284452493,2665.168309563332,0.1069342651536932,66.41368477085295,175110,175660,0.7857425815111809,3.667282967624221
15min,1,4,b_da,rung4_shrunk,3,0.09075155731991832,16.616283284452493,2665.168309563332,0.1069342651536932,66.41368477085295,175110,175660,0.7857425815111809,3.667282967624221
15min,1,4,b_pers,rung0_none,4,0.0,13.923137290324862,2763.970585524456,0.05042008117421637,66.41333485139725,175115,175660,0.566705164306754,1.3078973429259992
15min,1,4,b_pers,rung1_global,4,0.03971495775107579,13.923137290324862,2763.970585524456,0.05042008117421637,66.41333485139725,175115,175660,0.566705164306754,1.3078973429259992
15min,1,4,b_pers,rung2_series,4,0.034875944998895014,13.923137290324862,2763.970585524456,0.05042008117421637,66.41333485139725,175115,175660,0.566705164306754,1.3078973429259992
15min,1,4,b_pers,rung3_cell,4,0.034563677480870705,13.923137290324862,2763.970585524456,0.05042008117421637,66.41333485139725,175115,175660,0.566705164306754,1.3078973429259992
15min,1,4,b_pers,rung5_instance,4,0.026310961662584287,13.923137290324862,2763.970585524456,0.05042008117421637,66.41333485139725,175115,175660,0.566705164306754,1.3078973429259992
15min,1,4,b_pers,rung4_shrunk,4,0.034274119367393954,13.923137290324862,2763.970585524456,0.05042008117421637,66.41333485139725,175115,175660,0.566705164306754,1.3078973429259992
15min,1,4,b_da,rung0_none,4,0.0,16.616283284452493,2665.168309563332,0.09166489438451997,66.41368477085295,175110,175660,0.7986421736575546,3.966283248902972
15min,1,4,b_da,rung1_global,4,0.09634120206946743,16.616283284452493,2665.168309563332,0.09166489438451997,66.41368477085295,175110,175660,0.7986421736575546,3.966283248902972
15min,1,4,b_da,rung2_series,4,0.09208228045312869,16.616283284452493,2665.168309563332,0.09166489438451997,66.41368477085295,175110,175660,0.7986421736575546,3.966283248902972
15min,1,4,b_da,rung3_cell,4,0.08649582405353207,16.616283284452493,2665.168309563332,0.09166489438451997,66.41368477085295,175110,175660,0.7986421736575546,3.966283248902972
15min,1,4,b_da,rung5_instance,4,0.07829874765013964,16.616283284452493,2665.168309563332,0.09166489438451997,66.41368477085295,175110,175660,0.7986421736575546,3.966283248902972
15min,1,4,b_da,rung4_shrunk,4,0.08031868277524334,16.616283284452493,2665.168309563332,0.09166489438451997,66.41368477085295,175110,175660,0.7986421736575546,3.966283248902972
15min,24,96,b_pers,rung0_none,0,0.0,22.783298652036457,4792.099835494774,0.12422788258740747,66.48945568786452,174655,175660,0.7756928477200105,3.45817259875761
15min,24,96,b_pers,rung1_global,0,0.11700677661109946,22.783298652036457,4792.099835494774,0.12422788258740747,66.48945568786452,174655,175660,0.7756928477200105,3.45817259875761
15min,24,96,b_pers,rung2_series,0,0.11230684455135187,22.783298652036457,4792.099835494774,0.12422788258740747,66.48945568786452,174655,175660,0.7756928477200105,3.45817259875761
15min,24,96,b_pers,rung3_cell,0,0.11057687504432737,22.783298652036457,4792.099835494774,0.12422788258740747,66.48945568786452,174655,175660,0.7756928477200105,3.45817259875761
15min,24,96,b_pers,rung5_instance,0,0.12970331104068794,22.783298652036457,4792.099835494774,0.12422788258740747,66.48945568786452,174655,175660,0.7756928477200105,3.45817259875761
15min,24,96,b_pers,rung4_shrunk,0,0.1291580153145721,22.783298652036457,4792.099835494774,0.12422788258740747,66.48945568786452,174655,175660,0.7756928477200105,3.45817259875761
15min,24,96,b_da,rung0_none,0,0.0,16.645514266287677,2672.05872471329,-0.004917939994485421,66.48980959858085,174650,175660,0.7036897601437329,2.3748411816111235
15min,24,96,b_da,rung1_global,0,-0.004885236944078964,16.645514266287677,2672.05872471329,-0.004917939994485421,66.48980959858085,174650,175660,0.7036897601437329,2.3748411816111235
15min,24,96,b_da,rung2_series,0,-0.002840571026922145,16.645514266287677,2672.05872471329,-0.004917939994485421,66.48980959858085,174650,175660,0.7036897601437329,2.3748411816111235
15min,24,96,b_da,rung3_cell,0,-0.002526466890654877,16.645514266287677,2672.05872471329,-0.004917939994485421,66.48980959858085,174650,175660,0.7036897601437329,2.3748411816111235
15min,24,96,b_da,rung5_instance,0,-0.005586305235950162,16.645514266287677,2672.05872471329,-0.004917939994485421,66.48980959858085,174650,175660,0.7036897601437329,2.3748411816111235
15min,24,96,b_da,rung4_shrunk,0,-0.0052460744465024686,16.645514266287677,2672.05872471329,-0.004917939994485421,66.48980959858085,174650,175660,0.7036897601437329,2.3748411816111235
15min,24,96,b_pers,rung0_none,1,0.0,22.783298652036457,4792.099835494774,0.10461947299132413,66.48945568786452,174655,175660,0.7515917587591814,3.0256313357597224
15min,24,96,b_pers,rung1_global,1,0.09471701759962467,22.783298652036457,4792.099835494774,0.10461947299132413,66.48945568786452,174655,175660,0.7515917587591814,3.0256313357597224
15min,24,96,b_pers,rung2_series,1,0.08978153337799713,22.783298652036457,4792.099835494774,0.10461947299132413,66.48945568786452,174655,175660,0.7515917587591814,3.0256313357597224
15min,24,96,b_pers,rung3_cell,1,0.08678240392128796,22.783298652036457,4792.099835494774,0.10461947299132413,66.48945568786452,174655,175660,0.7515917587591814,3.0256313357597224
15min,24,96,b_pers,rung5_instance,1,0.11981803718672406,22.783298652036457,4792.099835494774,0.10461947299132413,66.48945568786452,174655,175660,0.7515917587591814,3.0256313357597224
15min,24,96,b_pers,rung4_shrunk,1,0.11987362497695911,22.783298652036457,4792.099835494774,0.10461947299132413,66.48945568786452,174655,175660,0.7515917587591814,3.0256313357597224
15min,24,96,b_da,rung0_none,1,0.0,16.645514266287677,2672.05872471329,0.0021281659922672835,66.48980959858085,174650,175660,0.7239710521874431,2.6228084334077533
15min,24,96,b_da,rung1_global,1,0.0023322650168544623,16.645514266287677,2672.05872471329,0.0021281659922672835,66.48980959858085,174650,175660,0.7239710521874431,2.6228084334077533
15min,24,96,b_da,rung2_series,1,0.0022807804397884544,16.645514266287677,2672.05872471329,0.0021281659922672835,66.48980959858085,174650,175660,0.7239710521874431,2.6228084334077533
15min,24,96,b_da,rung3_cell,1,0.002079254442482914,16.645514266287677,2672.05872471329,0.0021281659922672835,66.48980959858085,174650,175660,0.7239710521874431,2.6228084334077533
15min,24,96,b_da,rung5_instance,1,0.0007941483449144249,16.645514266287677,2672.05872471329,0.0021281659922672835,66.48980959858085,174650,175660,0.7239710521874431,2.6228084334077533
15min,24,96,b_da,rung4_shrunk,1,0.0009138162298336638,16.645514266287677,2672.05872471329,0.0021281659922672835,66.48980959858085,174650,175660,0.7239710521874431,2.6228084334077533
15min,24,96,b_pers,rung0_none,2,0.0,22.783298652036457,4792.099835494774,0.11863296699078318,66.48945568786452,174655,175660,0.742920962544277,2.8898543027734456
15min,24,96,b_pers,rung1_global,2,0.12075594209039742,22.783298652036457,4792.099835494774,0.11863296699078318,66.48945568786452,174655,175660,0.742920962544277,2.8898543027734456
15min,24,96,b_pers,rung2_series,2,0.1199889204104165,22.783298652036457,4792.099835494774,0.11863296699078318,66.48945568786452,174655,175660,0.742920962544277,2.8898543027734456
15min,24,96,b_pers,rung3_cell,2,0.11742534814337699,22.783298652036457,4792.099835494774,0.11863296699078318,66.48945568786452,174655,175660,0.742920962544277,2.8898543027734456
15min,24,96,b_pers,rung5_instance,2,0.09834360382525112,22.783298652036457,4792.099835494774,0.11863296699078318,66.48945568786452,174655,175660,0.742920962544277,2.8898543027734456
15min,24,96,b_pers,rung4_shrunk,2,0.10237877086567686,22.783298652036457,4792.099835494774,0.11863296699078318,66.48945568786452,174655,175660,0.742920962544277,2.8898543027734456
15min,24,96,b_da,rung0_none,2,0.0,16.645514266287677,2672.05872471329,-0.0023979838210779203,66.48980959858085,174650,175660,0.6500322720725867,1.857406326926835
15min,24,96,b_da,rung1_global,2,-0.0024298431463228186,16.645514266287677,2672.05872471329,-0.0023979838210779203,66.48980959858085,174650,175660,0.6500322720725867,1.857406326926835
15min,24,96,b_da,rung2_series,2,-0.0012016743889992298,16.645514266287677,2672.05872471329,-0.0023979838210779203,66.48980959858085,174650,175660,0.6500322720725867,1.857406326926835
15min,24,96,b_da,rung3_cell,2,-0.001000044428551572,16.645514266287677,2672.05872471329,-0.0023979838210779203,66.48980959858085,174650,175660,0.6500322720725867,1.857406326926835
15min,24,96,b_da,rung5_instance,2,-0.0026331055129216628,16.645514266287677,2672.05872471329,-0.0023979838210779203,66.48980959858085,174650,175660,0.6500322720725867,1.857406326926835
15min,24,96,b_da,rung4_shrunk,2,-0.002653225462721531,16.645514266287677,2672.05872471329,-0.0023979838210779203,66.48980959858085,174650,175660,0.6500322720725867,1.857406326926835
15min,24,96,b_pers,rung0_none,3,0.0,22.783298652036457,4792.099835494774,0.10812554336511648,66.48945568786452,174655,175660,0.7774932184714797,3.494245043366566
15min,24,96,b_pers,rung1_global,3,0.09436504304321724,22.783298652036457,4792.099835494774,0.10812554336511648,66.48945568786452,174655,175660,0.7774932184714797,3.494245043366566
15min,24,96,b_pers,rung2_series,3,0.08894458187303253,22.783298652036457,4792.099835494774,0.10812554336511648,66.48945568786452,174655,175660,0.7774932184714797,3.494245043366566
15min,24,96,b_pers,rung3_cell,3,0.08258618946423242,22.783298652036457,4792.099835494774,0.10812554336511648,66.48945568786452,174655,175660,0.7774932184714797,3.494245043366566
15min,24,96,b_pers,rung5_instance,3,0.07654395821533086,22.783298652036457,4792.099835494774,0.10812554336511648,66.48945568786452,174655,175660,0.7774932184714797,3.494245043366566
15min,24,96,b_pers,rung4_shrunk,3,0.07931616796723713,22.783298652036457,4792.099835494774,0.10812554336511648,66.48945568786452,174655,175660,0.7774932184714797,3.494245043366566
15min,24,96,b_da,rung0_none,3,0.0,16.645514266287677,2672.05872471329,-0.002267583055554967,66.48980959858085,174650,175660,0.7248884992036553,2.6348898432285632
15min,24,96,b_da,rung1_global,3,-0.00224808956090321,16.645514266287677,2672.05872471329,-0.002267583055554967,66.48980959858085,174650,175660,0.7248884992036553,2.6348898432285632
15min,24,96,b_da,rung2_series,3,-0.0007162767308571017,16.645514266287677,2672.05872471329,-0.002267583055554967,66.48980959858085,174650,175660,0.7248884992036553,2.6348898432285632
15min,24,96,b_da,rung3_cell,3,-0.0008219666185536933,16.645514266287677,2672.05872471329,-0.002267583055554967,66.48980959858085,174650,175660,0.7248884992036553,2.6348898432285632
15min,24,96,b_da,rung5_instance,3,-0.0026956141875189576,16.645514266287677,2672.05872471329,-0.002267583055554967,66.48980959858085,174650,175660,0.7248884992036553,2.6348898432285632
15min,24,96,b_da,rung4_shrunk,3,-0.002496251891692758,16.645514266287677,2672.05872471329,-0.002267583055554967,66.48980959858085,174650,175660,0.7248884992036553,2.6348898432285632
15min,24,96,b_pers,rung0_none,4,0.0,22.783298652036457,4792.099835494774,0.11422943988496692,66.48945568786452,174655,175660,0.779282189466306,3.5306719814862566
15min,24,96,b_pers,rung1_global,4,0.10736008761192317,22.783298652036457,4792.099835494774,0.11422943988496692,66.48945568786452,174655,175660,0.779282189466306,3.5306719814862566
15min,24,96,b_pers,rung2_series,4,0.10655569898529511,22.783298652036457,4792.099835494774,0.11422943988496692,66.48945568786452,174655,175660,0.779282189466306,3.5306719814862566
15min,24,96,b_pers,rung3_cell,4,0.1086483849452945,22.783298652036457,4792.099835494774,0.11422943988496692,66.48945568786452,174655,175660,0.779282189466306,3.5306719814862566
15min,24,96,b_pers,rung5_instance,4,0.12337763396991423,22.783298652036457,4792.099835494774,0.11422943988496692,66.48945568786452,174655,175660,0.779282189466306,3.5306719814862566
15min,24,96,b_pers,rung4_shrunk,4,0.12393768964794061,22.783298652036457,4792.099835494774,0.11422943988496692,66.48945568786452,174655,175660,0.779282189466306,3.5306719814862566
15min,24,96,b_da,rung0_none,4,0.0,16.645514266287677,2672.05872471329,-0.0013858945632871933,66.48980959858085,174650,175660,0.695311905240936,2.2820448754020495
15min,24,96,b_da,rung1_global,4,-0.0013781652113712185,16.645514266287677,2672.05872471329,-0.0013858945632871933,66.48980959858085,174650,175660,0.695311905240936,2.2820448754020495
15min,24,96,b_da,rung2_series,4,-0.0005663209800514047,16.645514266287677,2672.05872471329,-0.0013858945632871933,66.48980959858085,174650,175660,0.695311905240936,2.2820448754020495
15min,24,96,b_da,rung3_cell,4,-0.0006652374429764407,16.645514266287677,2672.05872471329,-0.0013858945632871933,66.48980959858085,174650,175660,0.695311905240936,2.2820448754020495
15min,24,96,b_da,rung5_instance,4,-0.0009766752109553246,16.645514266287677,2672.05872471329,-0.0013858945632871933,66.48980959858085,174650,175660,0.695311905240936,2.2820448754020495
15min,24,96,b_da,rung4_shrunk,4,-0.0007154994892219158,16.645514266287677,2672.05872471329,-0.0013858945632871933,66.48980959858085,174650,175660,0.695311905240936,2.2820448754020495
1h,1,1,b_pers,rung0_none,0,0.0,11.926111162857358,1938.892362437369,0.08214187335469303,63.314655244068966,43785,43915,0.40947732898617956,0.6934150864744637
1h,1,1,b_pers,rung1_global,0,0.10600928594847203,11.926111162857358,1938.892362437369,0.08214187335469303,63.314655244068966,43785,43915,0.40947732898617956,0.6934150864744637
1h,1,1,b_pers,rung2_series,0,0.10374848913732888,11.926111162857358,1938.892362437369,0.08214187335469303,63.314655244068966,43785,43915,0.40947732898617956,0.6934150864744637
1h,1,1,b_pers,rung3_cell,0,0.10338823833249225,11.926111162857358,1938.892362437369,0.08214187335469303,63.314655244068966,43785,43915,0.40947732898617956,0.6934150864744637
1h,1,1,b_pers,rung5_instance,0,0.09930316712935654,11.926111162857358,1938.892362437369,0.08214187335469303,63.314655244068966,43785,43915,0.40947732898617956,0.6934150864744637
1h,1,1,b_pers,rung4_shrunk,0,0.10554845062594534,11.926111162857358,1938.892362437369,0.08214187335469303,63.314655244068966,43785,43915,0.40947732898617956,0.6934150864744637
1h,1,1,b_da,rung0_none,0,0.0,15.532693161136319,2254.506275715548,0.07051523713561414,63.315761305155114,43780,43915,0.6724029122286492,2.0525301882352474
1h,1,1,b_da,rung1_global,0,0.08052460801856923,15.532693161136319,2254.506275715548,0.07051523713561414,63.315761305155114,43780,43915,0.6724029122286492,2.0525301882352474
1h,1,1,b_da,rung2_series,0,0.07827119236818361,15.532693161136319,2254.506275715548,0.07051523713561414,63.315761305155114,43780,43915,0.6724029122286492,2.0525301882352474
1h,1,1,b_da,rung3_cell,0,0.07604938135103008,15.532693161136319,2254.506275715548,0.07051523713561414,63.315761305155114,43780,43915,0.6724029122286492,2.0525301882352474
1h,1,1,b_da,rung5_instance,0,0.05520471447818476,15.532693161136319,2254.506275715548,0.07051523713561414,63.315761305155114,43780,43915,0.6724029122286492,2.0525301882352474
1h,1,1,b_da,rung4_shrunk,0,0.05994717937295604,15.532693161136319,2254.506275715548,0.07051523713561414,63.315761305155114,43780,43915,0.6724029122286492,2.0525301882352474
1h,1,1,b_pers,rung0_none,1,0.0,11.926111162857358,1938.892362437369,0.061386779669734715,63.314655244068966,43785,43915,0.48050359808455334,0.9249411474514125
1h,1,1,b_pers,rung1_global,1,0.07663781786585741,11.926111162857358,1938.892362437369,0.061386779669734715,63.314655244068966,43785,43915,0.48050359808455334,0.9249411474514125
1h,1,1,b_pers,rung2_series,1,0.07720010816143781,11.926111162857358,1938.892362437369,0.061386779669734715,63.314655244068966,43785,43915,0.48050359808455334,0.9249411474514125
1h,1,1,b_pers,rung3_cell,1,0.07286188145170928,11.926111162857358,1938.892362437369,0.061386779669734715,63.314655244068966,43785,43915,0.48050359808455334,0.9249411474514125
1h,1,1,b_pers,rung5_instance,1,0.061990016531996185,11.926111162857358,1938.892362437369,0.061386779669734715,63.314655244068966,43785,43915,0.48050359808455334,0.9249411474514125
1h,1,1,b_pers,rung4_shrunk,1,0.07354923891895442,11.926111162857358,1938.892362437369,0.061386779669734715,63.314655244068966,43785,43915,0.48050359808455334,0.9249411474514125
1h,1,1,b_da,rung0_none,1,0.0,15.532693161136319,2254.506275715548,0.06284616028645407,63.315761305155114,43780,43915,0.6182986401230897,1.619849193941767
1h,1,1,b_da,rung1_global,1,0.07163141378404254,15.532693161136319,2254.506275715548,0.06284616028645407,63.315761305155114,43780,43915,0.6182986401230897,1.619849193941767
1h,1,1,b_da,rung2_series,1,0.07095765383865105,15.532693161136319,2254.506275715548,0.06284616028645407,63.315761305155114,43780,43915,0.6182986401230897,1.619849193941767
1h,1,1,b_da,rung3_cell,1,0.06626261703897765,15.532693161136319,2254.506275715548,0.06284616028645407,63.315761305155114,43780,43915,0.6182986401230897,1.619849193941767
1h,1,1,b_da,rung5_instance,1,0.011142281016716571,15.532693161136319,2254.506275715548,0.06284616028645407,63.315761305155114,43780,43915,0.6182986401230897,1.619849193941767
1h,1,1,b_da,rung4_shrunk,1,0.015793333877009607,15.532693161136319,2254.506275715548,0.06284616028645407,63.315761305155114,43780,43915,0.6182986401230897,1.619849193941767
1h,1,1,b_pers,rung0_none,2,0.0,11.926111162857358,1938.892362437369,0.08090558179336615,63.314655244068966,43785,43915,0.38359191414841415,0.6223018856387496
1h,1,1,b_pers,rung1_global,2,0.104563368582235,11.926111162857358,1938.892362437369,0.08090558179336615,63.314655244068966,43785,43915,0.38359191414841415,0.6223018856387496
1h,1,1,b_pers,rung2_series,2,0.10447975896806913,11.926111162857358,1938.892362437369,0.08090558179336615,63.314655244068966,43785,43915,0.38359191414841415,0.6223018856387496
1h,1,1,b_pers,rung3_cell,2,0.10660447375802104,11.926111162857358,1938.892362437369,0.08090558179336615,63.314655244068966,43785,43915,0.38359191414841415,0.6223018856387496
1h,1,1,b_pers,rung5_instance,2,0.10171773215938429,11.926111162857358,1938.892362437369,0.08090558179336615,63.314655244068966,43785,43915,0.38359191414841415,0.6223018856387496
1h,1,1,b_pers,rung4_shrunk,2,0.10755464698316271,11.926111162857358,1938.892362437369,0.08090558179336615,63.314655244068966,43785,43915,0.38359191414841415,0.6223018856387496
1h,1,1,b_da,rung0_none,2,0.0,15.532693161136319,2254.506275715548,0.06407492327824371,63.315761305155114,43780,43915,0.5687111834494127,1.3186318810627142
1h,1,1,b_da,rung1_global,2,0.07096018005454015,15.532693161136319,2254.506275715548,0.06407492327824371,63.315761305155114,43780,43915,0.5687111834494127,1.3186318810627142
1h,1,1,b_da,rung2_series,2,0.07194820064168653,15.532693161136319,2254.506275715548,0.06407492327824371,63.315761305155114,43780,43915,0.5687111834494127,1.3186318810627142
1h,1,1,b_da,rung3_cell,2,0.07170679562978435,15.532693161136319,2254.506275715548,0.06407492327824371,63.315761305155114,43780,43915,0.5687111834494127,1.3186318810627142
1h,1,1,b_da,rung5_instance,2,0.05345650309410588,15.532693161136319,2254.506275715548,0.06407492327824371,63.315761305155114,43780,43915,0.5687111834494127,1.3186318810627142
1h,1,1,b_da,rung4_shrunk,2,0.06200241228834873,15.532693161136319,2254.506275715548,0.06407492327824371,63.315761305155114,43780,43915,0.5687111834494127,1.3186318810627142
1h,1,1,b_pers,rung0_none,3,0.0,11.926111162857358,1938.892362437369,0.06668177642260775,63.314655244068966,43785,43915,0.45602042179265284,0.8383043041715672
1h,1,1,b_pers,rung1_global,3,0.06619309313276553,11.926111162857358,1938.892362437369,0.06668177642260775,63.314655244068966,43785,43915,0.45602042179265284,0.8383043041715672
1h,1,1,b_pers,rung2_series,3,0.031433560605671304,11.926111162857358,1938.892362437369,0.06668177642260775,63.314655244068966,43785,43915,0.45602042179265284,0.8383043041715672
1h,1,1,b_pers,rung3_cell,3,0.026603280008717145,11.926111162857358,1938.892362437369,0.06668177642260775,63.314655244068966,43785,43915,0.45602042179265284,0.8383043041715672
1h,1,1,b_pers,rung5_instance,3,0.09160822876705432,11.926111162857358,1938.892362437369,0.06668177642260775,63.314655244068966,43785,43915,0.45602042179265284,0.8383043041715672
1h,1,1,b_pers,rung4_shrunk,3,0.06778566376327852,11.926111162857358,1938.892362437369,0.06668177642260775,63.314655244068966,43785,43915,0.45602042179265284,0.8383043041715672
1h,1,1,b_da,rung0_none,3,0.0,15.532693161136319,2254.506275715548,0.07468174388521454,63.315761305155114,43780,43915,0.6478970516715781,1.840078462129934
1h,1,1,b_da,rung1_global,3,0.08480339046956915,15.532693161136319,2254.506275715548,0.07468174388521454,63.315761305155114,43780,43915,0.6478970516715781,1.840078462129934
1h,1,1,b_da,rung2_series,3,0.08432983807339625,15.532693161136319,2254.506275715548,0.07468174388521454,63.315761305155114,43780,43915,0.6478970516715781,1.840078462129934
1h,1,1,b_da,rung3_cell,3,0.07999449370798535,15.532693161136319,2254.506275715548,0.07468174388521454,63.315761305155114,43780,43915,0.6478970516715781,1.840078462129934
1h,1,1,b_da,rung5_instance,3,0.023820359129831027,15.532693161136319,2254.506275715548,0.07468174388521454,63.315761305155114,43780,43915,0.6478970516715781,1.840078462129934
1h,1,1,b_da,rung4_shrunk,3,0.03511509130737378,15.532693161136319,2254.506275715548,0.07468174388521454,63.315761305155114,43780,43915,0.6478970516715781,1.840078462129934
1h,1,1,b_pers,rung0_none,4,0.0,11.926111162857358,1938.892362437369,0.085747956978652,63.314655244068966,43785,43915,0.46506657555982,0.8693915061421388
1h,1,1,b_pers,rung1_global,4,0.10308742497861711,11.926111162857358,1938.892362437369,0.085747956978652,63.314655244068966,43785,43915,0.46506657555982,0.8693915061421388
1h,1,1,b_pers,rung2_series,4,0.0955246624826388,11.926111162857358,1938.892362437369,0.085747956978652,63.314655244068966,43785,43915,0.46506657555982,0.8693915061421388
1h,1,1,b_pers,rung3_cell,4,0.09601430778682751,11.926111162857358,1938.892362437369,0.085747956978652,63.314655244068966,43785,43915,0.46506657555982,0.8693915061421388
1h,1,1,b_pers,rung5_instance,4,0.11457750016010523,11.926111162857358,1938.892362437369,0.085747956978652,63.314655244068966,43785,43915,0.46506657555982,0.8693915061421388
1h,1,1,b_pers,rung4_shrunk,4,0.11113089632303934,11.926111162857358,1938.892362437369,0.085747956978652,63.314655244068966,43785,43915,0.46506657555982,0.8693915061421388
1h,1,1,b_da,rung0_none,4,0.0,15.532693161136319,2254.506275715548,0.0680344775417141,63.315761305155114,43780,43915,0.5445508928668124,1.1956349992526574
1h,1,1,b_da,rung1_global,4,0.07806025625447925,15.532693161136319,2254.506275715548,0.0680344775417141,63.315761305155114,43780,43915,0.5445508928668124,1.1956349992526574
1h,1,1,b_da,rung2_series,4,0.07702018669839676,15.532693161136319,2254.506275715548,0.0680344775417141,63.315761305155114,43780,43915,0.5445508928668124,1.1956349992526574
1h,1,1,b_da,rung3_cell,4,0.07359714752384812,15.532693161136319,2254.506275715548,0.0680344775417141,63.315761305155114,43780,43915,0.5445508928668124,1.1956349992526574
1h,1,1,b_da,rung5_instance,4,0.038313938443496155,15.532693161136319,2254.506275715548,0.0680344775417141,63.315761305155114,43780,43915,0.5445508928668124,1.1956349992526574
1h,1,1,b_da,rung4_shrunk,4,0.05551098089128013,15.532693161136319,2254.506275715548,0.0680344775417141,63.315761305155114,43780,43915,0.5445508928668124,1.1956349992526574
1h,24,24,b_pers,rung0_none,0,0.0,21.710409513380103,4012.7498265804743,0.07072298918553566,63.386228656568456,43670,43915,0.6628635438856466,1.9661580106922938
1h,24,24,b_pers,rung1_global,0,0.07714374645817663,21.710409513380103,4012.7498265804743,0.07072298918553566,63.386228656568456,43670,43915,0.6628635438856466,1.9661580106922938
1h,24,24,b_pers,rung2_series,0,0.07762363434448227,21.710409513380103,4012.7498265804743,0.07072298918553566,63.386228656568456,43670,43915,0.6628635438856466,1.9661580106922938
1h,24,24,b_pers,rung3_cell,0,0.08444882639717828,21.710409513380103,4012.7498265804743,0.07072298918553566,63.386228656568456,43670,43915,0.6628635438856466,1.9661580106922938
1h,24,24,b_pers,rung5_instance,0,0.09451637093727014,21.710409513380103,4012.7498265804743,0.07072298918553566,63.386228656568456,43670,43915,0.6628635438856466,1.9661580106922938
1h,24,24,b_pers,rung4_shrunk,0,0.09540258340166204,21.710409513380103,4012.7498265804743,0.07072298918553566,63.386228656568456,43670,43915,0.6628635438856466,1.9661580106922938
1h,24,24,b_da,rung0_none,0,0.0,15.559656032111924,2260.3343419307485,0.00031640120112419456,63.3873500092798,43665,43915,0.5299138174517418,1.1272695031774134
1h,24,24,b_da,rung1_global,0,0.0004313450231214322,15.559656032111924,2260.3343419307485,0.00031640120112419456,63.3873500092798,43665,43915,0.5299138174517418,1.1272695031774134
1h,24,24,b_da,rung2_series,0,0.0004357401470654887,15.559656032111924,2260.3343419307485,0.00031640120112419456,63.3873500092798,43665,43915,0.5299138174517418,1.1272695031774134
1h,24,24,b_da,rung3_cell,0,0.00038893971004265725,15.559656032111924,2260.3343419307485,0.00031640120112419456,63.3873500092798,43665,43915,0.5299138174517418,1.1272695031774134
1h,24,24,b_da,rung5_instance,0,0.000417089876607335,15.559656032111924,2260.3343419307485,0.00031640120112419456,63.3873500092798,43665,43915,0.5299138174517418,1.1272695031774134
1h,24,24,b_da,rung4_shrunk,0,0.0004376452747805182,15.559656032111924,2260.3343419307485,0.00031640120112419456,63.3873500092798,43665,43915,0.5299138174517418,1.1272695031774134
1h,24,24,b_pers,rung0_none,1,0.0,21.710409513380103,4012.7498265804743,0.07097675377189994,63.386228656568456,43670,43915,0.6362877581756532,1.7494262909163933
1h,24,24,b_pers,rung1_global,1,0.07800089034413024,21.710409513380103,4012.7498265804743,0.07097675377189994,63.386228656568456,43670,43915,0.6362877581756532,1.7494262909163933
1h,24,24,b_pers,rung2_series,1,0.07751264512770013,21.710409513380103,4012.7498265804743,0.07097675377189994,63.386228656568456,43670,43915,0.6362877581756532,1.7494262909163933
1h,24,24,b_pers,rung3_cell,1,0.08541564924066991,21.710409513380103,4012.7498265804743,0.07097675377189994,63.386228656568456,43670,43915,0.6362877581756532,1.7494262909163933
1h,24,24,b_pers,rung5_instance,1,0.08438338164109087,21.710409513380103,4012.7498265804743,0.07097675377189994,63.386228656568456,43670,43915,0.6362877581756532,1.7494262909163933
1h,24,24,b_pers,rung4_shrunk,1,0.0856221001633527,21.710409513380103,4012.7498265804743,0.07097675377189994,63.386228656568456,43670,43915,0.6362877581756532,1.7494262909163933
1h,24,24,b_da,rung0_none,1,0.0,15.559656032111924,2260.3343419307485,0.0004909737884820631,63.3873500092798,43665,43915,0.5615199211055518,1.2806053185388204
1h,24,24,b_da,rung1_global,1,0.0006526758386967701,15.559656032111924,2260.3343419307485,0.0004909737884820631,63.3873500092798,43665,43915,0.5615199211055518,1.2806053185388204
1h,24,24,b_da,rung2_series,1,0.0006005476114209652,15.559656032111924,2260.3343419307485,0.0004909737884820631,63.3873500092798,43665,43915,0.5615199211055518,1.2806053185388204
1h,24,24,b_da,rung3_cell,1,0.0005952651038786616,15.559656032111924,2260.3343419307485,0.0004909737884820631,63.3873500092798,43665,43915,0.5615199211055518,1.2806053185388204
1h,24,24,b_da,rung5_instance,1,0.00046134918307871864,15.559656032111924,2260.3343419307485,0.0004909737884820631,63.3873500092798,43665,43915,0.5615199211055518,1.2806053185388204
1h,24,24,b_da,rung4_shrunk,1,0.0006652445573374965,15.559656032111924,2260.3343419307485,0.0004909737884820631,63.3873500092798,43665,43915,0.5615199211055518,1.2806053185388204
1h,24,24,b_pers,rung0_none,2,0.0,21.710409513380103,4012.7498265804743,0.08185391070478576,63.386228656568456,43670,43915,0.6534267008265666,1.8853925053804474
1h,24,24,b_pers,rung1_global,2,0.08879975593484286,21.710409513380103,4012.7498265804743,0.08185391070478576,63.386228656568456,43670,43915,0.6534267008265666,1.8853925053804474
1h,24,24,b_pers,rung2_series,2,0.08808016886013836,21.710409513380103,4012.7498265804743,0.08185391070478576,63.386228656568456,43670,43915,0.6534267008265666,1.8853925053804474
1h,24,24,b_pers,rung3_cell,2,0.09922067634396403,21.710409513380103,4012.7498265804743,0.08185391070478576,63.386228656568456,43670,43915,0.6534267008265666,1.8853925053804474
1h,24,24,b_pers,rung5_instance,2,0.10832675524424704,21.710409513380103,4012.7498265804743,0.08185391070478576,63.386228656568456,43670,43915,0.6534267008265666,1.8853925053804474
1h,24,24,b_pers,rung4_shrunk,2,0.10768276256854892,21.710409513380103,4012.7498265804743,0.08185391070478576,63.386228656568456,43670,43915,0.6534267008265666,1.8853925053804474
1h,24,24,b_da,rung0_none,2,0.0,15.559656032111924,2260.3343419307485,0.00026795117791489353,63.3873500092798,43665,43915,0.5185086420427147,1.0768804745374336
1h,24,24,b_da,rung1_global,2,0.00038365537416942266,15.559656032111924,2260.3343419307485,0.00026795117791489353,63.3873500092798,43665,43915,0.5185086420427147,1.0768804745374336
1h,24,24,b_da,rung2_series,2,0.0002595406075560858,15.559656032111924,2260.3343419307485,0.00026795117791489353,63.3873500092798,43665,43915,0.5185086420427147,1.0768804745374336
1h,24,24,b_da,rung3_cell,2,0.0002658737532378774,15.559656032111924,2260.3343419307485,0.00026795117791489353,63.3873500092798,43665,43915,0.5185086420427147,1.0768804745374336
1h,24,24,b_da,rung5_instance,2,0.0005084311613232417,15.559656032111924,2260.3343419307485,0.00026795117791489353,63.3873500092798,43665,43915,0.5185086420427147,1.0768804745374336
1h,24,24,b_da,rung4_shrunk,2,0.00020800824906692662,15.559656032111924,2260.3343419307485,0.00026795117791489353,63.3873500092798,43665,43915,0.5185086420427147,1.0768804745374336
1h,24,24,b_pers,rung0_none,3,0.0,21.710409513380103,4012.7498265804743,0.08029967216335376,63.386228656568456,43670,43915,0.6332663714976419,1.7267747549733352
1h,24,24,b_pers,rung1_global,3,0.08790764384636104,21.710409513380103,4012.7498265804743,0.08029967216335376,63.386228656568456,43670,43915,0.6332663714976419,1.7267747549733352
1h,24,24,b_pers,rung2_series,3,0.08813574045661184,21.710409513380103,4012.7498265804743,0.08029967216335376,63.386228656568456,43670,43915,0.6332663714976419,1.7267747549733352
1h,24,24,b_pers,rung3_cell,3,0.09614606703078529,21.710409513380103,4012.7498265804743,0.08029967216335376,63.386228656568456,43670,43915,0.6332663714976419,1.7267747549733352
1h,24,24,b_pers,rung5_instance,3,0.1034744624109077,21.710409513380103,4012.7498265804743,0.08029967216335376,63.386228656568456,43670,43915,0.6332663714976419,1.7267747549733352
1h,24,24,b_pers,rung4_shrunk,3,0.10338253971815929,21.710409513380103,4012.7498265804743,0.08029967216335376,63.386228656568456,43670,43915,0.6332663714976419,1.7267747549733352
1h,24,24,b_da,rung0_none,3,0.0,15.559656032111924,2260.3343419307485,-0.0011623695018958546,63.3873500092798,43665,43915,0.5373876386892019,1.161637006772863
1h,24,24,b_da,rung1_global,3,-0.0013161078399320126,15.559656032111924,2260.3343419307485,-0.0011623695018958546,63.3873500092798,43665,43915,0.5373876386892019,1.161637006772863
1h,24,24,b_da,rung2_series,3,-0.0005566236940929503,15.559656032111924,2260.3343419307485,-0.0011623695018958546,63.3873500092798,43665,43915,0.5373876386892019,1.161637006772863
1h,24,24,b_da,rung3_cell,3,-0.0005954614603945086,15.559656032111924,2260.3343419307485,-0.0011623695018958546,63.3873500092798,43665,43915,0.5373876386892019,1.161637006772863
1h,24,24,b_da,rung5_instance,3,-0.0005284345660347522,15.559656032111924,2260.3343419307485,-0.0011623695018958546,63.3873500092798,43665,43915,0.5373876386892019,1.161637006772863
1h,24,24,b_da,rung4_shrunk,3,-0.0007199251403369855,15.559656032111924,2260.3343419307485,-0.0011623695018958546,63.3873500092798,43665,43915,0.5373876386892019,1.161637006772863
1h,24,24,b_pers,rung0_none,4,0.0,21.710409513380103,4012.7498265804743,0.09286098878822058,63.386228656568456,43670,43915,0.6019505398896415,1.5122506125815418
1h,24,24,b_pers,rung1_global,4,0.10534997332694689,21.710409513380103,4012.7498265804743,0.09286098878822058,63.386228656568456,43670,43915,0.6019505398896415,1.5122506125815418
1h,24,24,b_pers,rung2_series,4,0.10519780243821404,21.710409513380103,4012.7498265804743,0.09286098878822058,63.386228656568456,43670,43915,0.6019505398896415,1.5122506125815418
1h,24,24,b_pers,rung3_cell,4,0.10829143071765554,21.710409513380103,4012.7498265804743,0.09286098878822058,63.386228656568456,43670,43915,0.6019505398896415,1.5122506125815418
1h,24,24,b_pers,rung5_instance,4,0.11566649125133474,21.710409513380103,4012.7498265804743,0.09286098878822058,63.386228656568456,43670,43915,0.6019505398896415,1.5122506125815418
1h,24,24,b_pers,rung4_shrunk,4,0.11661012642498476,21.710409513380103,4012.7498265804743,0.09286098878822058,63.386228656568456,43670,43915,0.6019505398896415,1.5122506125815418
1h,24,24,b_da,rung0_none,4,0.0,15.559656032111924,2260.3343419307485,-0.0026745182417984292,63.3873500092798,43665,43915,0.5630680606393299,1.2886859712366772
1h,24,24,b_da,rung1_global,4,-0.003046402416962568,15.559656032111924,2260.3343419307485,-0.0026745182417984292,63.3873500092798,43665,43915,0.5630680606393299,1.2886859712366772
1h,24,24,b_da,rung2_series,4,-0.0013915581003179245,15.559656032111924,2260.3343419307485,-0.0026745182417984292,63.3873500092798,43665,43915,0.5630680606393299,1.2886859712366772
1h,24,24,b_da,rung3_cell,4,-0.0016073713252474863,15.559656032111924,2260.3343419307485,-0.0026745182417984292,63.3873500092798,43665,43915,0.5630680606393299,1.2886859712366772
1h,24,24,b_da,rung5_instance,4,-0.002086581519101527,15.559656032111924,2260.3343419307485,-0.0026745182417984292,63.3873500092798,43665,43915,0.5630680606393299,1.2886859712366772
1h,24,24,b_da,rung4_shrunk,4,-0.001571246647128355,15.559656032111924,2260.3343419307485,-0.0026745182417984292,63.3873500092798,43665,43915,0.5630680606393299,1.2886859712366772
1d,24,1,b_pers,rung0_none,0,0.0,13.97139464918833,770.0348060791341,0.021291109797558883,39.91125693639718,1825,1830,0.572454572788033,1.3389327457459241
1d,24,1,b_pers,rung1_global,0,0.022890557594981133,13.97139464918833,770.0348060791341,0.021291109797558883,39.91125693639718,1825,1830,0.572454572788033,1.3389327457459241
1d,24,1,b_pers,rung2_series,0,0.019006204269053972,13.97139464918833,770.0348060791341,0.021291109797558883,39.91125693639718,1825,1830,0.572454572788033,1.3389327457459241
1d,24,1,b_pers,rung3_cell,0,0.010702435894043516,13.97139464918833,770.0348060791341,0.021291109797558883,39.91125693639718,1825,1830,0.572454572788033,1.3389327457459241
1d,24,1,b_pers,rung5_instance,0,0.029558915322923828,13.97139464918833,770.0348060791341,0.021291109797558883,39.91125693639718,1825,1830,0.572454572788033,1.3389327457459241
1d,24,1,b_pers,rung4_shrunk,0,0.028345850696135932,13.97139464918833,770.0348060791341,0.021291109797558883,39.91125693639718,1825,1830,0.572454572788033,1.3389327457459241
1d,24,1,b_da,rung0_none,0,0.0,10.817016861554798,480.9912711538629,0.0028028762180991595,39.87134191537121,1820,1830,0.44716327826247826,0.8088523440647715
1d,24,1,b_da,rung1_global,0,0.0032271269324973375,10.817016861554798,480.9912711538629,0.0028028762180991595,39.87134191537121,1820,1830,0.44716327826247826,0.8088523440647715
1d,24,1,b_da,rung2_series,0,0.0032243958625988167,10.817016861554798,480.9912711538629,0.0028028762180991595,39.87134191537121,1820,1830,0.44716327826247826,0.8088523440647715
1d,24,1,b_da,rung3_cell,0,0.003625602012894924,10.817016861554798,480.9912711538629,0.0028028762180991595,39.87134191537121,1820,1830,0.44716327826247826,0.8088523440647715
1d,24,1,b_da,rung5_instance,0,0.002496787725163907,10.817016861554798,480.9912711538629,0.0028028762180991595,39.87134191537121,1820,1830,0.44716327826247826,0.8088523440647715
1d,24,1,b_da,rung4_shrunk,0,0.002678989815902688,10.817016861554798,480.9912711538629,0.0028028762180991595,39.87134191537121,1820,1830,0.44716327826247826,0.8088523440647715
1d,24,1,b_pers,rung0_none,1,0.0,13.97139464918833,770.0348060791341,0.021291109797558883,39.91125693639718,1825,1830,0.5608772911169425,1.2772677881851688
1d,24,1,b_pers,rung1_global,1,0.022890557594981133,13.97139464918833,770.0348060791341,0.021291109797558883,39.91125693639718,1825,1830,0.5608772911169425,1.2772677881851688
1d,24,1,b_pers,rung2_series,1,0.019006204269053972,13.97139464918833,770.0348060791341,0.021291109797558883,39.91125693639718,1825,1830,0.5608772911169425,1.2772677881851688
1d,24,1,b_pers,rung3_cell,1,0.010702435894043516,13.97139464918833,770.0348060791341,0.021291109797558883,39.91125693639718,1825,1830,0.5608772911169425,1.2772677881851688
1d,24,1,b_pers,rung5_instance,1,0.029404347100423656,13.97139464918833,770.0348060791341,0.021291109797558883,39.91125693639718,1825,1830,0.5608772911169425,1.2772677881851688
1d,24,1,b_pers,rung4_shrunk,1,0.029671130380376498,13.97139464918833,770.0348060791341,0.021291109797558883,39.91125693639718,1825,1830,0.5608772911169425,1.2772677881851688
1d,24,1,b_da,rung0_none,1,0.0,10.817016861554798,480.9912711538629,0.0028028762180991595,39.87134191537121,1820,1830,0.47722924869410444,0.9128843714036656
1d,24,1,b_da,rung1_global,1,0.0032271269324973375,10.817016861554798,480.9912711538629,0.0028028762180991595,39.87134191537121,1820,1830,0.47722924869410444,0.9128843714036656
1d,24,1,b_da,rung2_series,1,0.0032243958625988167,10.817016861554798,480.9912711538629,0.0028028762180991595,39.87134191537121,1820,1830,0.47722924869410444,0.9128843714036656
1d,24,1,b_da,rung3_cell,1,0.003625602012894924,10.817016861554798,480.9912711538629,0.0028028762180991595,39.87134191537121,1820,1830,0.47722924869410444,0.9128843714036656
1d,24,1,b_da,rung5_instance,1,0.00217055278839986,10.817016861554798,480.9912711538629,0.0028028762180991595,39.87134191537121,1820,1830,0.47722924869410444,0.9128843714036656
1d,24,1,b_da,rung4_shrunk,1,0.002178114863693992,10.817016861554798,480.9912711538629,0.0028028762180991595,39.87134191537121,1820,1830,0.47722924869410444,0.9128843714036656
1d,24,1,b_pers,rung0_none,2,0.0,13.97139464918833,770.0348060791341,0.021291109797558883,39.91125693639718,1825,1830,0.5305046836636063,1.1299467006471673
1d,24,1,b_pers,rung1_global,2,0.022890557594981133,13.97139464918833,770.0348060791341,0.021291109797558883,39.91125693639718,1825,1830,0.5305046836636063,1.1299467006471673
1d,24,1,b_pers,rung2_series,2,0.019006204269053972,13.97139464918833,770.0348060791341,0.021291109797558883,39.91125693639718,1825,1830,0.5305046836636063,1.1299467006471673
1d,24,1,b_pers,rung3_cell,2,0.010702435894043516,13.97139464918833,770.0348060791341,0.021291109797558883,39.91125693639718,1825,1830,0.5305046836636063,1.1299467006471673
1d,24,1,b_pers,rung5_instance,2,0.02919473715797405,13.97139464918833,770.0348060791341,0.021291109797558883,39.91125693639718,1825,1830,0.5305046836636063,1.1299467006471673
1d,24,1,b_pers,rung4_shrunk,2,0.02860244604258353,13.97139464918833,770.0348060791341,0.021291109797558883,39.91125693639718,1825,1830,0.5305046836636063,1.1299467006471673
1d,24,1,b_da,rung0_none,2,0.0,10.817016861554798,480.9912711538629,0.0028028762180991595,39.87134191537121,1820,1830,0.5301727802564881,1.128442027147597
1d,24,1,b_da,rung1_global,2,0.0032271269324973375,10.817016861554798,480.9912711538629,0.0028028762180991595,39.87134191537121,1820,1830,0.5301727802564881,1.128442027147597
1d,24,1,b_da,rung2_series,2,0.0032243958625988167,10.817016861554798,480.9912711538629,0.0028028762180991595,39.87134191537121,1820,1830,0.5301727802564881,1.128442027147597
1d,24,1,b_da,rung3_cell,2,0.003625602012894924,10.817016861554798,480.9912711538629,0.0028028762180991595,39.87134191537121,1820,1830,0.5301727802564881,1.128442027147597
1d,24,1,b_da,rung5_instance,2,0.002494166294970279,10.817016861554798,480.9912711538629,0.0028028762180991595,39.87134191537121,1820,1830,0.5301727802564881,1.128442027147597
1d,24,1,b_da,rung4_shrunk,2,0.002562330211536534,10.817016861554798,480.9912711538629,0.0028028762180991595,39.87134191537121,1820,1830,0.5301727802564881,1.128442027147597
1d,24,1,b_pers,rung0_none,3,0.0,13.97139464918833,770.0348060791341,0.021291109797558883,39.91125693639718,1825,1830,0.6200994665367319,1.6322679541503933
1d,24,1,b_pers,rung1_global,3,0.022890557594981133,13.97139464918833,770.0348060791341,0.021291109797558883,39.91125693639718,1825,1830,0.6200994665367319,1.6322679541503933
1d,24,1,b_pers,rung2_series,3,0.019006204269053972,13.97139464918833,770.0348060791341,0.021291109797558883,39.91125693639718,1825,1830,0.6200994665367319,1.6322679541503933
1d,24,1,b_pers,rung3_cell,3,0.010702435894043516,13.97139464918833,770.0348060791341,0.021291109797558883,39.91125693639718,1825,1830,0.6200994665367319,1.6322679541503933
1d,24,1,b_pers,rung5_instance,3,0.029725271590752222,13.97139464918833,770.0348060791341,0.021291109797558883,39.91125693639718,1825,1830,0.6200994665367319,1.6322679541503933
1d,24,1,b_pers,rung4_shrunk,3,0.02974755744597759,13.97139464918833,770.0348060791341,0.021291109797558883,39.91125693639718,1825,1830,0.6200994665367319,1.6322679541503933
1d,24,1,b_da,rung0_none,3,0.0,10.817016861554798,480.9912711538629,0.0028028762180991595,39.87134191537121,1820,1830,0.5389967275013416,1.1691819986004772
1d,24,1,b_da,rung1_global,3,0.0032271269324973375,10.817016861554798,480.9912711538629,0.0028028762180991595,39.87134191537121,1820,1830,0.5389967275013416,1.1691819986004772
1d,24,1,b_da,rung2_series,3,0.0032243958625988167,10.817016861554798,480.9912711538629,0.0028028762180991595,39.87134191537121,1820,1830,0.5389967275013416,1.1691819986004772
1d,24,1,b_da,rung3_cell,3,0.003625602012894924,10.817016861554798,480.9912711538629,0.0028028762180991595,39.87134191537121,1820,1830,0.5389967275013416,1.1691819986004772
1d,24,1,b_da,rung5_instance,3,0.0026178066756606944,10.817016861554798,480.9912711538629,0.0028028762180991595,39.87134191537121,1820,1830,0.5389967275013416,1.1691819986004772
1d,24,1,b_da,rung4_shrunk,3,0.002499739051509442,10.817016861554798,480.9912711538629,0.0028028762180991595,39.87134191537121,1820,1830,0.5389967275013416,1.1691819986004772
1d,24,1,b_pers,rung0_none,4,0.0,13.97139464918833,770.0348060791341,0.021291109797558883,39.91125693639718,1825,1830,0.5710017555118859,1.3310118697413607
1d,24,1,b_pers,rung1_global,4,0.022890557594981133,13.97139464918833,770.0348060791341,0.021291109797558883,39.91125693639718,1825,1830,0.5710017555118859,1.3310118697413607
1d,24,1,b_pers,rung2_series,4,0.019006204269053972,13.97139464918833,770.0348060791341,0.021291109797558883,39.91125693639718,1825,1830,0.5710017555118859,1.3310118697413607
1d,24,1,b_pers,rung3_cell,4,0.010702435894043516,13.97139464918833,770.0348060791341,0.021291109797558883,39.91125693639718,1825,1830,0.5710017555118859,1.3310118697413607
1d,24,1,b_pers,rung5_instance,4,0.02690824405424741,13.97139464918833,770.0348060791341,0.021291109797558883,39.91125693639718,1825,1830,0.5710017555118859,1.3310118697413607
1d,24,1,b_pers,rung4_shrunk,4,0.02711353673113894,13.97139464918833,770.0348060791341,0.021291109797558883,39.91125693639718,1825,1830,0.5710017555118859,1.3310118697413607
1d,24,1,b_da,rung0_none,4,0.0,10.817016861554798,480.9912711538629,0.0028028762180991595,39.87134191537121,1820,1830,0.470453722701132,0.8884090831510368
1d,24,1,b_da,rung1_global,4,0.0032271269324973375,10.817016861554798,480.9912711538629,0.0028028762180991595,39.87134191537121,1820,1830,0.470453722701132,0.8884090831510368
1d,24,1,b_da,rung2_series,4,0.0032243958625988167,10.817016861554798,480.9912711538629,0.0028028762180991595,39.87134191537121,1820,1830,0.470453722701132,0.8884090831510368
1d,24,1,b_da,rung3_cell,4,0.003625602012894924,10.817016861554798,480.9912711538629,0.0028028762180991595,39.87134191537121,1820,1830,0.470453722701132,0.8884090831510368
1d,24,1,b_da,rung5_instance,4,0.0024108315376215384,10.817016861554798,480.9912711538629,0.0028028762180991595,39.87134191537121,1820,1830,0.470453722701132,0.8884090831510368
1d,24,1,b_da,rung4_shrunk,4,0.0026189238942707195,10.817016861554798,480.9912711538629,0.0028028762180991595,39.87134191537121,1820,1830,0.470453722701132,0.8884090831510368
