dataset,baseline,h,seed,gate,skill_sq_macro,degraded_series,gate_sd,epochs
india_daily,persistence,1,0,none,0.0,0,0.0,41
india_daily,persistence,1,0,global,0.1359901729114697,2,0.0,41
india_daily,persistence,1,0,per_series,0.14206027121000342,0,0.3434896405343986,41
india_daily,persistence,1,0,per_series_V1,0.13774922596659167,1,0.409605372101631,41
india_daily,persistence,1,0,neural_gate,0.14209415016669544,1,0.2977740168571472,41
india_daily,persistence,1,0,neural_gate_refit,0.14338682501218658,0,0.35688310861587524,41
india_daily,persistence,1,1,none,0.0,0,0.0,30
india_daily,persistence,1,1,global,0.1399237561520035,1,2.220446049250313e-16,30
india_daily,persistence,1,1,per_series,0.14364618308147226,0,0.3453816931855851,30
india_daily,persistence,1,1,per_series_V1,0.1382427049422134,0,0.4111396806777405,30
india_daily,persistence,1,1,neural_gate,0.14038410296019668,1,0.2529912292957306,30
india_daily,persistence,1,1,neural_gate_refit,0.14415125937847523,1,0.3189159035682678,30
india_daily,persistence,1,2,none,0.0,0,0.0,24
india_daily,persistence,1,2,global,0.13924092815809885,1,0.0,24
india_daily,persistence,1,2,per_series,0.14090952468929832,1,0.3496094513090311,24
india_daily,persistence,1,2,per_series_V1,0.13690724734791176,1,0.4034926364316506,24
india_daily,persistence,1,2,neural_gate,0.13802903915417622,1,0.2225549817085266,24
india_daily,persistence,1,2,neural_gate_refit,0.14150956103130286,2,0.2887237071990967,24
india_daily,persistence,1,3,none,0.0,0,0.0,24
india_daily,persistence,1,3,global,0.14038469119762564,1,1.1102230246251565e-16,24
india_daily,persistence,1,3,per_series,0.14631256795609482,0,0.3352290133062857,24
india_daily,persistence,1,3,per_series_V1,0.1415075994929099,1,0.3984054637424481,24
india_daily,persistence,1,3,neural_gate,0.14089794941074962,1,0.20366737246513367,24
india_daily,persistence,1,3,neural_gate_refit,0.1453516002965162,1,0.31676527857780457,24
india_daily,persistence,1,4,none,0.0,0,0.0,39
india_daily,persistence,1,4,global,0.14254029068076135,1,4.440892098500626e-16,39
india_daily,persistence,1,4,per_series,0.14681213989773959,0,0.3433511487578457,39
india_daily,persistence,1,4,per_series_V1,0.1436212691405625,1,0.39039764854331915,39
india_daily,persistence,1,4,neural_gate,0.14585892276023976,1,0.2734585404396057,39
india_daily,persistence,1,4,neural_gate_refit,0.14700219074002766,2,0.32257652282714844,39
india_daily,persistence,3,0,none,0.0,0,0.0,18
india_daily,persistence,3,0,global,0.09675956852170112,1,1.1102230246251565e-16,18
india_daily,persistence,3,0,per_series,0.12287399965020021,0,0.33691343812172214,18
india_daily,persistence,3,0,per_series_V1,0.11478215931637374,1,0.36601130243807045,18
india_daily,persistence,3,0,neural_gate,0.11573979946917587,2,0.20461353659629822,18
india_daily,persistence,3,0,neural_gate_refit,0.12024301117296776,2,0.2550559639930725,18
india_daily,persistence,3,1,none,0.0,0,0.0,9
india_daily,persistence,3,1,global,0.09559217661793047,2,1.1102230246251565e-16,9
india_daily,persistence,3,1,per_series,0.1151913407094752,1,0.33620296442290065,9
india_daily,persistence,3,1,per_series_V1,0.10523504584502488,2,0.37568753528738497,9
india_daily,persistence,3,1,neural_gate,0.11002407790811379,2,0.13980628550052643,9
india_daily,persistence,3,1,neural_gate_refit,0.11696755367555893,1,0.19356213510036469,9
india_daily,persistence,3,2,none,0.0,0,0.0,15
india_daily,persistence,3,2,global,0.10449731330392442,2,0.0,15
india_daily,persistence,3,2,per_series,0.12126682150685852,0,0.3148009323953568,15
india_daily,persistence,3,2,per_series_V1,0.10994938055055563,2,0.36588178487876194,15
india_daily,persistence,3,2,neural_gate,0.11615741339038385,2,0.18535304069519043,15
india_daily,persistence,3,2,neural_gate_refit,0.12068877602640475,1,0.24427473545074463,15
india_daily,persistence,3,3,none,0.0,0,0.0,13
india_daily,persistence,3,3,global,0.09186426352659369,2,0.0,13
india_daily,persistence,3,3,per_series,0.1170333086833796,0,0.34633740926399315,13
india_daily,persistence,3,3,per_series_V1,0.10807557981206806,2,0.3572442864633333,13
india_daily,persistence,3,3,neural_gate,0.11194255870125383,2,0.1939215213060379,13
india_daily,persistence,3,3,neural_gate_refit,0.11529272706909022,2,0.2316603809595108,13
india_daily,persistence,3,4,none,0.0,0,0.0,11
india_daily,persistence,3,4,global,0.08781097711589456,1,0.0,11
india_daily,persistence,3,4,per_series,0.1203416565026055,1,0.34962766378662086,11
india_daily,persistence,3,4,per_series_V1,0.11536410015562175,1,0.39960570859660255,11
india_daily,persistence,3,4,neural_gate,0.12019908891275974,1,0.1901024430990219,11
india_daily,persistence,3,4,neural_gate_refit,0.12078687729158297,1,0.24809832870960236,11
india_daily,roll7,1,0,none,0.0,0,0.0,18
india_daily,roll7,1,0,global,0.18069706725190487,1,2.220446049250313e-16,18
india_daily,roll7,1,0,per_series,0.20545823282464867,0,0.18817903842329853,18
india_daily,roll7,1,0,per_series_V1,0.17953351995077588,3,0.1868832836849808,18
india_daily,roll7,1,0,neural_gate,0.1883052823945628,1,0.14342670142650604,18
india_daily,roll7,1,0,neural_gate_refit,0.19975220774130226,0,0.207490473985672,18
india_daily,roll7,1,1,none,0.0,0,0.0,17
india_daily,roll7,1,1,global,0.18320063885794838,1,0.0,17
india_daily,roll7,1,1,per_series,0.21006442112121732,0,0.19313971590739681,17
india_daily,roll7,1,1,per_series_V1,0.18642887727478658,3,0.195659133124297,17
india_daily,roll7,1,1,neural_gate,0.1978318737719269,2,0.1699845939874649,17
india_daily,roll7,1,1,neural_gate_refit,0.20072374881906868,2,0.19657446444034576,17
india_daily,roll7,1,2,none,0.0,0,0.0,17
india_daily,roll7,1,2,global,0.1866224221779001,1,2.220446049250313e-16,17
india_daily,roll7,1,2,per_series,0.2101570966921254,1,0.17874835799958572,17
india_daily,roll7,1,2,per_series_V1,0.18639884852472738,1,0.17398097487580508,17
india_daily,roll7,1,2,neural_gate,0.19631552232258098,1,0.12822742760181427,17
india_daily,roll7,1,2,neural_gate_refit,0.2132463778010696,0,0.1761656105518341,17
india_daily,roll7,1,3,none,0.0,0,0.0,19
india_daily,roll7,1,3,global,0.18052126917415548,1,2.220446049250313e-16,19
india_daily,roll7,1,3,per_series,0.2071971918562725,0,0.19090181608987553,19
india_daily,roll7,1,3,per_series_V1,0.17807651392781929,2,0.17897333917656302,19
india_daily,roll7,1,3,neural_gate,0.19427647106468907,1,0.15480037033557892,19
india_daily,roll7,1,3,neural_gate_refit,0.20508936010254564,1,0.2046688199043274,19
india_daily,roll7,1,4,none,0.0,0,0.0,14
india_daily,roll7,1,4,global,0.18332544305569748,1,4.440892098500626e-16,14
india_daily,roll7,1,4,per_series,0.20625070671620915,0,0.19889482668685707,14
india_daily,roll7,1,4,per_series_V1,0.18513675540202773,2,0.19595209771402808,14
india_daily,roll7,1,4,neural_gate,0.1932390688293338,2,0.15648232400417328,14
india_daily,roll7,1,4,neural_gate_refit,0.20366408152147883,0,0.17952285706996918,14
india_daily,roll7,3,0,none,0.0,0,0.0,15
india_daily,roll7,3,0,global,0.056614130900136186,2,0.0,15
india_daily,roll7,3,0,per_series,0.0948307881557341,2,0.31887683895679275,15
india_daily,roll7,3,0,per_series_V1,0.07292004556400059,4,0.3021837441974486,15
india_daily,roll7,3,0,neural_gate,0.07758336718831257,4,0.22112305462360382,15
india_daily,roll7,3,0,neural_gate_refit,0.0931631424886454,3,0.2485528290271759,15
india_daily,roll7,3,1,none,0.0,0,0.0,13
india_daily,roll7,3,1,global,0.041746481300427345,3,0.0,13
india_daily,roll7,3,1,per_series,0.09000899271349998,4,0.30999012177971796,13
india_daily,roll7,3,1,per_series_V1,0.059217409443570145,5,0.31676588581010284,13
india_daily,roll7,3,1,neural_gate,0.06817207664474842,4,0.2154107391834259,13
india_daily,roll7,3,1,neural_gate_refit,0.08743681972617894,3,0.25351575016975403,13
india_daily,roll7,3,2,none,0.0,0,0.0,13
india_daily,roll7,3,2,global,0.04888881188709615,2,4.440892098500626e-16,13
india_daily,roll7,3,2,per_series,0.08371862721649256,2,0.31594698847968156,13
india_daily,roll7,3,2,per_series_V1,0.054978171974022536,4,0.27469793719573776,13
india_daily,roll7,3,2,neural_gate,0.06631650609647828,3,0.17814242839813232,13
india_daily,roll7,3,2,neural_gate_refit,0.0869047386064914,2,0.252654492855072,13
india_daily,roll7,3,3,none,0.0,0,0.0,16
india_daily,roll7,3,3,global,0.031992609016146145,3,1.1102230246251565e-16,16
india_daily,roll7,3,3,per_series,0.08205273653972023,3,0.3173318356210931,16
india_daily,roll7,3,3,per_series_V1,0.048095133677627085,6,0.29348028102628454,16
india_daily,roll7,3,3,neural_gate,0.05892479957321974,6,0.22051551938056946,16
india_daily,roll7,3,3,neural_gate_refit,0.07297266262446643,4,0.2593443989753723,16
india_daily,roll7,3,4,none,0.0,0,0.0,11
india_daily,roll7,3,4,global,0.024875254831109694,3,0.0,11
india_daily,roll7,3,4,per_series,0.07942300142906031,4,0.3289132980005934,11
india_daily,roll7,3,4,per_series_V1,0.05774051690783706,4,0.3155187561815618,11
india_daily,roll7,3,4,neural_gate,0.06936765608105995,5,0.20054052770137787,11
india_daily,roll7,3,4,neural_gate_refit,0.07245737029042566,5,0.241591677069664,11
india_daily,snaive7,1,0,none,0.0,0,0.0,11
india_daily,snaive7,1,0,global,0.3161246847098478,1,2.220446049250313e-16,11
india_daily,snaive7,1,0,per_series,0.3313824946942374,1,0.12336299015911086,11
india_daily,snaive7,1,0,per_series_V1,0.3187547322782859,1,0.12961649474637654,11
india_daily,snaive7,1,0,neural_gate,0.3212402648133811,1,0.06012224033474922,11
india_daily,snaive7,1,0,neural_gate_refit,0.3274716772509884,1,0.08448812365531921,11
india_daily,snaive7,1,1,none,0.0,0,0.0,10
india_daily,snaive7,1,1,global,0.3177096880475847,1,1.1102230246251565e-16,10
india_daily,snaive7,1,1,per_series,0.33655039064292863,1,0.12498325673749801,10
india_daily,snaive7,1,1,per_series_V1,0.3238840061855749,1,0.13510332552703536,10
india_daily,snaive7,1,1,neural_gate,0.32722928714893423,1,0.09563882648944855,10
india_daily,snaive7,1,1,neural_gate_refit,0.33735041552443296,1,0.108082115650177,10
india_daily,snaive7,1,2,none,0.0,0,0.0,2
india_daily,snaive7,1,2,global,0.3227250829015466,1,0.0,2
india_daily,snaive7,1,2,per_series,0.33537794331168314,1,0.10763286501092678,2
india_daily,snaive7,1,2,per_series_V1,0.3218741741120632,1,0.12482467287322252,2
india_daily,snaive7,1,2,neural_gate,0.32890188854239694,1,0.03787544369697571,2
india_daily,snaive7,1,2,neural_gate_refit,0.32757292456554177,1,0.03836031258106232,2
india_daily,snaive7,1,3,none,0.0,0,0.0,20
india_daily,snaive7,1,3,global,0.31250462393495787,1,0.0,20
india_daily,snaive7,1,3,per_series,0.3330809727297303,1,0.12720958353134035,20
india_daily,snaive7,1,3,per_series_V1,0.31881102037258524,1,0.12980457568562695,20
india_daily,snaive7,1,3,neural_gate,0.3263228097935603,1,0.12458328157663345,20
india_daily,snaive7,1,3,neural_gate_refit,0.3334262145562997,1,0.14858406782150269,20
india_daily,snaive7,1,4,none,0.0,0,0.0,11
india_daily,snaive7,1,4,global,0.31500168420810476,1,0.0,11
india_daily,snaive7,1,4,per_series,0.33015753878493304,1,0.12465821009400999,11
india_daily,snaive7,1,4,per_series_V1,0.3187250254819641,1,0.14794426412187298,11
india_daily,snaive7,1,4,neural_gate,0.31995683797261476,1,0.0922425240278244,11
india_daily,snaive7,1,4,neural_gate_refit,0.3303032665260915,1,0.10639090090990067,11
india_daily,snaive7,3,0,none,0.0,0,0.0,14
india_daily,snaive7,3,0,global,0.06784469377271374,2,2.220446049250313e-16,14
india_daily,snaive7,3,0,per_series,0.1280241110400438,2,0.25177048317616857,14
india_daily,snaive7,3,0,per_series_V1,0.09459216877667903,3,0.3045001951723233,14
india_daily,snaive7,3,0,neural_gate,0.10572370228404056,3,0.1880083531141281,14
india_daily,snaive7,3,0,neural_gate_refit,0.12498465884297758,2,0.20375937223434448,14
india_daily,snaive7,3,1,none,0.0,0,0.0,22
india_daily,snaive7,3,1,global,0.0927616826301105,2,0.0,22
india_daily,snaive7,3,1,per_series,0.13879626428103398,1,0.24995059981994017,22
india_daily,snaive7,3,1,per_series_V1,0.1019988953305424,3,0.2905947777592668,22
india_daily,snaive7,3,1,neural_gate,0.11757074322206292,3,0.21317601203918457,22
india_daily,snaive7,3,1,neural_gate_refit,0.13024357736395753,2,0.26146501302719116,22
india_daily,snaive7,3,2,none,0.0,0,0.0,14
india_daily,snaive7,3,2,global,0.09104117502842828,3,0.0,14
india_daily,snaive7,3,2,per_series,0.1314241091504518,2,0.2658097975821841,14
india_daily,snaive7,3,2,per_series_V1,0.09288381851519383,3,0.2923920715599196,14
india_daily,snaive7,3,2,neural_gate,0.10941361029256438,3,0.17036786675453186,14
india_daily,snaive7,3,2,neural_gate_refit,0.1249939216301585,2,0.19563928246498108,14
india_daily,snaive7,3,3,none,0.0,0,0.0,13
india_daily,snaive7,3,3,global,0.07838459771578479,2,0.0,13
india_daily,snaive7,3,3,per_series,0.1368128584043676,1,0.28121893737858267,13
india_daily,snaive7,3,3,per_series_V1,0.10686492767757347,3,0.3092162104097746,13
india_daily,snaive7,3,3,neural_gate,0.11727854212994182,3,0.20470000803470612,13
india_daily,snaive7,3,3,neural_gate_refit,0.1324638063438555,2,0.2384408414363861,13
india_daily,snaive7,3,4,none,0.0,0,0.0,10
india_daily,snaive7,3,4,global,0.0638301153986973,2,2.220446049250313e-16,10
india_daily,snaive7,3,4,per_series,0.1316959566176604,2,0.2843218145365415,10
india_daily,snaive7,3,4,per_series_V1,0.10528638252045881,4,0.33224697165820244,10
india_daily,snaive7,3,4,neural_gate,0.1214102451883539,3,0.1856260448694229,10
india_daily,snaive7,3,4,neural_gate_refit,0.12776053768925036,2,0.22217495739459991,10
ETTh1,persistence,1,0,none,0.0,0,0.0,91
ETTh1,persistence,1,0,global,0.16348586238965165,2,1.1102230246251565e-16,91
ETTh1,persistence,1,0,per_series,0.20740411001109887,0,0.4594310919005664,91
ETTh1,persistence,1,0,per_series_V1,0.2070760183037676,0,0.4920764768836849,91
ETTh1,persistence,1,0,neural_gate,0.16898428546739744,1,0.5688431859016418,91
ETTh1,persistence,1,0,neural_gate_refit,0.18066653374526112,1,0.5635831356048584,91
ETTh1,persistence,1,1,none,0.0,0,0.0,84
ETTh1,persistence,1,1,global,0.16132449533033807,2,0.0,84
ETTh1,persistence,1,1,per_series,0.20698605300170753,0,0.4724470567666473,84
ETTh1,persistence,1,1,per_series_V1,0.20611773019136723,0,0.5200383932521551,84
ETTh1,persistence,1,1,neural_gate,0.1626429423708257,2,0.5844216346740723,84
ETTh1,persistence,1,1,neural_gate_refit,0.17723881661441346,1,0.5729285478591919,84
ETTh1,persistence,1,2,none,0.0,0,0.0,86
ETTh1,persistence,1,2,global,0.16238902142528525,2,2.220446049250313e-16,86
ETTh1,persistence,1,2,per_series,0.20830146993263912,0,0.4609738360950163,86
ETTh1,persistence,1,2,per_series_V1,0.2082702830733035,0,0.49550424117008984,86
ETTh1,persistence,1,2,neural_gate,0.172851949280977,2,0.5397893190383911,86
ETTh1,persistence,1,2,neural_gate_refit,0.17870560695990542,1,0.5502188205718994,86
ETTh1,persistence,1,3,none,0.0,0,0.0,88
ETTh1,persistence,1,3,global,0.15539296366202146,2,0.0,88
ETTh1,persistence,1,3,per_series,0.20610488799154972,0,0.4910896680107593,88
ETTh1,persistence,1,3,per_series_V1,0.20639711695687496,0,0.5140227660417513,88
ETTh1,persistence,1,3,neural_gate,0.16960493886473846,1,0.5807397365570068,88
ETTh1,persistence,1,3,neural_gate_refit,0.17493439205123004,1,0.5641517043113708,88
ETTh1,persistence,1,4,none,0.0,0,0.0,97
ETTh1,persistence,1,4,global,0.15598701925030925,2,0.0,97
ETTh1,persistence,1,4,per_series,0.20460520385076594,0,0.47532417729816834,97
ETTh1,persistence,1,4,per_series_V1,0.2040735475650173,0,0.5042042204096007,97
ETTh1,persistence,1,4,neural_gate,0.12766592364763416,2,0.5667281150817871,97
ETTh1,persistence,1,4,neural_gate_refit,0.15253145370473117,2,0.574863076210022,97
ETTh1,persistence,24,0,none,0.0,0,0.0,42
ETTh1,persistence,24,0,global,0.049122304460885724,1,2.220446049250313e-16,42
ETTh1,persistence,24,0,per_series,0.04809169164713055,1,0.23393097859412001,42
ETTh1,persistence,24,0,per_series_V1,0.04862989663495089,1,0.38083593110269853,42
ETTh1,persistence,24,0,neural_gate,0.0551339933913587,1,0.4814712107181549,42
ETTh1,persistence,24,0,neural_gate_refit,0.048726879536840836,1,0.49793770909309387,42
ETTh1,persistence,24,1,none,0.0,0,0.0,50
ETTh1,persistence,24,1,global,0.05393050778717904,2,2.220446049250313e-16,50
ETTh1,persistence,24,1,per_series,0.051969824015142274,1,0.23908918398243736,50
ETTh1,persistence,24,1,per_series_V1,0.04953393943839059,1,0.3661227504689936,50
ETTh1,persistence,24,1,neural_gate,0.051635456498335085,1,0.5250803232192993,50
ETTh1,persistence,24,1,neural_gate_refit,0.04584160601842043,1,0.546409547328949,50
ETTh1,persistence,24,2,none,0.0,0,0.0,49
ETTh1,persistence,24,2,global,0.0507902876334866,1,3.3306690738754696e-16,49
ETTh1,persistence,24,2,per_series,0.04908183769636475,2,0.2144948525196163,49
ETTh1,persistence,24,2,per_series_V1,0.04856227866539268,1,0.33038866829830954,49
ETTh1,persistence,24,2,neural_gate,0.0501380581729831,1,0.47435396909713745,49
ETTh1,persistence,24,2,neural_gate_refit,0.03896540282261488,3,0.4774138331413269,49
ETTh1,persistence,24,3,none,0.0,0,0.0,31
ETTh1,persistence,24,3,global,0.05257294755189358,1,0.0,31
ETTh1,persistence,24,3,per_series,0.04985112096283769,0,0.22614701331178358,31
ETTh1,persistence,24,3,per_series_V1,0.048536676745323755,1,0.35011223148409504,31
ETTh1,persistence,24,3,neural_gate,0.05486082641890809,1,0.3127742111682892,31
ETTh1,persistence,24,3,neural_gate_refit,0.04547483528799269,2,0.4009862244129181,31
ETTh1,persistence,24,4,none,0.0,0,0.0,50
ETTh1,persistence,24,4,global,0.05278892926949045,2,3.3306690738754696e-16,50
ETTh1,persistence,24,4,per_series,0.050121001833852964,1,0.25477239437091354,50
ETTh1,persistence,24,4,per_series_V1,0.048614853861544356,1,0.37719530747904845,50
ETTh1,persistence,24,4,neural_gate,0.04154036359020346,1,0.511354386806488,50
ETTh1,persistence,24,4,neural_gate_refit,0.03773340238878723,2,0.5761963725090027,50
ETTh2,persistence,1,0,none,0.0,0,0.0,2
ETTh2,persistence,1,0,global,0.14954835032551378,1,1.1102230246251565e-16,2
ETTh2,persistence,1,0,per_series,0.149349385187606,0,0.2533655483092844,2
ETTh2,persistence,1,0,per_series_V1,0.14645570968963986,0,0.27243300672825516,2
ETTh2,persistence,1,0,neural_gate,0.14928576375067984,0,0.03663083538413048,2
ETTh2,persistence,1,0,neural_gate_refit,0.150201054163815,0,0.038758955895900726,2
ETTh2,persistence,1,1,none,0.0,0,0.0,9
ETTh2,persistence,1,1,global,0.14180932587328296,0,2.220446049250313e-16,9
ETTh2,persistence,1,1,per_series,0.1412827386603215,0,0.2836509222833638,9
ETTh2,persistence,1,1,per_series_V1,0.13905183522546896,0,0.27999725100501655,9
ETTh2,persistence,1,1,neural_gate,0.14396689249498063,0,0.08286643028259277,9
ETTh2,persistence,1,1,neural_gate_refit,0.14746376859242544,0,0.1518632024526596,9
ETTh2,persistence,1,2,none,0.0,0,0.0,2
ETTh2,persistence,1,2,global,0.14526281055081539,1,0.0,2
ETTh2,persistence,1,2,per_series,0.14400487733086004,0,0.300656913859493,2
ETTh2,persistence,1,2,per_series_V1,0.1425735800318791,0,0.2804743889393102,2
ETTh2,persistence,1,2,neural_gate,0.14336862657221447,0,0.039629511535167694,2
ETTh2,persistence,1,2,neural_gate_refit,0.14513845501118686,0,0.045139048248529434,2
ETTh2,persistence,1,3,none,0.0,0,0.0,2
ETTh2,persistence,1,3,global,0.14615752706122695,0,2.220446049250313e-16,2
ETTh2,persistence,1,3,per_series,0.14636880658996268,0,0.3027459798192895,2
ETTh2,persistence,1,3,per_series_V1,0.14482662610916983,0,0.2981715026846839,2
ETTh2,persistence,1,3,neural_gate,0.1434224043176256,0,0.04087468609213829,2
ETTh2,persistence,1,3,neural_gate_refit,0.14491510235116348,0,0.043116532266139984,2
ETTh2,persistence,1,4,none,0.0,0,0.0,3
ETTh2,persistence,1,4,global,0.14811257341107487,0,2.220446049250313e-16,3
ETTh2,persistence,1,4,per_series,0.14681300748249423,0,0.29662265801259624,3
ETTh2,persistence,1,4,per_series_V1,0.1453466471554936,0,0.28488251536423487,3
ETTh2,persistence,1,4,neural_gate,0.1475074336027495,0,0.06741756945848465,3
ETTh2,persistence,1,4,neural_gate_refit,0.14885638400925874,0,0.05521165207028389,3
ETTh2,persistence,24,0,none,0.0,0,0.0,1
ETTh2,persistence,24,0,global,0.015091722215433898,2,3.3306690738754696e-16,1
ETTh2,persistence,24,0,per_series,0.019606353375269676,1,0.549705795173188,1
ETTh2,persistence,24,0,per_series_V1,0.016809297246193147,1,0.6458067019935575,1
ETTh2,persistence,24,0,neural_gate,0.016055312221790543,1,0.04013446718454361,1
ETTh2,persistence,24,0,neural_gate_refit,0.016208394180802714,1,0.04566897451877594,1
ETTh2,persistence,24,1,none,0.0,0,0.0,2
ETTh2,persistence,24,1,global,0.013403750421066864,2,0.0,2
ETTh2,persistence,24,1,per_series,0.01776023959185299,1,0.5424334079176149,2
ETTh2,persistence,24,1,per_series_V1,0.013938582323021365,1,0.6281542962501816,2
ETTh2,persistence,24,1,neural_gate,0.015748762902247915,1,0.09590441733598709,2
ETTh2,persistence,24,1,neural_gate_refit,0.016449901819248294,1,0.13569335639476776,2
ETTh2,persistence,24,2,none,0.0,0,0.0,2
ETTh2,persistence,24,2,global,0.012008293219130202,2,0.0,2
ETTh2,persistence,24,2,per_series,0.017677566161763365,1,0.5421591511975344,2
ETTh2,persistence,24,2,per_series_V1,0.01383666922774629,1,0.6218868686941071,2
ETTh2,persistence,24,2,neural_gate,0.015025832971126743,1,0.10182110220193863,2
ETTh2,persistence,24,2,neural_gate_refit,0.015915701025166103,1,0.13833943009376526,2
ETTh2,persistence,24,3,none,0.0,0,0.0,1
ETTh2,persistence,24,3,global,0.014863926675186783,2,0.0,1
ETTh2,persistence,24,3,per_series,0.017754609900687984,1,0.535924684047999,1
ETTh2,persistence,24,3,per_series_V1,0.015490211911649834,1,0.622904792199858,1
ETTh2,persistence,24,3,neural_gate,0.01594354035631023,1,0.0533113069832325,1
ETTh2,persistence,24,3,neural_gate_refit,0.01649596215649775,1,0.07724901288747787,1
ETTh2,persistence,24,4,none,0.0,0,0.0,3
ETTh2,persistence,24,4,global,0.014280719711263894,2,0.0,3
ETTh2,persistence,24,4,per_series,0.017562549459714503,1,0.5712924922407074,3
ETTh2,persistence,24,4,per_series_V1,0.012818516598538101,1,0.6605298132062093,3
ETTh2,persistence,24,4,neural_gate,0.016321248510655435,1,0.11716876178979874,3
ETTh2,persistence,24,4,neural_gate_refit,0.01754159947438183,1,0.20826268196105957,3
